date,tasks_created,overdue_last_3d,high_priority,avg_duration,active_today,label_zaval
2025-05-01,4,0,2,2.67,4,0
2025-05-02,1,0,1,4.97,5,0
2025-05-03,2,0,0,4.91,2,0
2025-05-04,2,4,5,3.63,11,1
2025-05-05,3,5,4,2.31,11,1
2025-05-06,2,5,3,3.82,11,1
2025-05-07,1,1,1,4.45,3,0
2025-05-08,1,1,2,2.86,5,0
2025-05-09,3,1,0,1.55,5,0
2025-05-10,4,2,2,1.91,4,0
2025-05-11,5,1,0,4.16,6,0
2025-05-12,3,2,2,4.64,2,0
2025-05-13,7,1,0,1.87,6,0
2025-05-14,2,4,4,4.67,10,1
2025-05-15,2,5,4,3.29,8,1
2025-05-16,2,0,0,2.27,4,0
2025-05-17,4,1,0,1.63,3,0
2025-05-18,6,1,2,1.78,6,0
2025-05-19,6,4,3,4.5,11,1
2025-05-20,4,2,1,3.31,4,0
2025-05-21,7,0,0,1.83,3,0
2025-05-22,10,2,2,2.8,2,0
2025-05-23,4,1,1,3.23,3,0
2025-05-24,4,2,2,3.56,2,0
2025-05-25,5,2,2,3.5,3,0
2025-05-26,2,4,3,4.75,9,1
2025-05-27,3,0,2,2.44,4,0
2025-05-28,2,1,2,3.85,3,0
2025-05-29,9,4,4,3.26,9,1
2025-05-30,2,0,1,3.03,5,0
2025-05-31,3,1,2,2.56,6,0
2025-06-01,4,0,0,1.96,5,0
2025-06-02,2,2,0,4.87,4,0
2025-06-03,3,0,0,2.14,3,0
2025-06-04,4,0,2,1.55,6,0
2025-06-05,2,3,4,4.17,9,1
2025-06-06,3,0,1,2.81,6,0
2025-06-07,1,0,0,3.75,6,1
2025-06-08,7,2,1,1.74,4,0
2025-06-09,5,5,4,3.24,10,1
2025-06-10,6,1,0,4.97,4,0
2025-06-11,4,2,2,3.37,6,0
2025-06-12,1,0,2,4.67,4,1
2025-06-13,4,1,2,3.85,5,0
2025-06-14,6,0,2,4.89,6,0
2025-06-15,3,0,0,3.3,6,0
2025-06-16,5,0,0,2.82,5,0
2025-06-17,1,5,5,3.14,9,1
2025-06-18,5,3,5,3.35,8,1
2025-06-19,4,1,0,3.44,6,0
2025-06-20,3,0,0,2.48,2,0
2025-06-21,3,0,1,2.76,5,0
2025-06-22,7,2,0,3.65,2,0
2025-06-23,5,1,2,4.12,6,0
2025-06-24,3,0,0,4.53,2,0
2025-06-25,5,1,2,2.38,6,0
2025-06-26,3,3,3,3.32,11,1
2025-06-27,5,2,1,2.97,5,0
2025-06-28,5,2,2,3.42,5,0
2025-06-29,5,1,2,3.11,3,0
2025-06-30,5,0,1,3.94,4,0
2025-07-01,6,0,2,1.61,4,0
2025-07-02,2,1,1,1.82,3,0
2025-07-03,0,1,2,4.54,6,1
2025-07-04,3,2,2,2.02,3,0
2025-07-05,3,2,1,2.35,4,0
2025-07-06,3,1,2,2.7,2,0
2025-07-07,4,0,0,1.95,3,0
2025-07-08,4,1,1,2.04,4,0
2025-07-09,3,5,4,1.56,9,1
2025-07-10,2,2,1,4.91,3,0
2025-07-11,4,1,0,2.63,3,0
2025-07-12,3,0,2,3.18,2,0
2025-07-13,3,4,4,2.39,8,1
2025-07-14,5,0,0,2.93,4,0
2025-07-15,5,1,2,4.3,4,0
2025-07-16,6,5,5,3.12,9,1
2025-07-17,6,2,2,4.79,2,0
2025-07-18,7,2,2,2.22,6,0
2025-07-19,2,1,0,2.89,6,0
2025-07-20,0,5,3,3.59,9,1
2025-07-21,4,1,2,3.12,4,0
2025-07-22,1,3,4,4.55,9,1
2025-07-23,3,0,0,1.86,3,0
2025-07-24,7,0,1,1.69,6,0
2025-07-25,4,0,1,3.18,2,0
2025-07-26,3,2,2,2.59,4,0
2025-07-27,6,4,4,2.55,8,1
2025-07-28,3,1,2,1.63,4,0
2025-07-29,5,1,0,2.14,4,0
2025-07-30,2,1,1,2.05,4,0
2025-07-31,2,0,0,1.86,4,0
2025-08-01,2,3,5,4.49,11,1
2025-08-02,2,0,1,3.72,6,0
2025-08-03,7,0,2,4.41,5,0
2025-08-04,5,0,1,4.63,6,0
2025-08-05,3,2,0,4.42,2,0
2025-08-06,1,0,1,1.91,6,0
2025-08-07,3,3,3,2.42,8,1
2025-08-08,7,5,4,4.86,11,1
2025-08-09,4,3,5,3.64,9,1
2025-08-10,3,2,2,4.45,6,0
2025-08-11,2,2,1,4.05,2,0
2025-08-12,6,1,0,4.71,4,0
2025-08-13,8,2,0,2.27,5,0
2025-08-14,3,2,1,3.94,2,0
2025-08-15,5,1,2,3.59,6,0
2025-08-16,6,4,5,4.08,8,1
2025-08-17,1,0,1,4.55,5,1
2025-08-18,1,0,1,1.68,4,1
2025-08-19,5,3,5,2.74,8,1
2025-08-20,1,4,4,4.96,8,1
2025-08-21,3,0,0,2.96,5,0
2025-08-22,4,2,1,2.31,6,0
2025-08-23,3,5,4,1.7,8,1
2025-08-24,7,0,0,3.68,4,0
2025-08-25,4,4,3,4.48,9,1
2025-08-26,3,5,3,3.94,8,1
2025-08-27,2,4,4,4.48,8,1
2025-08-28,7,1,0,4.48,4,0
2025-08-29,3,2,0,4.59,2,0
2025-08-30,3,2,2,4.36,3,0
2025-08-31,7,2,1,4.16,6,0
2025-09-01,3,2,2,2.55,6,0
2025-09-02,1,4,4,4.48,8,1
2025-09-03,3,2,0,1.58,5,0
2025-09-04,0,2,2,2.06,3,0
2025-09-05,4,2,0,3.88,2,0
2025-09-06,3,3,4,4.88,11,1
2025-09-07,3,0,2,1.61,4,0
2025-09-08,7,2,2,1.61,5,0
2025-09-09,0,1,2,3.59,2,0
2025-09-10,3,3,4,4.29,11,1
2025-09-11,2,0,0,3.6,6,0
2025-09-12,2,0,1,2.35,2,0
2025-09-13,2,4,4,2.64,11,1
2025-09-14,3,0,0,4.92,6,0
2025-09-15,1,2,1,3.73,3,0
2025-09-16,8,4,3,3.44,10,1
2025-09-17,1,1,1,3.04,4,0
2025-09-18,6,0,0,2.07,6,1
2025-09-19,3,0,0,1.61,4,0
2025-09-20,5,1,0,4.53,3,0
2025-09-21,6,0,1,3.68,5,0
2025-09-22,4,2,1,4.49,5,0
2025-09-23,3,3,5,2.87,9,1
2025-09-24,0,1,2,3.56,6,0
2025-09-25,5,2,2,3.07,4,0
2025-09-26,6,0,1,4.52,5,0
2025-09-27,2,1,1,3.74,3,0
2025-09-28,2,5,3,4.95,8,1
2025-09-29,5,2,1,3.36,3,0
2025-09-30,4,4,4,4.54,11,1
2025-10-01,2,4,3,2.35,10,1
2025-10-02,7,2,0,2.72,5,0
2025-10-03,7,2,0,3.84,2,0
2025-10-04,5,0,2,3.63,4,0
2025-10-05,3,0,0,3.61,2,0
2025-10-06,6,1,0,3.34,4,0
2025-10-07,5,2,2,4.84,3,0
2025-10-08,2,0,0,2.5,4,0
2025-10-09,5,2,1,4.51,5,0
2025-10-10,3,5,3,4.36,9,1
2025-10-11,0,0,1,3.73,4,0
2025-10-12,5,1,0,2.56,3,0
2025-10-13,3,2,1,2.09,2,0
2025-10-14,2,2,0,2.22,2,0
2025-10-15,5,3,3,4.01,8,1
2025-10-16,6,2,1,2.9,4,0
2025-10-17,4,2,0,3.57,2,0
2025-10-18,6,4,5,3.47,9,1
2025-10-19,4,0,0,2.55,2,0
2025-10-20,2,1,0,4.19,5,0
2025-10-21,5,1,1,1.91,3,0
2025-10-22,5,0,0,3.3,3,0
2025-10-23,4,1,0,4.57,5,0
2025-10-24,1,2,1,2.04,2,0
2025-10-25,4,1,1,4.64,2,0
2025-10-26,4,2,0,1.78,2,0
2025-10-27,3,3,5,1.56,9,1
2025-10-28,3,2,2,4.14,4,0
2025-10-29,1,5,5,2.56,8,1
2025-10-30,6,3,5,4.6,11,1
2025-10-31,4,0,2,2.96,4,0
2025-11-01,5,5,3,2.2,9,1
2025-11-02,4,3,5,2.03,8,1
2025-11-03,5,1,2,3.81,2,0
2025-11-04,6,0,0,2.29,3,0
2025-11-05,3,0,2,1.8,6,0
2025-11-06,8,5,3,3.42,8,1
2025-11-07,5,1,1,2.39,5,0
2025-11-08,3,3,4,4.93,10,1
2025-11-09,1,0,2,1.89,5,0
2025-11-10,2,5,4,4.75,11,1
2025-11-11,8,2,1,4.45,2,0
2025-11-12,3,2,1,3.9,4,1
2025-11-13,6,2,2,4.56,5,0
2025-11-14,0,2,1,2.36,3,0
2025-11-15,4,2,1,2.74,3,0
2025-11-16,2,1,1,4.12,3,0
2025-11-17,7,2,2,3.93,4,1
2025-11-18,4,0,0,2.29,5,0
2025-11-19,1,4,4,2.63,9,1
2025-11-20,6,2,1,4.07,6,0
2025-11-21,7,0,2,2.93,5,0
2025-11-22,3,0,1,1.58,6,0
2025-11-23,3,3,5,2.82,8,1
2025-11-24,5,0,0,4.23,3,1
2025-11-25,2,4,3,2.49,10,1
2025-11-26,6,4,5,2.05,10,1
2025-11-27,4,2,1,2.33,3,0
2025-11-28,2,2,2,4.06,6,0
2025-11-29,4,5,5,2.14,9,1
2025-11-30,4,3,5,2.91,9,1
2025-12-01,3,2,1,2.08,2,0
2025-12-02,5,1,1,2.75,3,0
2025-12-03,4,0,2,4.57,6,0
2025-12-04,4,2,0,2.7,2,0
2025-12-05,2,2,1,3.04,5,0
2025-12-06,5,3,3,3.45,8,1
2025-12-07,4,5,3,2.77,10,1
2025-12-08,6,2,0,3.2,5,0
2025-12-09,2,1,1,3.46,3,0
2025-12-10,4,1,1,4.16,6,0
2025-12-11,4,0,0,1.81,3,0
2025-12-12,8,1,0,1.94,4,0
2025-12-13,3,2,2,2.69,2,0
2025-12-14,1,5,5,3.79,8,1
2025-12-15,6,0,2,3.06,2,0
2025-12-16,3,1,2,4.09,4,0
2025-12-17,3,3,5,4.87,9,1
2025-12-18,4,2,2,1.84,2,0
2025-12-19,1,3,4,4.06,10,1
2025-12-20,6,2,1,3.0,2,0
2025-12-21,3,0,2,1.83,6,0
2025-12-22,1,0,1,1.79,2,0
2025-12-23,6,2,0,3.29,4,0
2025-12-24,5,0,2,2.39,5,0
2025-12-25,4,1,2,3.64,4,0
2025-12-26,4,3,3,3.12,9,1
2025-12-27,1,1,1,4.36,4,0
2025-12-28,6,0,2,2.88,4,0
2025-12-29,5,0,0,3.73,6,1
2025-12-30,5,5,3,3.59,10,1
2025-12-31,3,0,0,3.88,5,0
2026-01-01,1,1,1,2.04,3,0
2026-01-02,2,0,1,1.54,6,0
2026-01-03,6,3,5,2.86,8,1
2026-01-04,8,2,0,3.54,2,0
2026-01-05,2,0,2,4.62,3,0
2026-01-06,1,3,4,2.85,11,1
2026-01-07,5,2,0,3.91,2,0
2026-01-08,1,2,2,2.23,4,0
2026-01-09,2,2,1,4.42,4,0
2026-01-10,4,2,2,1.61,5,0
2026-01-11,6,0,0,2.18,2,1
2026-01-12,3,0,2,3.69,5,0
2026-01-13,5,0,2,4.48,5,0
2026-01-14,3,2,2,4.11,6,0
2026-01-15,6,3,4,2.81,9,1
2026-01-16,7,3,4,3.61,11,1
2026-01-17,3,2,0,4.46,4,0
2026-01-18,2,4,5,4.07,10,1
2026-01-19,8,1,0,4.97,4,0
2026-01-20,8,2,1,3.65,4,1
2026-01-21,2,1,1,1.89,5,0
2026-01-22,3,1,0,4.45,6,0
2026-01-23,3,1,1,4.31,3,0
2026-01-24,4,2,1,2.25,6,0
2026-01-25,3,2,0,2.35,3,0
2026-01-26,3,2,1,2.49,5,0
2026-01-27,2,2,0,4.24,5,0
2026-01-28,3,0,2,4.76,3,0
2026-01-29,7,3,5,3.9,9,1
2026-01-30,1,0,2,2.08,2,0
2026-01-31,6,0,2,3.24,2,0
2026-02-01,2,2,2,4.51,3,0
2026-02-02,6,2,1,1.98,2,0
2026-02-03,4,1,0,1.7,5,0
2026-02-04,0,2,0,2.83,3,0
2026-02-05,4,4,4,3.12,10,1
2026-02-06,5,1,1,1.56,2,0
2026-02-07,5,1,0,3.82,6,0
2026-02-08,4,2,0,4.65,4,0
2026-02-09,6,1,0,4.87,5,1
2026-02-10,8,2,1,3.75,5,0
2026-02-11,3,1,1,4.76,5,0
2026-02-12,8,4,3,2.13,9,1
2026-02-13,6,2,1,3.81,6,0
2026-02-14,3,2,1,2.25,2,1
2026-02-15,8,5,3,2.31,10,1
2026-02-16,3,0,2,1.53,5,0
2026-02-17,2,1,2,3.3,4,0
2026-02-18,3,5,3,2.89,8,1
2026-02-19,7,2,0,4.26,2,0
2026-02-20,4,2,1,4.44,5,0
2026-02-21,6,3,3,4.16,9,1
2026-02-22,6,5,5,3.57,10,1
2026-02-23,1,5,5,1.74,9,1
2026-02-24,2,0,0,4.04,4,0
2026-02-25,2,2,1,4.76,2,0
2026-02-26,2,0,0,4.91,6,0
2026-02-27,1,0,2,2.59,4,0
2026-02-28,5,0,0,2.8,6,0
2026-03-01,3,2,1,4.14,6,1
2026-03-02,2,4,3,3.61,8,1
2026-03-03,6,3,5,2.13,8,1
2026-03-04,6,4,3,2.67,10,1
2026-03-05,5,2,0,4.25,2,0
2026-03-06,4,2,2,3.46,5,0
2026-03-07,3,0,0,4.87,4,0
2026-03-08,6,2,2,2.6,3,0
2026-03-09,0,2,2,3.86,4,1
2026-03-10,5,1,0,2.36,4,0
2026-03-11,2,3,5,4.81,9,1
2026-03-12,6,1,2,3.08,4,0
2026-03-13,5,4,3,2.42,11,1
2026-03-14,5,3,5,4.74,11,1
2026-03-15,4,3,4,4.88,11,1
2026-03-16,4,4,3,2.11,8,1
2026-03-17,7,3,4,1.55,8,1
2026-03-18,5,0,0,3.83,5,0
2026-03-19,6,1,2,3.56,5,0
2026-03-20,3,1,1,4.69,5,1
2026-03-21,1,1,0,3.11,4,0
2026-03-22,5,2,1,3.3,3,0
2026-03-23,6,2,1,1.62,3,0
2026-03-24,5,1,2,4.39,4,0
2026-03-25,3,0,0,2.24,5,0
2026-03-26,2,1,1,1.75,2,0
2026-03-27,3,2,2,4.74,6,0
2026-03-28,7,0,0,3.27,6,0
2026-03-29,3,0,0,4.28,2,0
2026-03-30,0,2,1,2.54,2,0
2026-03-31,1,1,2,4.02,6,0
2026-04-01,4,1,1,3.72,2,0
2026-04-02,2,4,5,2.67,9,1
2026-04-03,5,2,0,3.25,2,0
2026-04-04,6,1,0,4.18,6,0
2026-04-05,0,2,0,4.27,2,1
2026-04-06,8,2,0,1.95,6,0
2026-04-07,4,0,2,4.31,4,0
2026-04-08,6,4,4,4.96,11,1
2026-04-09,3,3,5,1.74,9,1
2026-04-10,7,2,2,1.86,3,1
2026-04-11,6,0,1,4.1,3,0
2026-04-12,7,4,3,3.16,9,1
2026-04-13,4,1,2,2.16,2,1
2026-04-14,6,2,1,3.35,3,0
2026-04-15,6,1,0,1.81,4,0
2026-04-16,3,0,0,3.83,6,0
2026-04-17,4,2,2,3.97,6,0
2026-04-18,4,2,0,2.94,4,0
2026-04-19,1,5,3,1.78,10,1
2026-04-20,3,1,1,1.52,3,0
2026-04-21,6,0,1,3.59,4,0
2026-04-22,8,2,0,2.77,4,0
2026-04-23,5,5,3,3.73,11,1
2026-04-24,3,2,1,4.23,3,0
2026-04-25,6,1,1,4.09,4,1
2026-04-26,7,0,1,4.08,2,0
2026-04-27,6,2,2,2.72,5,0
2026-04-28,2,0,1,2.24,6,0
2026-04-29,4,1,1,1.53,5,0
2026-04-30,2,3,4,3.86,11,1
2026-05-01,4,3,4,1.85,9,1
2026-05-02,4,2,1,2.11,6,0
2026-05-03,3,2,2,4.04,3,0
2026-05-04,6,0,2,3.21,3,0
2026-05-05,5,1,2,1.94,5,0
2026-05-06,8,0,1,4.49,4,0
2026-05-07,6,2,0,4.79,3,0
2026-05-08,4,2,2,4.56,6,0
2026-05-09,2,3,3,2.31,10,1
2026-05-10,3,3,5,2.52,8,1
2026-05-11,1,4,5,4.2,10,1
2026-05-12,8,2,1,3.76,3,0
2026-05-13,1,1,2,3.43,6,0
2026-05-14,2,0,2,4.04,4,0
2026-05-15,4,2,1,4.2,5,0
2026-05-16,3,0,2,2.49,3,0
2026-05-17,7,3,5,4.6,9,1
2026-05-18,5,1,0,4.28,4,0
2026-05-19,5,5,3,1.72,9,1
2026-05-20,3,5,5,1.71,9,1
2026-05-21,4,1,2,4.53,4,0
2026-05-22,5,2,2,2.15,3,0
2026-05-23,4,0,1,3.59,6,0
2026-05-24,1,3,4,2.26,8,1
2026-05-25,6,5,4,4.39,8,1
2026-05-26,2,0,1,3.55,6,0
2026-05-27,7,1,0,2.98,5,0
2026-05-28,1,4,3,1.68,11,1
2026-05-29,6,2,1,2.73,6,0
2026-05-30,5,0,1,1.99,3,0
2026-05-31,1,0,0,3.88,6,1
2026-06-01,4,1,1,4.75,6,0
2026-06-02,3,5,5,2.31,10,1
2026-06-03,2,1,0,2.74,6,0
2026-06-04,1,1,0,4.68,5,0
2026-06-05,3,3,4,2.6,10,1
2026-06-06,2,2,2,2.6,3,1
2026-06-07,2,2,1,4.8,4,0
2026-06-08,4,3,5,3.51,9,1
2026-06-09,5,2,2,4.5,4,0
2026-06-10,5,0,1,2.57,4,0
2026-06-11,3,3,5,2.1,8,1
2026-06-12,2,0,1,1.56,3,0
2026-06-13,4,1,1,2.48,4,0
2026-06-14,2,4,4,1.6,10,1
2026-06-15,4,1,0,1.52,5,1
2026-06-16,4,2,2,4.36,5,0
2026-06-17,2,4,3,4.13,10,1
2026-06-18,3,3,3,3.5,8,1
2026-06-19,4,2,2,2.1,5,0
2026-06-20,5,2,2,2.3,3,0
2026-06-21,2,5,5,1.66,8,1
2026-06-22,2,2,0,3.06,3,0
2026-06-23,6,4,4,3.0,10,1
2026-06-24,2,0,1,1.85,6,0
2026-06-25,6,2,0,1.71,2,0
2026-06-26,6,5,3,2.47,10,1
2026-06-27,6,0,1,1.93,5,0
2026-06-28,3,4,4,1.79,8,1
2026-06-29,8,5,4,1.59,8,1
2026-06-30,4,1,1,4.0,6,0
2026-07-01,5,0,0,4.74,2,0
2026-07-02,5,5,5,1.83,9,1
2026-07-03,4,2,1,1.5,6,0
2026-07-04,4,2,1,2.83,6,0
2026-07-05,2,0,2,4.96,2,0
2026-07-06,5,1,2,3.89,5,0
2026-07-07,8,5,5,1.59,8,1
2026-07-08,4,5,3,3.17,8,1
2026-07-09,5,0,2,3.24,4,0
2026-07-10,3,4,3,4.63,9,1
2026-07-11,5,5,3,2.61,11,1
2026-07-12,6,3,3,3.43,9,1
2026-07-13,2,1,2,3.27,2,0
2026-07-14,3,0,2,2.86,5,0
2026-07-15,6,1,1,2.91,2,0
2026-07-16,2,3,4,3.43,11,1
2026-07-17,2,0,0,3.35,4,0
2026-07-18,2,0,1,3.01,5,0
2026-07-19,4,4,4,4.4,11,1
2026-07-20,4,0,2,1.64,6,0
2026-07-21,0,2,1,4.63,6,0
2026-07-22,1,1,2,2.29,2,0
2026-07-23,1,1,2,2.16,6,0
2026-07-24,4,1,0,4.3,5,0
2026-07-25,1,1,1,2.37,2,0
2026-07-26,2,5,5,3.62,8,1
2026-07-27,3,2,1,2.15,4,0
2026-07-28,5,1,2,1.59,6,0
2026-07-29,4,2,0,4.66,5,0
2026-07-30,1,1,2,1.94,2,0
2026-07-31,4,0,0,2.5,4,0
2026-08-01,2,5,5,2.67,11,1
2026-08-02,4,4,5,1.84,9,1
2026-08-03,3,5,4,3.03,9,1
2026-08-04,5,2,2,2.93,4,0
2026-08-05,5,4,5,2.13,9,1
2026-08-06,4,2,1,3.71,4,0
2026-08-07,3,2,2,2.56,6,0
2026-08-08,3,1,0,2.6,4,0
2026-08-09,2,5,5,2.66,9,1
2026-08-10,4,0,2,2.97,6,0
2026-08-11,3,0,1,2.62,3,0
2026-08-12,3,3,5,3.32,8,1
2026-08-13,9,0,0,2.44,2,0
2026-08-14,4,4,3,4.03,8,1
2026-08-15,0,0,1,2.76,5,0
2026-08-16,3,0,0,3.97,2,0
2026-08-17,5,2,1,2.31,6,0
2026-08-18,1,5,3,2.96,8,1
2026-08-19,5,0,2,2.81,3,0
2026-08-20,4,5,4,2.22,11,1
2026-08-21,3,1,2,1.52,3,0
2026-08-22,4,0,2,1.59,2,0
2026-08-23,7,1,2,3.92,3,0
2026-08-24,3,0,2,1.72,2,0
2026-08-25,7,5,4,3.97,11,1
2026-08-26,5,1,2,2.18,4,0
2026-08-27,8,0,1,3.97,5,0
2026-08-28,2,5,4,2.72,9,1
2026-08-29,7,2,2,1.7,4,0
2026-08-30,4,0,1,4.94,3,0
2026-08-31,7,4,3,2.47,11,1
2026-09-01,4,3,5,2.82,9,1
2026-09-02,1,0,0,4.7,3,0
2026-09-03,4,2,0,3.29,4,0
2026-09-04,3,0,1,4.13,2,0
2026-09-05,6,1,1,3.37,6,1
2026-09-06,5,1,1,1.52,3,0
2026-09-07,4,5,4,3.38,11,1
2026-09-08,5,4,5,2.66,8,1
2026-09-09,8,5,4,1.57,11,1
2026-09-10,2,0,0,4.08,6,0
2026-09-11,7,1,1,2.82,5,0
2026-09-12,4,2,2,3.76,3,0
2026-09-13,3,1,2,2.41,3,0
2026-09-14,3,0,2,4.93,4,0
2026-09-15,5,1,2,4.33,4,1
2026-09-16,4,1,1,2.19,3,0
2026-09-17,4,3,5,1.88,9,1
2026-09-18,1,2,0,2.61,5,1
2026-09-19,1,2,0,2.54,2,1
2026-09-20,3,1,0,4.88,5,0
2026-09-21,3,0,1,4.71,6,0
2026-09-22,5,0,0,3.13,5,0
2026-09-23,6,1,0,4.17,3,0
2026-09-24,8,2,0,2.91,3,0
2026-09-25,4,0,2,3.59,5,0
2026-09-26,6,5,5,3.66,11,1
2026-09-27,2,1,0,2.75,5,0
2026-09-28,7,1,2,2.12,4,0
2026-09-29,5,1,1,4.22,6,0
2026-09-30,4,5,4,1.65,8,1
2026-10-01,7,2,1,4.04,3,0
2026-10-02,1,2,0,3.98,5,0
2026-10-03,7,1,0,3.35,4,0
2026-10-04,7,1,0,1.74,5,0
2026-10-05,2,0,0,2.68,3,0
2026-10-06,2,3,5,2.68,9,1
2026-10-07,2,3,4,1.87,10,1
2026-10-08,3,1,2,1.92,3,1
2026-10-09,4,4,5,2.88,8,1
2026-10-10,3,2,1,2.78,6,1
2026-10-11,6,2,1,2.21,3,0
2026-10-12,5,4,3,4.48,8,1
2026-10-13,5,1,2,2.88,5,0
2026-10-14,3,2,1,4.02,5,0
2026-10-15,4,2,1,2.29,5,0
2026-10-16,5,3,3,4.95,11,1
2026-10-17,1,2,0,4.36,3,0
2026-10-18,7,3,4,4.78,11,1
2026-10-19,4,3,5,2.59,11,1
2026-10-20,7,1,2,4.54,3,0
2026-10-21,5,2,0,1.7,3,0
2026-10-22,2,2,1,4.6,2,0
2026-10-23,3,1,2,3.92,5,0
2026-10-24,5,5,5,4.01,11,1
2026-10-25,6,1,1,4.04,5,0
2026-10-26,3,4,3,3.14,11,1
2026-10-27,4,1,0,1.53,3,1
2026-10-28,2,1,0,3.08,3,0
2026-10-29,3,2,0,1.58,2,0
2026-10-30,1,5,3,4.24,11,1
2026-10-31,6,4,3,3.65,9,1
2026-11-01,3,1,2,3.53,5,0
2026-11-02,2,3,3,2.04,8,1
2026-11-03,2,1,0,4.88,5,0
2026-11-04,0,0,0,4.34,2,0
2026-11-05,2,5,4,3.37,9,1
2026-11-06,5,2,0,4.92,6,0
2026-11-07,7,0,0,2.85,5,0
2026-11-08,4,2,0,3.27,4,0
2026-11-09,4,4,5,4.55,11,1
2026-11-10,3,4,5,3.53,9,1
2026-11-11,6,2,2,2.11,4,0
2026-11-12,2,3,4,2.6,10,1
2026-11-13,6,0,1,3.88,3,0
2026-11-14,3,2,2,4.45,3,1
2026-11-15,2,1,2,2.2,4,0
2026-11-16,3,1,1,3.28,2,0
2026-11-17,4,2,2,3.01,4,1
2026-11-18,5,0,2,2.12,2,0
2026-11-19,5,2,2,3.82,4,0
2026-11-20,0,0,0,2.41,6,0
2026-11-21,2,0,1,3.07,3,0
2026-11-22,2,2,0,4.75,3,0
2026-11-23,3,2,1,3.25,3,0
2026-11-24,2,4,5,3.02,8,1
2026-11-25,3,4,5,3.55,9,1
2026-11-26,5,1,1,1.76,6,0
2026-11-27,6,5,4,4.08,10,1
2026-11-28,6,3,4,2.28,10,1
2026-11-29,4,1,1,3.78,3,0
2026-11-30,1,1,2,3.57,4,0
2026-12-01,8,1,1,4.12,6,0
2026-12-02,1,1,0,1.99,4,0
2026-12-03,6,2,2,3.06,6,0
2026-12-04,3,2,1,2.7,6,0
2026-12-05,5,4,4,1.94,8,1
2026-12-06,4,1,2,4.07,6,0
2026-12-07,6,2,0,1.77,6,0
2026-12-08,2,0,2,3.81,6,0
2026-12-09,2,2,0,3.53,2,0
2026-12-10,2,2,1,4.72,5,0
2026-12-11,3,5,3,4.14,10,1
2026-12-12,1,2,0,4.94,4,0
2026-12-13,4,5,5,4.67,10,1
2026-12-14,3,4,3,4.36,11,1
2026-12-15,3,2,0,4.07,3,0
2026-12-16,2,0,1,2.26,3,1
2026-12-17,7,3,4,4.93,9,1
2026-12-18,5,2,1,3.01,4,0
2026-12-19,7,0,1,1.51,3,0
2026-12-20,3,1,1,4.64,6,0
2026-12-21,1,1,1,4.68,3,0
2026-12-22,6,0,0,4.92,6,0
2026-12-23,3,4,5,1.82,9,1
2026-12-24,4,2,1,1.75,5,1
2026-12-25,5,5,4,2.76,11,1
2026-12-26,8,2,2,3.71,4,0
2026-12-27,3,4,4,3.27,8,1
2026-12-28,3,3,5,3.91,11,1
2026-12-29,1,1,2,2.98,4,0
2026-12-30,3,2,0,3.52,3,0
2026-12-31,5,0,2,3.2,2,0
2027-01-01,5,1,1,4.7,3,0
2027-01-02,2,2,2,3.68,4,0
2027-01-03,5,2,0,4.95,5,0
2027-01-04,5,3,5,4.9,10,1
2027-01-05,2,3,4,4.96,11,1
2027-01-06,2,2,2,2.94,3,0
2027-01-07,7,4,3,4.1,11,1
2027-01-08,6,3,5,4.2,9,1
2027-01-09,4,0,0,4.32,4,0
2027-01-10,6,5,3,3.26,10,1
2027-01-11,2,3,5,4.84,10,1
2027-01-12,5,2,0,2.1,5,0
2027-01-13,4,0,0,1.92,4,0
2027-01-14,3,0,1,2.96,2,0
2027-01-15,2,1,1,3.68,5,0
2027-01-16,4,0,2,3.58,6,0
2027-01-17,5,1,1,4.83,6,0
2027-01-18,2,2,0,3.44,6,0
2027-01-19,4,1,0,2.34,4,0
2027-01-20,4,1,0,1.79,6,0
2027-01-21,3,2,0,3.82,2,0
2027-01-22,8,2,0,2.16,2,0
2027-01-23,3,4,4,1.62,11,1
2027-01-24,4,3,4,1.9,8,1
2027-01-25,5,5,5,2.2,10,1
2027-01-26,0,2,1,1.86,5,0
2027-01-27,5,2,2,1.83,3,1
2027-01-28,2,0,2,1.72,4,0
2027-01-29,4,3,4,4.05,10,1
2027-01-30,2,1,0,1.68,2,0
2027-01-31,1,5,5,4.59,9,1
2027-02-01,3,1,1,4.31,6,0
2027-02-02,1,4,5,2.2,9,1
2027-02-03,4,2,2,4.63,2,0
2027-02-04,6,3,4,4.76,11,1
2027-02-05,3,4,4,3.98,11,1
2027-02-06,1,4,5,4.85,11,1
2027-02-07,5,3,5,3.78,9,1
2027-02-08,3,2,2,2.95,6,0
2027-02-09,4,3,4,2.86,11,1
2027-02-10,6,3,5,1.68,10,1
2027-02-11,3,2,0,3.57,4,0
2027-02-12,5,3,5,3.49,9,1
2027-02-13,4,1,0,4.54,3,0
2027-02-14,5,2,1,3.05,3,0
2027-02-15,5,2,2,3.47,2,0
2027-02-16,2,4,5,3.05,8,1
2027-02-17,2,0,2,4.01,4,0
2027-02-18,3,1,1,3.76,2,0
2027-02-19,3,2,1,3.31,6,1
2027-02-20,4,1,1,3.13,3,0
2027-02-21,3,0,1,4.71,5,0
2027-02-22,5,4,5,3.36,8,1
2027-02-23,7,5,5,3.72,10,1
2027-02-24,5,4,4,4.56,10,1
2027-02-25,3,5,4,4.5,9,1
2027-02-26,6,0,2,2.68,3,0
2027-02-27,8,3,4,3.43,11,1
2027-02-28,4,5,3,2.0,11,1
2027-03-01,6,1,0,3.65,4,0
2027-03-02,7,4,3,4.81,11,1
2027-03-03,8,1,2,2.92,4,0
2027-03-04,2,4,5,3.97,10,1
2027-03-05,5,3,3,4.94,8,1
2027-03-06,5,0,2,4.46,5,0
2027-03-07,6,1,0,4.68,3,0
2027-03-08,3,2,1,2.27,6,0
2027-03-09,5,2,0,3.23,4,1
2027-03-10,5,2,1,1.59,3,0
2027-03-11,3,1,0,3.52,5,0
2027-03-12,4,0,0,3.73,6,0
2027-03-13,7,0,2,2.37,2,0
2027-03-14,4,5,5,4.72,10,1
2027-03-15,4,0,0,4.37,2,0
2027-03-16,2,2,2,1.86,4,0
2027-03-17,4,3,5,4.19,9,1
2027-03-18,7,1,1,3.1,4,0
2027-03-19,3,4,4,3.24,9,1
2027-03-20,4,4,4,3.0,10,1
2027-03-21,6,2,1,1.75,3,0
2027-03-22,4,0,1,3.63,2,0
2027-03-23,4,1,1,2.8,2,0
2027-03-24,6,1,2,4.33,3,0
2027-03-25,4,2,2,2.36,5,0
2027-03-26,4,0,0,2.31,3,0
2027-03-27,2,0,2,4.25,4,1
2027-03-28,0,1,1,1.54,5,0
2027-03-29,3,3,3,4.17,8,1
2027-03-30,6,2,0,3.31,6,0
2027-03-31,3,3,5,3.59,8,1
2027-04-01,6,0,2,4.55,3,0
2027-04-02,0,5,4,2.59,9,1
2027-04-03,8,2,1,4.39,2,0
2027-04-04,3,0,0,1.85,2,0
2027-04-05,6,2,0,1.69,4,0
2027-04-06,8,1,0,4.34,2,0
2027-04-07,5,3,3,2.78,11,1
2027-04-08,7,0,2,3.28,5,0
2027-04-09,4,2,2,4.97,2,0
2027-04-10,4,1,0,2.57,4,0
2027-04-11,4,3,3,2.17,10,1
2027-04-12,5,0,0,2.75,2,0
2027-04-13,4,0,0,1.9,4,0
2027-04-14,1,0,2,3.75,6,0
2027-04-15,5,3,3,2.52,9,1
2027-04-16,7,5,4,2.49,10,1
2027-04-17,2,1,1,4.82,3,0
2027-04-18,4,0,1,1.75,3,0
2027-04-19,4,1,0,3.14,4,0
2027-04-20,7,2,0,4.45,2,0
2027-04-21,4,2,2,2.09,5,0
2027-04-22,5,0,2,1.64,3,0
2027-04-23,3,0,0,3.83,2,0
2027-04-24,5,2,0,4.43,4,0
2027-04-25,5,0,2,1.77,2,0
2027-04-26,4,1,0,4.95,3,0
2027-04-27,5,3,4,3.38,11,1
2027-04-28,5,0,0,2.22,4,0
2027-04-29,5,0,0,2.91,4,0
2027-04-30,2,5,4,3.24,8,1
2027-05-01,0,5,5,1.57,8,1
2027-05-02,5,0,1,4.18,6,0
2027-05-03,2,2,0,1.82,4,0
2027-05-04,4,0,2,4.89,5,0
2027-05-05,6,2,1,1.87,5,0
2027-05-06,0,3,5,3.95,8,1
2027-05-07,4,3,3,2.47,11,1
2027-05-08,4,2,1,4.53,3,0
2027-05-09,3,0,1,3.68,4,0
2027-05-10,5,1,0,4.38,6,0
2027-05-11,5,0,0,4.51,5,0
2027-05-12,4,3,3,4.97,10,1
2027-05-13,4,1,0,3.15,2,0
2027-05-14,5,4,4,1.96,11,1
2027-05-15,3,1,1,4.77,4,0
2027-05-16,6,5,5,1.86,10,1
2027-05-17,7,3,5,3.49,10,1
2027-05-18,4,2,0,3.94,6,0
2027-05-19,2,1,1,3.84,5,0
2027-05-20,9,3,3,4.36,8,1
2027-05-21,3,1,2,2.62,6,0
2027-05-22,4,2,1,3.5,3,1
2027-05-23,8,3,3,3.75,10,1
2027-05-24,3,2,0,3.01,4,0
2027-05-25,2,1,2,4.88,4,0
2027-05-26,5,2,1,3.63,6,0
2027-05-27,3,5,5,2.25,9,1
2027-05-28,4,0,2,4.86,6,0
2027-05-29,6,1,1,1.65,2,0
2027-05-30,4,1,0,2.44,5,0
2027-05-31,6,1,0,3.61,6,0
2027-06-01,7,5,4,2.49,11,1
2027-06-02,5,2,0,1.56,6,0
2027-06-03,3,0,2,3.84,5,0
2027-06-04,4,3,5,4.52,9,1
2027-06-05,4,3,4,2.79,11,1
2027-06-06,4,5,4,4.36,10,1
2027-06-07,2,2,0,3.74,4,1
2027-06-08,5,5,3,4.62,9,1
2027-06-09,4,1,2,4.99,2,0
2027-06-10,5,2,1,4.36,5,1
2027-06-11,2,0,1,4.55,2,0
2027-06-12,2,1,0,4.57,5,0
2027-06-13,3,0,2,1.75,6,0
2027-06-14,1,5,4,3.45,8,1
2027-06-15,3,2,1,4.87,3,0
2027-06-16,9,2,1,4.46,5,0
2027-06-17,6,3,5,2.88,8,1
2027-06-18,7,4,5,3.5,9,1
2027-06-19,5,0,2,3.82,6,0
2027-06-20,4,2,0,4.83,5,0
2027-06-21,5,1,2,1.92,5,0
2027-06-22,3,1,0,4.48,4,0
2027-06-23,3,1,0,4.25,4,0
2027-06-24,2,0,0,4.66,2,0
2027-06-25,6,3,3,3.78,8,1
2027-06-26,2,0,1,3.35,3,0
2027-06-27,2,2,2,3.08,3,0
2027-06-28,4,0,0,2.02,2,1
2027-06-29,2,2,0,2.05,2,0
2027-06-30,6,2,0,4.19,6,0
2027-07-01,4,2,1,4.78,5,0
2027-07-02,4,2,0,4.58,3,0
2027-07-03,5,2,0,1.62,2,0
2027-07-04,1,2,2,1.82,5,0
2027-07-05,2,1,1,4.73,3,0
2027-07-06,0,1,2,4.12,2,0
2027-07-07,4,5,5,4.34,8,1
2027-07-08,5,4,3,4.32,8,1
2027-07-09,4,1,0,3.91,3,0
2027-07-10,4,0,1,1.78,6,0
2027-07-11,7,0,0,4.73,2,0
2027-07-12,5,0,2,2.53,4,0
2027-07-13,5,0,0,1.5,6,0
2027-07-14,1,5,4,4.95,8,1
2027-07-15,4,0,0,3.65,5,0
2027-07-16,5,2,0,2.94,4,0
2027-07-17,2,1,2,2.2,4,0
2027-07-18,6,4,3,4.05,10,1
2027-07-19,2,5,3,4.69,11,1
2027-07-20,5,4,3,1.98,10,1
2027-07-21,0,4,5,3.51,11,1
2027-07-22,7,1,1,1.55,3,0
2027-07-23,4,3,4,4.06,9,1
2027-07-24,4,1,2,3.22,6,0
2027-07-25,5,0,2,4.97,6,0
2027-07-26,7,2,2,3.75,4,0
2027-07-27,3,2,1,3.7,5,1
2027-07-28,2,3,5,1.9,8,1
2027-07-29,3,0,1,4.89,3,0
2027-07-30,3,2,0,4.63,3,0
2027-07-31,2,2,1,1.95,4,0
2027-08-01,4,0,2,2.41,6,1
2027-08-02,5,5,3,3.91,8,1
2027-08-03,4,4,3,4.7,10,1
2027-08-04,4,1,0,4.02,3,0
2027-08-05,4,4,3,4.44,10,1
2027-08-06,9,0,2,2.31,5,0
2027-08-07,3,0,0,4.28,4,1
2027-08-08,2,5,4,4.8,9,1
2027-08-09,3,2,0,1.95,6,0
2027-08-10,3,2,0,3.43,5,0
2027-08-11,2,4,5,2.33,10,1
2027-08-12,2,1,2,2.66,3,0
2027-08-13,3,2,1,1.87,3,0
2027-08-14,3,0,2,3.46,3,0
2027-08-15,3,2,1,4.17,6,0
2027-08-16,4,2,1,4.25,4,1
2027-08-17,3,2,1,3.7,2,0
2027-08-18,2,0,2,3.32,6,0
2027-08-19,2,1,0,4.87,5,0
2027-08-20,1,4,3,3.43,9,1
2027-08-21,5,1,2,4.8,4,0
2027-08-22,4,4,4,4.03,11,1
2027-08-23,4,1,2,2.34,4,0
2027-08-24,1,0,0,4.54,4,0
2027-08-25,2,3,3,4.78,9,1
2027-08-26,2,1,2,2.31,5,0
2027-08-27,1,0,0,4.76,4,0
2027-08-28,1,1,1,2.57,2,0
2027-08-29,5,3,3,4.75,11,1
2027-08-30,4,1,2,3.56,6,0
2027-08-31,2,3,5,2.39,8,1
2027-09-01,0,1,1,2.65,3,0
2027-09-02,2,1,1,2.87,6,0
2027-09-03,7,1,1,2.14,3,0
2027-09-04,5,5,5,1.74,9,1
2027-09-05,1,0,1,3.63,4,0
2027-09-06,7,5,5,4.25,10,1
2027-09-07,3,3,3,4.4,11,1
2027-09-08,1,0,1,2.13,6,0
2027-09-09,6,2,2,2.1,3,1
2027-09-10,2,3,4,4.39,11,1
2027-09-11,8,3,5,4.25,10,1
2027-09-12,4,0,2,3.76,3,0
2027-09-13,8,3,4,1.54,11,1
2027-09-14,3,1,1,3.03,2,0
2027-09-15,3,2,1,3.3,3,0
2027-09-16,8,0,1,1.73,5,0
2027-09-17,5,0,2,1.51,6,0
2027-09-18,7,1,2,4.11,2,0
2027-09-19,3,1,2,4.55,4,1
2027-09-20,2,0,0,3.74,5,0
2027-09-21,5,3,3,2.35,8,1
2027-09-22,6,5,3,4.1,10,1
2027-09-23,3,0,1,4.87,4,1
2027-09-24,4,3,5,3.22,8,1
2027-09-25,3,5,3,2.13,10,1
2027-09-26,4,0,0,1.58,6,0
2027-09-27,4,2,1,4.89,3,0
2027-09-28,1,2,2,2.95,3,0
2027-09-29,3,5,3,3.38,8,1
2027-09-30,4,3,5,2.92,11,1
2027-10-01,6,1,2,3.81,5,0
2027-10-02,4,2,1,2.08,5,0
2027-10-03,7,1,2,4.72,5,0
2027-10-04,3,0,0,2.65,5,0
2027-10-05,2,4,4,4.32,10,1
2027-10-06,3,4,3,2.91,8,1
2027-10-07,3,2,0,1.5,4,0
2027-10-08,3,1,1,2.04,5,0
2027-10-09,4,0,0,1.55,3,0
2027-10-10,1,2,0,3.62,4,0
2027-10-11,1,2,2,2.93,3,0
2027-10-12,5,2,2,3.44,3,0
2027-10-13,5,2,0,3.04,5,0
2027-10-14,2,1,1,4.65,6,0
2027-10-15,4,2,1,3.24,6,0
2027-10-16,3,5,4,4.33,10,1
2027-10-17,5,5,3,1.59,9,1
2027-10-18,8,1,2,2.33,5,0
2027-10-19,8,2,2,4.59,4,0
2027-10-20,5,0,1,2.49,5,0
2027-10-21,3,0,2,2.06,5,0
2027-10-22,2,3,5,1.93,11,1
2027-10-23,4,4,3,2.65,11,1
2027-10-24,6,5,5,2.89,9,1
2027-10-25,1,3,5,3.37,10,1
2027-10-26,5,1,0,3.03,2,0
2027-10-27,3,4,5,1.99,10,1
2027-10-28,3,1,2,3.18,3,0
2027-10-29,4,1,1,1.63,6,0
2027-10-30,4,3,5,4.89,11,1
2027-10-31,4,1,1,3.79,4,1
2027-11-01,3,0,2,4.49,6,0
2027-11-02,4,1,0,3.24,4,0
2027-11-03,3,1,1,4.36,6,0
2027-11-04,5,1,2,3.85,6,1
2027-11-05,8,2,2,1.53,4,1
2027-11-06,2,1,1,1.99,4,0
2027-11-07,8,2,0,4.95,5,0
2027-11-08,1,1,1,2.0,3,0
2027-11-09,2,0,2,4.4,5,0
2027-11-10,3,2,1,2.1,2,0
2027-11-11,5,1,0,4.52,2,0
2027-11-12,4,1,0,3.47,6,0
2027-11-13,1,1,2,3.45,4,0
2027-11-14,5,2,1,3.93,4,0
2027-11-15,3,0,2,3.94,2,0
2027-11-16,5,1,0,4.83,2,0
2027-11-17,5,1,0,3.52,3,0
2027-11-18,1,1,1,2.39,2,1
2027-11-19,3,3,4,3.37,9,1
2027-11-20,4,5,3,3.99,9,1
2027-11-21,6,0,0,3.0,5,0
2027-11-22,5,0,2,4.44,3,0
2027-11-23,2,3,4,4.73,11,1
2027-11-24,5,2,2,1.87,3,0
2027-11-25,3,1,2,4.14,2,0
2027-11-26,2,3,4,1.62,8,1
2027-11-27,4,4,5,3.52,8,1
2027-11-28,5,2,2,2.43,3,0
2027-11-29,5,2,2,2.89,2,0
2027-11-30,7,0,1,2.38,6,0
2027-12-01,4,2,1,2.1,6,0
2027-12-02,4,1,0,3.24,6,0
2027-12-03,3,4,5,4.77,8,1
2027-12-04,3,0,2,2.43,6,0
2027-12-05,2,4,5,4.29,8,1
2027-12-06,4,2,0,4.05,2,1
2027-12-07,0,0,2,4.77,5,0
2027-12-08,4,2,1,4.56,5,0
2027-12-09,5,1,1,2.91,4,1
2027-12-10,5,2,2,3.26,6,0
2027-12-11,4,2,0,2.79,2,1
2027-12-12,7,5,3,2.2,11,1
2027-12-13,5,2,2,2.39,5,0
2027-12-14,1,1,2,2.48,2,0
2027-12-15,4,4,3,3.39,10,1
2027-12-16,7,4,3,2.28,11,1
2027-12-17,4,1,2,3.39,3,1
2027-12-18,4,3,5,4.06,8,1
2027-12-19,8,5,3,3.66,9,1
2027-12-20,4,0,1,4.33,4,0
2027-12-21,3,2,2,3.57,6,0
2027-12-22,5,0,2,2.89,2,0
2027-12-23,4,2,2,4.07,2,0
2027-12-24,3,3,4,4.32,8,1
2027-12-25,5,2,1,1.6,6,0
2027-12-26,4,2,0,1.75,3,0
2027-12-27,4,0,2,2.13,2,0
2027-12-28,3,5,4,3.28,8,1
2027-12-29,2,3,3,3.59,8,1
2027-12-30,0,4,4,2.25,8,1
2027-12-31,6,0,0,3.95,2,0
2028-01-01,2,3,4,3.1,8,1
2028-01-02,0,2,1,3.6,5,0
2028-01-03,4,4,3,3.86,11,1
2028-01-04,2,2,0,4.07,2,0
2028-01-05,5,0,1,2.09,4,0
2028-01-06,3,0,2,2.06,4,1
2028-01-07,0,1,2,3.01,2,0
2028-01-08,4,2,0,4.85,6,0
2028-01-09,3,1,1,1.64,5,0
2028-01-10,3,5,3,3.14,11,1
2028-01-11,4,0,1,3.11,5,0
2028-01-12,4,3,3,1.57,8,1
2028-01-13,2,1,2,2.71,2,0
2028-01-14,1,1,2,3.15,6,0
2028-01-15,4,5,5,3.28,9,1
2028-01-16,3,1,2,2.69,5,0
2028-01-17,4,0,2,4.0,3,0
2028-01-18,3,5,4,4.8,9,1
2028-01-19,4,2,1,2.89,5,0
2028-01-20,2,1,0,4.2,3,0
2028-01-21,2,3,3,2.03,8,1
2028-01-22,5,0,0,4.73,5,0
2028-01-23,4,5,3,4.98,8,1
2028-01-24,4,0,1,3.03,3,1
2028-01-25,4,0,1,3.56,3,0
2028-01-26,6,4,4,2.39,10,1
2028-01-27,2,3,4,3.97,8,1
2028-01-28,4,2,1,3.3,6,0
2028-01-29,1,2,2,4.37,6,0
2028-01-30,0,1,1,2.46,4,0
2028-01-31,3,2,1,2.9,6,0
2028-02-01,6,5,5,3.77,8,1
2028-02-02,3,1,0,4.01,3,0
2028-02-03,4,1,0,1.98,6,0
2028-02-04,2,1,0,2.59,4,0
2028-02-05,4,5,3,4.76,8,1
2028-02-06,3,1,2,4.97,3,0
2028-02-07,7,0,2,4.18,2,0
2028-02-08,6,5,5,3.93,10,1
2028-02-09,2,1,0,1.78,5,0
2028-02-10,7,0,0,3.87,5,0
2028-02-11,1,2,2,2.41,3,0
2028-02-12,5,5,4,4.13,8,1
2028-02-13,7,2,2,4.98,6,0
2028-02-14,6,3,5,2.92,8,1
2028-02-15,3,2,2,3.51,2,0
2028-02-16,3,1,1,3.83,6,0
2028-02-17,3,0,1,3.31,6,0
2028-02-18,2,4,3,3.44,10,1
2028-02-19,3,1,1,2.13,6,0
2028-02-20,6,4,4,1.58,10,1
2028-02-21,3,2,0,2.09,3,1
2028-02-22,3,0,1,2.78,4,0
2028-02-23,3,0,0,3.06,2,0
2028-02-24,6,2,0,4.38,2,0
2028-02-25,4,3,5,3.85,11,1
2028-02-26,7,1,2,2.77,3,0
2028-02-27,7,1,0,2.87,6,0
2028-02-28,5,5,4,1.78,10,1
2028-02-29,5,0,1,3.9,6,0
2028-03-01,4,4,5,4.17,10,1
2028-03-02,2,0,1,3.46,4,0
2028-03-03,2,1,1,4.08,4,0
2028-03-04,6,2,2,4.19,2,0
2028-03-05,3,0,0,2.79,4,1
2028-03-06,4,0,0,2.16,5,0
2028-03-07,2,0,0,2.02,3,0
2028-03-08,7,0,1,3.05,4,1
2028-03-09,2,1,0,3.64,5,0
2028-03-10,6,2,1,2.43,2,0
2028-03-11,4,4,5,3.4,9,1
2028-03-12,2,1,0,3.69,2,0
2028-03-13,1,1,2,2.37,6,0
2028-03-14,2,2,2,3.76,6,0
2028-03-15,5,3,5,2.58,11,1
2028-03-16,4,5,3,4.46,11,1
2028-03-17,1,2,2,4.28,6,0
2028-03-18,6,5,3,2.96,8,1
2028-03-19,1,1,0,3.16,3,0
2028-03-20,5,2,1,4.62,3,0
2028-03-21,3,5,5,4.61,8,1
2028-03-22,4,5,3,2.57,8,1
2028-03-23,10,0,0,2.08,4,0
2028-03-24,2,4,5,3.41,8,1
2028-03-25,5,2,1,4.89,6,1
2028-03-26,3,0,0,4.04,4,0
2028-03-27,2,4,3,2.39,10,1
2028-03-28,4,4,4,2.45,11,1
2028-03-29,4,0,0,2.76,2,0
2028-03-30,5,2,0,3.01,3,0
2028-03-31,6,0,1,3.8,5,0
2028-04-01,3,1,1,4.46,6,0
2028-04-02,5,2,1,4.92,3,0
2028-04-03,3,0,0,2.98,4,0
2028-04-04,3,3,4,3.43,9,1
2028-04-05,1,4,3,2.01,11,1
2028-04-06,4,1,1,3.97,5,0
2028-04-07,4,1,1,2.61,3,0
2028-04-08,4,1,1,2.66,5,0
2028-04-09,3,1,0,3.57,5,0
2028-04-10,3,4,5,2.71,11,1
2028-04-11,4,4,3,3.15,8,1
2028-04-12,4,1,1,2.48,4,0
2028-04-13,3,4,5,4.53,10,1
2028-04-14,4,0,0,2.96,2,0
2028-04-15,3,4,5,4.11,11,1
2028-04-16,7,0,2,4.38,6,0
2028-04-17,3,1,1,1.5,4,0
2028-04-18,4,5,3,3.33,9,1
2028-04-19,0,1,0,3.32,2,0
2028-04-20,6,0,2,2.53,4,1
2028-04-21,3,0,2,4.47,2,1
2028-04-22,1,1,0,4.29,3,0
2028-04-23,3,2,2,1.63,3,1
2028-04-24,5,2,2,4.33,5,0
2028-04-25,8,2,2,2.94,2,0
2028-04-26,3,2,0,2.56,6,0
2028-04-27,3,0,2,4.08,3,0
2028-04-28,3,2,2,2.91,6,0
2028-04-29,1,2,2,3.49,4,0
2028-04-30,1,5,4,3.97,10,1
2028-05-01,3,2,0,2.45,3,0
2028-05-02,2,1,2,3.87,2,0
2028-05-03,5,3,4,4.51,10,1
2028-05-04,3,1,1,4.69,3,0
2028-05-05,1,3,5,3.83,9,1
2028-05-06,5,2,2,2.1,2,0
2028-05-07,2,5,5,3.21,9,1
2028-05-08,7,2,2,2.97,6,0
2028-05-09,6,4,4,4.63,9,1
2028-05-10,7,2,2,3.78,3,0
2028-05-11,3,4,5,1.55,10,1
2028-05-12,3,2,2,2.74,5,0
2028-05-13,3,1,1,1.95,2,0
2028-05-14,2,0,0,1.97,5,1
2028-05-15,4,3,5,1.91,9,1
2028-05-16,3,2,0,2.18,3,1
2028-05-17,4,4,4,4.06,8,1
2028-05-18,1,0,2,2.01,2,0
2028-05-19,2,0,2,4.22,5,0
2028-05-20,4,0,2,2.62,5,0
2028-05-21,4,3,4,2.93,9,1
2028-05-22,4,0,0,5.0,4,0
2028-05-23,8,2,2,2.27,6,1
2028-05-24,3,1,0,2.69,2,0
2028-05-25,6,1,0,2.08,2,0
2028-05-26,4,0,2,2.05,3,0
2028-05-27,2,1,1,3.94,5,0
2028-05-28,3,5,3,4.87,8,1
2028-05-29,2,1,0,4.3,6,0
2028-05-30,6,1,2,2.5,3,0
2028-05-31,3,2,2,4.36,3,0
2028-06-01,9,4,4,3.03,9,1
2028-06-02,5,1,2,3.92,5,0
2028-06-03,5,0,0,4.27,2,0
2028-06-04,3,3,5,4.32,11,1
2028-06-05,1,4,4,3.23,10,1
2028-06-06,2,1,2,4.13,3,0
2028-06-07,6,1,0,4.67,4,0
2028-06-08,4,3,4,1.7,8,1
2028-06-09,3,2,2,1.61,4,0
2028-06-10,5,0,1,4.62,3,0
2028-06-11,3,4,4,2.06,10,1
2028-06-12,7,1,1,2.25,4,1
2028-06-13,3,3,3,3.59,8,1
2028-06-14,3,2,2,3.57,6,0
2028-06-15,4,5,4,4.57,10,1
2028-06-16,6,2,1,4.67,6,0
2028-06-17,3,1,0,1.55,2,0
2028-06-18,5,3,4,1.93,9,1
2028-06-19,1,2,0,2.92,2,0
2028-06-20,7,3,3,1.81,8,1
2028-06-21,2,1,2,2.55,6,0
2028-06-22,1,0,2,3.36,3,0
2028-06-23,1,4,3,3.05,10,1
2028-06-24,5,0,2,4.07,5,0
2028-06-25,9,5,5,4.26,11,1
2028-06-26,5,1,1,4.35,2,0
2028-06-27,3,0,0,4.61,5,0
2028-06-28,5,1,1,2.58,2,0
2028-06-29,1,1,2,2.22,3,1
2028-06-30,3,0,1,3.63,2,0
2028-07-01,3,2,0,3.53,4,0
2028-07-02,2,4,4,3.69,9,1
2028-07-03,6,0,2,4.03,5,0
2028-07-04,2,1,1,3.74,4,0
2028-07-05,5,3,3,2.86,11,1
2028-07-06,3,1,1,2.84,6,0
2028-07-07,2,1,2,1.68,6,0
2028-07-08,7,2,0,3.04,6,0
2028-07-09,1,2,0,3.11,4,0
2028-07-10,4,2,1,2.61,4,0
2028-07-11,3,1,1,4.65,2,0
2028-07-12,2,2,0,2.68,6,0
2028-07-13,3,2,0,3.47,6,0
2028-07-14,1,3,3,4.18,10,1
2028-07-15,1,4,5,4.58,9,1
2028-07-16,6,5,4,1.54,9,1
2028-07-17,2,0,2,1.64,2,0
2028-07-18,6,1,0,2.0,3,0
2028-07-19,3,2,2,3.9,6,1
2028-07-20,2,2,2,4.42,4,0
2028-07-21,4,0,0,4.71,2,0
2028-07-22,5,2,2,4.88,2,0
2028-07-23,7,2,2,4.05,4,0
2028-07-24,2,0,0,3.02,3,0
2028-07-25,3,4,4,4.14,10,1
2028-07-26,5,2,1,3.65,6,0
2028-07-27,3,1,1,4.59,5,0
2028-07-28,5,0,1,1.92,4,0
2028-07-29,4,3,3,2.43,8,1
2028-07-30,3,0,1,3.86,4,1
2028-07-31,8,0,2,2.28,6,0
2028-08-01,4,2,0,3.33,2,0
2028-08-02,2,1,1,3.69,6,0
2028-08-03,3,0,0,2.25,6,0
2028-08-04,5,0,1,2.42,5,1
2028-08-05,7,2,1,2.72,5,0
2028-08-06,7,1,1,2.69,6,0
2028-08-07,3,4,4,4.31,9,1
2028-08-08,1,0,0,2.26,3,1
2028-08-09,6,1,1,2.88,4,0
2028-08-10,3,1,2,1.76,5,0
2028-08-11,5,0,0,4.16,4,0
2028-08-12,3,5,3,4.54,11,1
2028-08-13,0,2,0,3.23,3,0
2028-08-14,3,1,2,3.77,2,0
2028-08-15,1,1,2,2.74,5,0
2028-08-16,7,2,1,3.3,6,0
2028-08-17,2,5,3,3.96,11,1
2028-08-18,1,0,0,2.85,4,0
2028-08-19,4,3,4,3.95,8,1
2028-08-20,1,3,5,1.9,8,1
2028-08-21,4,5,4,2.01,11,1
2028-08-22,8,1,0,1.85,6,0
2028-08-23,2,1,2,2.11,2,0
2028-08-24,6,2,0,1.65,3,0
2028-08-25,1,0,2,2.01,4,0
2028-08-26,3,1,1,2.33,4,0
2028-08-27,2,3,5,3.06,8,1
2028-08-28,3,0,0,1.91,5,0
2028-08-29,6,0,2,2.4,2,0
2028-08-30,3,4,4,3.32,11,1
2028-08-31,2,1,1,4.91,6,0
2028-09-01,2,2,1,2.57,2,0
2028-09-02,5,0,1,4.95,5,0
2028-09-03,3,4,5,3.0,9,1
2028-09-04,6,0,2,3.48,2,0
2028-09-05,1,2,0,1.58,3,1
2028-09-06,0,4,4,4.54,11,1
2028-09-07,8,3,4,3.0,9,1
2028-09-08,5,0,0,3.86,2,0
2028-09-09,3,1,2,1.61,6,0
2028-09-10,3,2,1,2.28,5,0
2028-09-11,3,1,2,2.35,5,0
2028-09-12,8,2,1,3.66,3,0
2028-09-13,9,0,2,3.36,4,0
2028-09-14,0,0,0,4.33,2,0
2028-09-15,9,2,2,3.72,6,0
2028-09-16,8,0,2,4.28,4,0
2028-09-17,4,2,2,4.85,3,0
2028-09-18,5,2,0,1.67,5,0
2028-09-19,3,4,3,4.55,9,1
2028-09-20,7,5,5,3.97,11,1
2028-09-21,5,1,1,2.45,5,0
2028-09-22,4,1,0,4.84,4,0
2028-09-23,5,2,0,3.67,6,0
2028-09-24,4,4,4,4.71,10,1
2028-09-25,6,0,0,1.62,5,0
2028-09-26,3,1,0,2.35,3,0
2028-09-27,8,0,0,1.75,3,0
2028-09-28,6,4,4,2.82,11,1
2028-09-29,5,1,2,4.48,2,0
2028-09-30,4,4,3,4.94,10,1
2028-10-01,6,0,2,1.56,3,0
2028-10-02,7,5,4,2.95,10,1
2028-10-03,5,5,3,3.55,10,1
2028-10-04,2,1,1,3.04,3,0
2028-10-05,3,1,1,2.12,4,0
2028-10-06,6,2,0,2.99,3,0
2028-10-07,6,5,5,2.72,9,1
2028-10-08,4,1,0,2.22,4,0
2028-10-09,1,0,1,2.72,3,0
2028-10-10,4,0,1,3.09,4,0
2028-10-11,4,0,0,2.63,2,0
2028-10-12,4,1,1,3.65,3,0
2028-10-13,2,0,1,4.96,3,0
2028-10-14,3,2,1,2.95,2,1
2028-10-15,3,0,2,2.4,2,1
2028-10-16,4,1,0,4.17,6,1
2028-10-17,7,3,3,1.95,9,1
2028-10-18,2,4,3,2.19,9,1
2028-10-19,2,2,0,3.65,5,0
2028-10-20,2,4,3,3.35,8,1
2028-10-21,2,1,2,4.58,5,0
2028-10-22,8,5,3,3.37,10,1
2028-10-23,3,0,0,2.09,3,0
2028-10-24,3,1,1,2.87,3,0
2028-10-25,5,2,2,4.23,4,0
2028-10-26,6,0,2,1.83,3,0
2028-10-27,6,1,2,4.37,4,0
2028-10-28,2,1,0,4.9,6,0
2028-10-29,4,1,1,1.86,5,0
2028-10-30,2,3,5,4.28,10,1
2028-10-31,4,3,3,4.26,10,1
2028-11-01,6,3,4,4.27,10,1
2028-11-02,2,1,1,3.63,4,0
2028-11-03,10,0,0,1.55,6,0
2028-11-04,5,5,4,3.89,9,1
2028-11-05,4,0,1,2.41,5,0
2028-11-06,3,2,0,2.26,4,0
2028-11-07,3,2,2,1.89,5,0
2028-11-08,6,0,0,3.31,2,0
2028-11-09,6,2,1,2.36,6,0
2028-11-10,4,2,0,2.97,2,0
2028-11-11,3,1,1,3.14,5,0
2028-11-12,6,5,5,4.15,8,1
2028-11-13,4,1,2,2.81,6,0
2028-11-14,1,4,5,3.1,9,1
2028-11-15,1,4,5,4.28,9,1
2028-11-16,1,1,1,4.97,3,0
2028-11-17,5,2,2,3.14,4,0
2028-11-18,5,4,5,4.55,9,1
2028-11-19,3,0,1,3.57,6,1
2028-11-20,5,5,4,2.18,10,1
2028-11-21,1,0,2,2.99,5,0
2028-11-22,3,4,4,4.07,8,1
2028-11-23,7,0,2,2.94,6,0
2028-11-24,4,1,1,3.23,3,0
2028-11-25,2,0,0,1.85,4,0
2028-11-26,6,1,2,2.86,4,0
2028-11-27,7,3,5,2.85,11,1
2028-11-28,3,0,0,2.41,5,0
2028-11-29,2,0,1,4.07,2,0
2028-11-30,5,2,1,1.6,5,1
2028-12-01,8,0,1,2.94,3,0
2028-12-02,3,4,3,4.08,10,1
2028-12-03,6,4,5,4.52,11,1
2028-12-04,6,3,5,4.59,8,1
2028-12-05,6,4,3,3.89,10,1
2028-12-06,4,2,1,1.99,5,0
2028-12-07,4,5,3,2.13,11,1
2028-12-08,4,2,1,3.34,3,1
2028-12-09,8,0,0,2.65,6,0
2028-12-10,4,5,4,1.6,11,1
2028-12-11,3,0,1,2.11,2,0
2028-12-12,9,5,3,3.4,11,1
2028-12-13,5,2,0,2.18,2,0
2028-12-14,1,1,2,3.7,6,1
2028-12-15,2,3,5,2.76,8,1
2028-12-16,4,3,4,2.84,8,1
2028-12-17,2,1,0,4.36,2,0
2028-12-18,4,4,5,3.28,9,1
2028-12-19,3,2,0,2.01,5,0
2028-12-20,4,1,1,3.69,3,0
2028-12-21,9,2,1,3.17,3,0
2028-12-22,2,2,2,3.48,5,0
2028-12-23,6,3,5,2.13,9,1
2028-12-24,4,2,2,3.68,4,0
2028-12-25,3,1,1,1.78,2,0
2028-12-26,4,3,5,3.23,8,1
2028-12-27,2,2,1,4.47,6,0
2028-12-28,8,1,0,3.65,3,1
2028-12-29,5,2,0,3.71,6,0
2028-12-30,4,2,2,2.09,5,0
2028-12-31,4,5,3,4.6,8,1
2029-01-01,6,4,4,4.99,11,1
2029-01-02,1,3,4,2.99,11,1
2029-01-03,6,0,2,1.62,2,0
2029-01-04,3,1,2,2.74,5,0
2029-01-05,2,5,4,2.84,9,1
2029-01-06,2,1,0,4.82,3,0
2029-01-07,7,4,4,2.62,11,1
2029-01-08,6,2,1,1.64,5,0
2029-01-09,3,3,5,2.41,9,1
2029-01-10,6,0,1,4.42,2,0
2029-01-11,3,0,1,3.55,6,0
2029-01-12,4,3,3,3.6,9,1
2029-01-13,5,2,2,2.45,5,0
2029-01-14,4,5,4,2.3,11,1
2029-01-15,7,5,4,4.14,8,1
2029-01-16,2,3,5,4.21,8,1
2029-01-17,3,1,0,2.71,4,1
2029-01-18,5,1,0,1.73,5,0
2029-01-19,4,5,4,3.65,10,1
2029-01-20,1,2,0,4.6,5,1
2029-01-21,6,0,1,1.66,4,1
2029-01-22,5,1,1,4.15,3,0
2029-01-23,3,0,2,3.81,3,0
2029-01-24,5,0,1,1.66,6,0
2029-01-25,2,3,3,4.95,8,1
2029-01-26,4,2,0,4.1,5,0
2029-01-27,3,1,2,3.78,2,0
2029-01-28,2,5,3,3.12,8,1
2029-01-29,3,2,1,4.55,3,1
2029-01-30,2,0,2,3.01,3,0
2029-01-31,6,4,4,2.68,11,1
2029-02-01,4,0,2,2.69,6,0
2029-02-02,2,5,5,2.95,9,1
2029-02-03,2,4,3,4.09,11,1
2029-02-04,6,1,1,2.0,5,0
2029-02-05,6,3,3,2.32,8,1
2029-02-06,3,2,2,4.43,3,0
2029-02-07,8,0,1,2.15,2,0
2029-02-08,6,2,1,3.81,2,1
2029-02-09,4,0,2,2.14,3,0
2029-02-10,3,0,0,4.33,3,0
2029-02-11,4,0,2,4.54,3,0
2029-02-12,4,3,4,2.92,11,1
2029-02-13,4,0,0,3.67,3,0
2029-02-14,5,0,2,3.23,3,0
2029-02-15,7,1,2,2.8,6,0
2029-02-16,3,2,2,3.77,5,0
2029-02-17,1,3,3,1.99,9,1
2029-02-18,4,1,0,4.06,6,0
2029-02-19,4,1,0,4.77,3,0
2029-02-20,4,1,1,4.05,2,0
2029-02-21,4,1,2,2.39,6,0
2029-02-22,4,1,2,2.76,4,0
2029-02-23,2,0,1,3.34,3,0
2029-02-24,1,0,2,1.82,3,0
2029-02-25,5,2,1,2.33,4,0
2029-02-26,4,0,1,2.8,2,0
2029-02-27,2,5,3,3.83,11,1
2029-02-28,3,1,2,2.22,5,0
2029-03-01,6,5,3,1.93,9,1
2029-03-02,4,2,1,4.53,6,0
2029-03-03,4,2,1,3.87,3,0
2029-03-04,4,2,1,1.68,4,0
2029-03-05,6,2,1,2.39,5,0
2029-03-06,4,2,2,4.98,4,0
2029-03-07,5,0,2,1.6,3,0
2029-03-08,4,1,2,4.79,2,0
2029-03-09,5,3,4,4.6,8,1
2029-03-10,3,5,5,2.99,9,1
2029-03-11,7,4,5,4.55,8,1
2029-03-12,6,0,2,3.86,6,0
2029-03-13,7,2,2,1.5,5,0
2029-03-14,1,0,0,4.2,3,0
2029-03-15,3,1,1,4.11,3,0
2029-03-16,4,0,2,4.6,2,0
2029-03-17,3,1,2,3.13,3,0
2029-03-18,6,0,0,4.53,3,0
2029-03-19,2,2,1,4.63,2,0
2029-03-20,3,2,1,4.12,4,0
2029-03-21,4,3,4,2.61,11,1
2029-03-22,5,2,0,1.78,3,0
2029-03-23,3,2,1,3.52,5,0
2029-03-24,4,2,1,1.55,3,0
2029-03-25,3,3,3,3.98,11,1
2029-03-26,2,0,1,2.68,3,0
2029-03-27,1,0,1,2.74,4,0
2029-03-28,7,3,3,3.65,10,1
2029-03-29,2,4,4,4.88,9,1
2029-03-30,4,1,0,4.68,3,0
2029-03-31,3,0,2,2.11,3,0
2029-04-01,2,0,2,3.14,3,0
2029-04-02,6,3,3,3.29,9,1
2029-04-03,4,5,5,1.99,10,1
2029-04-04,3,1,0,3.28,6,0
2029-04-05,6,0,2,3.11,6,0
2029-04-06,3,0,1,2.48,4,0
2029-04-07,4,4,5,1.56,10,1
2029-04-08,4,0,0,2.46,4,0
2029-04-09,5,3,5,4.5,9,1
2029-04-10,1,4,5,1.88,9,1
2029-04-11,3,1,0,2.36,6,0
2029-04-12,2,0,2,3.78,6,0
2029-04-13,5,0,2,2.48,3,1
2029-04-14,2,3,4,2.16,9,1
2029-04-15,5,2,2,3.76,4,0
2029-04-16,4,3,3,4.17,9,1
2029-04-17,5,2,2,4.17,3,1
2029-04-18,6,0,2,2.2,3,0
2029-04-19,3,5,3,1.81,9,1
2029-04-20,8,2,1,2.43,2,0
2029-04-21,3,2,2,2.26,3,0
2029-04-22,4,2,1,2.17,2,0
2029-04-23,1,0,0,3.07,4,0
2029-04-24,2,1,2,2.17,2,0
2029-04-25,6,3,3,4.95,11,1
2029-04-26,6,1,0,3.41,4,0
2029-04-27,3,0,1,3.47,2,0
2029-04-28,3,2,2,1.57,3,0
2029-04-29,6,0,1,4.39,5,0
2029-04-30,3,1,2,3.2,6,0
2029-05-01,2,4,3,4.95,9,1
2029-05-02,4,5,5,3.11,11,1
2029-05-03,4,3,4,2.79,8,1
2029-05-04,5,4,4,3.73,11,1
2029-05-05,2,0,2,2.37,3,0
2029-05-06,3,1,2,1.88,2,1
2029-05-07,2,0,1,2.72,2,0
2029-05-08,5,5,5,2.4,9,1
2029-05-09,5,5,4,3.7,8,1
2029-05-10,4,0,1,2.32,3,0
2029-05-11,7,5,3,1.68,11,1
2029-05-12,6,1,0,2.94,5,0
2029-05-13,7,1,2,2.72,2,0
2029-05-14,5,1,2,3.04,6,0
2029-05-15,6,4,3,4.82,11,1
2029-05-16,4,3,3,2.08,10,1
2029-05-17,3,0,2,2.75,2,0
2029-05-18,4,5,5,1.99,11,1
2029-05-19,4,1,2,2.81,2,0
2029-05-20,3,4,3,1.93,8,1
2029-05-21,2,1,2,2.22,6,0
2029-05-22,2,3,3,3.92,11,1
2029-05-23,1,1,1,3.7,6,0
2029-05-24,2,1,0,1.98,6,0
2029-05-25,3,3,3,3.22,10,1
2029-05-26,9,2,2,1.69,4,0
2029-05-27,6,4,3,4.96,10,1
2029-05-28,8,0,2,4.77,6,0
2029-05-29,8,5,4,4.17,11,1
2029-05-30,5,3,5,3.01,11,1
2029-05-31,4,5,4,1.7,11,1
2029-06-01,5,0,1,2.83,6,0
2029-06-02,3,2,1,2.72,5,0
2029-06-03,6,5,5,2.46,10,1
2029-06-04,6,1,2,2.18,4,0
2029-06-05,7,0,2,4.18,3,0
2029-06-06,5,4,4,3.47,10,1
2029-06-07,1,5,5,4.42,8,1
2029-06-08,2,3,4,4.0,11,1
2029-06-09,4,1,2,3.33,5,1
2029-06-10,4,1,2,2.82,4,0
2029-06-11,7,5,5,2.9,11,1
2029-06-12,5,1,2,3.56,4,0
2029-06-13,3,1,0,2.96,6,0
2029-06-14,4,1,2,2.92,4,0
2029-06-15,5,1,0,3.88,6,0
2029-06-16,4,0,1,2.09,5,0
2029-06-17,2,4,3,4.23,9,1
2029-06-18,5,1,1,3.2,2,0
2029-06-19,2,0,0,4.51,6,1
2029-06-20,3,5,5,3.2,9,1
2029-06-21,3,0,2,3.56,4,0
2029-06-22,4,5,3,4.58,9,1
2029-06-23,3,2,0,3.95,6,0
2029-06-24,7,1,2,4.83,3,0
2029-06-25,6,0,0,1.98,4,0
2029-06-26,4,4,5,4.58,10,1
2029-06-27,3,5,4,4.01,11,1
2029-06-28,1,4,4,3.86,10,1
2029-06-29,5,2,2,1.93,4,0
2029-06-30,4,4,5,2.9,9,1
2029-07-01,2,1,1,3.37,4,0
2029-07-02,3,2,1,4.7,6,0
2029-07-03,4,1,2,2.03,3,0
2029-07-04,2,2,1,3.8,3,0
2029-07-05,8,5,5,1.99,8,1
2029-07-06,1,1,0,4.59,6,1
2029-07-07,3,0,2,4.51,4,0
2029-07-08,2,2,1,3.18,2,0
2029-07-09,4,2,0,3.33,2,0
2029-07-10,5,0,0,2.92,5,0
2029-07-11,3,1,2,3.66,2,0
2029-07-12,4,1,1,2.77,4,1
2029-07-13,3,0,0,3.71,2,0
2029-07-14,4,1,0,2.69,5,0
2029-07-15,5,2,0,4.0,3,0
2029-07-16,6,1,2,3.92,6,0
2029-07-17,2,4,3,3.34,10,1
2029-07-18,3,5,5,4.06,8,1
2029-07-19,5,0,0,4.81,6,0
2029-07-20,3,0,0,4.72,4,0
2029-07-21,2,4,3,3.41,10,1
2029-07-22,5,3,4,3.84,11,1
2029-07-23,8,0,0,3.01,5,0
2029-07-24,7,1,1,4.83,3,0
2029-07-25,4,0,0,4.24,6,0
2029-07-26,6,2,0,2.05,4,0
2029-07-27,4,0,2,1.65,3,0
2029-07-28,6,0,0,4.28,2,0
2029-07-29,5,0,0,1.66,2,0
2029-07-30,5,2,1,3.85,6,0
2029-07-31,7,2,2,2.45,5,0
2029-08-01,4,4,4,4.71,9,1
2029-08-02,7,2,2,1.57,4,0
2029-08-03,3,1,2,3.09,6,0
2029-08-04,4,2,1,3.03,4,1
2029-08-05,2,3,3,3.66,11,1
2029-08-06,3,3,5,2.29,11,1
2029-08-07,6,4,4,3.44,11,1
2029-08-08,4,5,4,3.57,10,1
2029-08-09,4,0,2,3.34,4,0
2029-08-10,3,0,1,2.26,4,0
2029-08-11,3,1,1,3.04,6,0
2029-08-12,6,4,4,3.78,10,1
2029-08-13,3,2,2,4.73,3,1
2029-08-14,6,0,0,3.26,5,0
2029-08-15,5,3,5,3.16,8,1
2029-08-16,7,2,2,2.45,3,0
2029-08-17,2,0,0,3.86,5,0
2029-08-18,3,2,0,2.37,4,0
2029-08-19,0,0,2,2.93,5,0
2029-08-20,2,3,3,4.68,10,1
2029-08-21,3,2,0,2.17,6,0
2029-08-22,1,1,0,1.67,2,0
2029-08-23,13,0,2,2.98,4,1
2029-08-24,1,0,2,2.19,5,0
2029-08-25,4,1,1,3.79,4,0
2029-08-26,2,0,0,3.63,4,0
2029-08-27,8,0,1,4.1,2,0
2029-08-28,5,2,0,3.92,2,1
2029-08-29,5,2,2,3.61,4,0
2029-08-30,2,1,0,2.1,2,0
2029-08-31,4,3,4,4.6,11,1
2029-09-01,4,2,1,4.7,2,0
2029-09-02,3,0,2,1.61,2,0
2029-09-03,4,3,5,3.84,10,1
2029-09-04,5,4,4,1.98,9,1
2029-09-05,2,5,4,2.91,8,1
2029-09-06,5,4,4,3.93,10,1
2029-09-07,4,0,2,4.64,2,0
2029-09-08,7,0,1,4.46,3,0
2029-09-09,3,0,1,1.67,3,0
2029-09-10,1,5,5,1.96,10,1
2029-09-11,5,1,2,4.53,2,0
2029-09-12,3,2,1,1.62,6,0
2029-09-13,5,4,4,3.03,9,1
2029-09-14,4,1,0,3.88,3,0
2029-09-15,7,3,5,4.22,11,1
2029-09-16,4,2,1,3.62,2,0
2029-09-17,0,0,1,2.13,3,0
2029-09-18,5,2,2,2.56,2,0
2029-09-19,3,2,0,3.77,2,0
2029-09-20,2,2,0,3.92,2,0
2029-09-21,6,5,3,2.87,9,1
2029-09-22,4,4,4,2.03,10,1
2029-09-23,2,2,1,4.1,3,0
2029-09-24,2,0,1,4.18,3,0
2029-09-25,6,2,0,2.44,2,0
2029-09-26,4,0,2,3.81,4,0
2029-09-27,6,5,3,2.51,11,1
2029-09-28,2,3,4,1.51,10,1
2029-09-29,5,2,2,1.8,5,1
2029-09-30,5,1,2,4.55,6,0
2029-10-01,6,0,2,4.01,3,0
2029-10-02,3,1,0,4.51,5,0
2029-10-03,5,2,1,4.79,2,0
2029-10-04,1,2,0,4.19,5,0
2029-10-05,4,4,5,1.88,8,1
2029-10-06,2,1,0,3.67,5,1
2029-10-07,4,2,0,4.53,2,1
2029-10-08,5,5,5,4.66,10,1
2029-10-09,4,5,4,3.42,11,1
2029-10-10,2,3,5,2.24,10,1
2029-10-11,3,0,1,1.62,4,0
2029-10-12,4,0,0,4.58,3,0
2029-10-13,6,2,2,3.27,5,0
2029-10-14,7,4,5,1.71,9,1
2029-10-15,6,3,3,1.91,11,1
2029-10-16,8,4,3,4.2,9,1
2029-10-17,4,3,5,4.99,9,1
2029-10-18,4,4,4,2.7,10,1
2029-10-19,3,1,2,2.78,2,0
2029-10-20,4,3,3,1.99,8,1
2029-10-21,7,0,1,4.69,4,0
2029-10-22,3,3,4,2.54,11,1
2029-10-23,3,2,1,3.91,6,0
2029-10-24,2,0,0,3.12,6,0
2029-10-25,4,0,2,3.82,4,0
2029-10-26,2,1,2,3.23,3,1
2029-10-27,3,1,0,1.67,5,0
2029-10-28,5,1,1,4.6,4,0
2029-10-29,5,0,2,1.63,5,0
2029-10-30,4,0,0,1.98,6,0
2029-10-31,2,1,1,2.22,6,0
2029-11-01,7,0,0,2.98,5,1
2029-11-02,2,0,1,2.64,4,0
2029-11-03,7,3,3,2.49,8,1
2029-11-04,5,4,4,2.62,9,1
2029-11-05,1,4,4,4.93,9,1
2029-11-06,5,0,2,2.83,3,0
2029-11-07,4,1,1,3.65,6,0
2029-11-08,6,2,0,3.63,6,0
2029-11-09,0,1,1,3.5,3,0
2029-11-10,0,2,0,3.15,4,1
2029-11-11,3,0,2,3.63,3,0
2029-11-12,7,4,4,3.04,8,1
2029-11-13,5,1,1,4.13,4,0
2029-11-14,3,2,1,4.52,3,0
2029-11-15,6,2,2,4.04,4,1
2029-11-16,1,5,4,1.95,9,1
2029-11-17,5,4,4,2.26,8,1
2029-11-18,5,4,5,1.94,11,1
2029-11-19,9,3,3,4.58,8,1
2029-11-20,4,0,2,3.49,4,0
2029-11-21,1,1,1,2.89,3,0
2029-11-22,5,0,0,4.67,5,0
2029-11-23,5,0,1,2.22,2,0
2029-11-24,2,2,1,4.63,2,0
2029-11-25,3,1,1,2.15,2,0
2029-11-26,2,2,2,2.19,4,0
2029-11-27,6,2,1,2.44,3,0
2029-11-28,4,1,2,4.27,5,0
2029-11-29,4,0,2,4.76,3,0
2029-11-30,3,2,0,4.55,6,0
2029-12-01,3,3,5,3.58,9,1
2029-12-02,2,1,2,3.27,5,0
2029-12-03,4,1,0,3.15,2,0
2029-12-04,4,1,2,4.76,5,0
2029-12-05,3,1,1,2.87,2,0
2029-12-06,5,2,1,2.64,5,0
2029-12-07,5,2,0,4.57,5,0
2029-12-08,2,0,2,3.33,6,0
2029-12-09,8,1,2,4.36,5,0
2029-12-10,6,0,0,2.69,5,0
2029-12-11,3,1,1,2.35,3,0
2029-12-12,1,0,1,4.83,4,0
2029-12-13,2,3,4,3.97,8,1
2029-12-14,4,1,2,4.61,2,0
2029-12-15,6,1,2,1.55,2,0
2029-12-16,4,0,2,1.84,2,0
2029-12-17,0,1,0,2.87,3,0
2029-12-18,0,4,5,2.66,11,1
2029-12-19,1,0,1,2.04,6,0
2029-12-20,2,0,2,3.33,3,0
2029-12-21,5,2,2,1.93,2,0
2029-12-22,6,5,4,2.2,11,1
2029-12-23,6,1,0,2.92,6,0
2029-12-24,5,0,0,3.59,5,0
2029-12-25,6,0,0,1.75,5,0
2029-12-26,4,0,0,3.63,5,0
2029-12-27,4,2,1,4.43,2,0
2029-12-28,6,1,2,4.19,4,0
2029-12-29,5,5,5,3.01,8,1
2029-12-30,2,2,1,3.66,5,0
2029-12-31,2,0,0,2.54,3,0
2030-01-01,3,2,1,4.74,5,0
2030-01-02,4,3,4,3.54,11,1
2030-01-03,6,3,4,3.88,8,1
2030-01-04,5,5,4,4.91,10,1
2030-01-05,1,2,2,4.15,5,0
2030-01-06,2,1,0,2.06,3,0
2030-01-07,3,3,5,3.29,8,1
2030-01-08,8,3,5,2.14,11,1
2030-01-09,4,1,0,3.95,2,0
2030-01-10,3,1,0,3.69,2,0
2030-01-11,6,0,2,1.66,2,0
2030-01-12,3,5,4,4.61,10,1
2030-01-13,2,0,0,2.14,5,0
2030-01-14,7,3,5,2.45,8,1
2030-01-15,2,3,4,4.26,10,1
2030-01-16,6,5,4,2.25,10,1
2030-01-17,5,3,3,3.9,10,1
2030-01-18,8,2,2,3.88,4,0
2030-01-19,4,0,2,2.88,5,0
2030-01-20,3,2,1,3.41,5,0
2030-01-21,4,1,2,4.48,4,1
2030-01-22,5,3,3,4.06,9,1
2030-01-23,6,1,1,2.31,4,0
2030-01-24,6,0,0,2.3,2,0
2030-01-25,3,1,2,1.76,3,0
2030-01-26,6,1,0,2.35,2,0
2030-01-27,2,5,3,3.35,10,1
2030-01-28,5,1,0,4.9,3,0
2030-01-29,4,5,4,3.24,11,1
2030-01-30,4,1,1,4.89,6,0
2030-01-31,2,0,2,3.27,3,0
2030-02-01,5,4,3,4.41,8,1
2030-02-02,5,0,0,4.26,2,0
2030-02-03,2,0,1,4.65,5,0
2030-02-04,2,0,0,4.49,4,0
2030-02-05,3,0,1,4.6,5,0
2030-02-06,5,0,0,4.39,3,0
2030-02-07,4,1,0,3.45,3,1
2030-02-08,5,5,5,4.78,10,1
2030-02-09,6,2,0,4.29,4,0
2030-02-10,4,0,2,3.07,3,0
2030-02-11,4,1,0,4.66,6,1
2030-02-12,8,1,2,3.91,3,0
2030-02-13,3,5,4,2.81,9,1
2030-02-14,3,1,2,2.78,3,0
2030-02-15,9,5,5,3.18,11,1
2030-02-16,7,2,2,4.1,6,0
2030-02-17,2,4,4,3.23,11,1
2030-02-18,2,2,1,3.69,3,0
2030-02-19,4,1,2,1.83,6,0
2030-02-20,4,1,2,1.52,5,1
2030-02-21,6,1,0,4.89,3,0
2030-02-22,4,5,5,3.61,9,1
2030-02-23,5,0,0,2.34,3,0
2030-02-24,4,0,1,3.51,2,0
2030-02-25,4,0,1,3.48,2,1
2030-02-26,3,2,1,4.34,6,0
2030-02-27,0,0,1,1.73,5,1
2030-02-28,2,2,0,4.09,6,0
2030-03-01,4,0,1,3.34,6,0
2030-03-02,6,3,5,1.98,11,1
2030-03-03,3,3,5,4.69,11,1
2030-03-04,0,1,1,3.23,5,0
2030-03-05,2,2,0,1.92,3,0
2030-03-06,5,3,4,1.71,9,1
2030-03-07,2,2,0,1.68,2,0
2030-03-08,4,1,1,3.27,5,0
2030-03-09,6,1,2,3.56,4,0
2030-03-10,6,1,2,2.9,3,0
2030-03-11,6,2,0,2.25,4,0
2030-03-12,2,0,2,2.53,4,0
2030-03-13,3,4,4,2.07,9,1
2030-03-14,5,2,1,3.68,2,1
2030-03-15,4,2,1,2.18,3,0
2030-03-16,4,3,5,3.64,9,1
2030-03-17,0,2,0,2.09,4,0
2030-03-18,2,1,1,2.29,3,0
2030-03-19,4,2,2,2.67,6,0
2030-03-20,8,0,2,2.52,2,0
2030-03-21,4,2,2,1.92,2,0
2030-03-22,4,0,1,3.41,5,0
2030-03-23,8,1,1,1.81,5,0
2030-03-24,7,5,4,3.4,11,1
2030-03-25,1,2,2,3.69,4,0
2030-03-26,5,1,2,4.67,2,0
2030-03-27,1,2,0,4.02,2,0
2030-03-28,5,2,0,4.23,3,0
2030-03-29,4,2,0,3.48,6,0
2030-03-30,1,1,0,2.07,4,1
2030-03-31,4,0,1,1.91,2,1
2030-04-01,6,2,1,4.14,2,0
2030-04-02,6,2,0,4.17,2,0
2030-04-03,5,0,1,3.44,4,0
2030-04-04,3,0,2,4.55,6,0
2030-04-05,2,1,1,4.73,3,0
2030-04-06,8,1,2,3.19,4,0
2030-04-07,1,2,1,3.35,2,0
2030-04-08,5,1,0,1.99,6,0
2030-04-09,2,2,2,4.23,6,0
2030-04-10,2,0,2,3.57,2,0
2030-04-11,6,2,0,2.85,5,1
2030-04-12,5,4,5,2.46,10,1
2030-04-13,4,1,0,2.9,3,1
2030-04-14,2,1,0,1.99,3,0
2030-04-15,7,1,1,2.88,5,0
2030-04-16,4,0,2,3.54,2,1
2030-04-17,3,0,0,3.35,6,0
2030-04-18,3,0,2,3.97,3,0
2030-04-19,7,2,2,4.26,5,1
2030-04-20,3,3,4,2.62,10,1
2030-04-21,7,5,5,2.77,10,1
2030-04-22,3,1,1,2.87,4,1
2030-04-23,1,2,0,4.15,4,0
2030-04-24,2,2,0,3.63,4,0
2030-04-25,8,2,2,3.1,2,1
2030-04-26,3,4,4,4.85,10,1
2030-04-27,4,2,2,3.98,4,1
2030-04-28,5,1,1,3.27,3,0
2030-04-29,7,0,1,4.86,6,0
2030-04-30,5,4,5,1.71,9,1
2030-05-01,2,4,5,4.29,9,1
2030-05-02,4,2,1,3.54,2,0
2030-05-03,5,4,5,2.64,10,1
2030-05-04,3,4,4,2.69,11,1
2030-05-05,2,1,0,1.76,6,0
2030-05-06,4,0,2,1.58,5,0
2030-05-07,8,0,0,3.19,5,0
2030-05-08,4,0,0,2.1,4,0
2030-05-09,3,4,5,3.65,10,1
2030-05-10,1,3,5,2.74,11,1
2030-05-11,1,2,0,2.33,2,0
2030-05-12,3,5,5,4.9,11,1
2030-05-13,6,5,3,2.29,10,1
2030-05-14,7,1,1,1.6,3,0
2030-05-15,4,0,1,4.0,2,0
2030-05-16,2,4,3,3.15,11,1
2030-05-17,4,1,2,4.88,2,0
2030-05-18,5,2,0,4.99,2,0
2030-05-19,9,1,1,3.86,5,0
2030-05-20,4,1,1,2.97,5,0
2030-05-21,2,2,2,4.7,2,0
2030-05-22,4,0,2,4.55,5,0
2030-05-23,2,1,0,4.68,4,0
2030-05-24,1,3,3,4.72,9,1
2030-05-25,3,3,4,4.48,11,1
2030-05-26,2,2,2,2.88,2,0
2030-05-27,1,1,0,1.7,3,0
2030-05-28,5,1,0,2.92,4,0
2030-05-29,7,1,1,2.61,5,1
2030-05-30,5,3,3,1.67,11,1
2030-05-31,3,1,0,3.04,4,0
2030-06-01,5,2,2,1.62,6,0
2030-06-02,5,2,2,3.58,3,0
2030-06-03,5,5,3,3.82,11,1
2030-06-04,1,2,0,2.59,6,0
2030-06-05,2,5,3,4.92,10,1
2030-06-06,5,2,0,3.57,3,1
2030-06-07,6,2,0,2.67,3,0
2030-06-08,6,2,0,2.95,6,0
2030-06-09,8,3,4,2.96,10,1
2030-06-10,5,0,2,3.25,3,0
2030-06-11,3,5,5,4.9,11,1
2030-06-12,2,0,2,2.46,2,1
2030-06-13,6,5,4,1.61,10,1
2030-06-14,5,1,2,3.54,3,0
2030-06-15,6,5,4,2.94,10,1
2030-06-16,5,0,2,4.04,2,0
2030-06-17,3,3,3,3.06,11,1
2030-06-18,2,1,1,2.61,6,0
2030-06-19,6,0,0,1.73,6,0
2030-06-20,5,1,1,1.88,5,1
2030-06-21,4,5,5,3.13,11,1
2030-06-22,3,3,5,4.9,11,1
2030-06-23,2,5,4,3.5,9,1
2030-06-24,2,0,0,3.51,5,0
2030-06-25,3,0,1,1.83,5,0
2030-06-26,4,3,4,4.09,8,1
2030-06-27,2,2,0,3.57,5,0
2030-06-28,3,4,4,2.2,8,1
2030-06-29,3,2,0,2.57,4,0
2030-06-30,3,2,0,3.46,2,0
2030-07-01,3,1,1,1.71,6,0
2030-07-02,3,2,1,3.16,3,0
2030-07-03,4,0,2,3.11,6,0
2030-07-04,0,2,0,3.7,5,0
2030-07-05,5,2,2,2.77,3,0
2030-07-06,4,0,1,2.28,2,0
2030-07-07,2,2,1,2.79,5,0
2030-07-08,6,0,2,4.34,2,0
2030-07-09,7,0,0,3.7,6,0
2030-07-10,5,1,0,1.9,6,0
2030-07-11,9,1,0,2.26,2,0
2030-07-12,0,0,1,4.08,5,0
2030-07-13,2,3,3,2.41,11,1
2030-07-14,4,1,1,4.59,5,0
2030-07-15,4,2,1,1.6,5,0
2030-07-16,3,3,3,2.88,9,1
2030-07-17,4,1,0,1.85,2,0
2030-07-18,5,3,4,4.65,10,1
2030-07-19,4,0,0,4.55,5,0
2030-07-20,6,5,3,4.72,10,1
2030-07-21,5,0,0,3.52,3,0
2030-07-22,6,4,3,2.57,11,1
2030-07-23,6,1,0,1.95,6,0
2030-07-24,5,2,0,3.85,5,0
2030-07-25,6,2,1,1.75,3,0
2030-07-26,4,0,0,1.66,5,0
2030-07-27,5,2,0,4.66,5,0
2030-07-28,4,0,1,4.59,5,0
2030-07-29,7,1,1,4.18,4,0
2030-07-30,4,2,0,1.98,5,0
2030-07-31,7,3,3,3.18,8,1
2030-08-01,5,5,5,1.81,11,1
2030-08-02,3,4,5,3.75,11,1
2030-08-03,6,0,0,3.23,2,0
2030-08-04,5,1,2,2.24,5,0
2030-08-05,3,2,2,4.12,2,0
2030-08-06,6,2,1,3.28,3,0
2030-08-07,4,1,0,2.92,6,0
2030-08-08,3,2,1,3.64,3,0
2030-08-09,5,2,1,4.17,6,0
2030-08-10,3,0,0,1.88,2,0
2030-08-11,2,3,5,2.4,10,1
2030-08-12,0,2,0,3.44,6,0
2030-08-13,2,1,1,2.7,5,0
2030-08-14,1,1,2,2.77,2,0
2030-08-15,6,0,2,4.42,6,0
2030-08-16,8,3,3,4.71,9,1
2030-08-17,2,1,2,4.65,5,1
2030-08-18,1,1,2,4.83,2,0
2030-08-19,4,3,4,2.35,11,1
2030-08-20,3,1,2,2.19,2,0
2030-08-21,6,0,2,1.85,6,0
2030-08-22,6,2,0,3.53,5,0
2030-08-23,6,1,1,1.7,4,0
2030-08-24,4,0,0,4.74,5,0
2030-08-25,8,0,2,4.58,5,0
2030-08-26,12,0,0,1.99,3,0
2030-08-27,4,2,1,2.91,6,0
2030-08-28,3,1,2,2.71,5,0
2030-08-29,3,3,5,1.52,8,1
2030-08-30,3,1,0,1.85,3,0
2030-08-31,7,1,2,3.22,2,0
2030-09-01,5,0,0,3.47,3,0
2030-09-02,3,0,2,2.58,3,0
2030-09-03,3,0,1,3.66,6,0
2030-09-04,3,1,2,3.07,2,0
2030-09-05,5,4,3,2.33,11,1
2030-09-06,7,2,0,1.99,6,0
2030-09-07,1,4,5,4.72,10,1
2030-09-08,7,0,2,4.53,5,0
2030-09-09,4,5,3,3.18,11,1
2030-09-10,3,5,5,2.41,8,1
2030-09-11,1,2,1,1.78,2,0
2030-09-12,3,0,0,1.54,4,0
2030-09-13,1,3,5,4.64,11,1
2030-09-14,6,1,2,3.76,6,0
2030-09-15,2,3,4,2.66,8,1
2030-09-16,3,5,3,2.02,8,1
2030-09-17,3,5,4,2.39,9,1
2030-09-18,3,4,5,1.73,10,1
2030-09-19,3,4,5,3.0,10,1
2030-09-20,5,1,0,4.72,6,0
2030-09-21,2,1,2,2.28,2,0
2030-09-22,5,5,5,2.5,11,1
2030-09-23,6,1,1,4.1,5,0
2030-09-24,6,1,2,2.54,3,0
2030-09-25,3,1,0,4.69,5,0
2030-09-26,2,2,0,4.62,5,0
2030-09-27,3,1,1,2.54,3,0
2030-09-28,5,4,5,2.84,8,1
2030-09-29,7,4,3,2.67,9,1
2030-09-30,10,2,1,2.45,2,0
2030-10-01,4,2,2,4.49,4,0
2030-10-02,3,2,0,4.11,5,0
2030-10-03,5,5,5,2.78,11,1
2030-10-04,4,0,0,2.15,3,0
2030-10-05,4,2,2,3.38,5,0
2030-10-06,4,1,2,1.99,5,0
2030-10-07,1,2,0,1.94,6,0
2030-10-08,1,2,2,2.24,5,1
2030-10-09,2,5,5,2.89,8,1
2030-10-10,4,0,2,2.13,6,0
2030-10-11,4,2,2,3.25,4,0
2030-10-12,7,3,5,2.6,10,1
2030-10-13,0,5,3,3.03,9,1
2030-10-14,1,0,2,4.39,3,0
2030-10-15,1,4,4,2.29,9,1
2030-10-16,2,1,0,4.51,2,0
2030-10-17,3,2,0,1.53,6,0
2030-10-18,5,2,2,1.82,6,1
2030-10-19,4,0,1,2.53,5,0
2030-10-20,0,1,2,4.26,2,0
2030-10-21,4,5,5,4.13,11,1
2030-10-22,1,4,4,4.12,9,1
2030-10-23,5,4,3,3.64,9,1
2030-10-24,6,1,2,4.22,5,0
2030-10-25,3,5,5,1.83,9,1
2030-10-26,6,4,4,4.2,10,1
2030-10-27,4,2,0,2.65,2,0
2030-10-28,2,1,0,3.3,2,0
2030-10-29,6,4,5,2.73,10,1
2030-10-30,1,2,0,1.82,2,0
2030-10-31,7,2,2,1.61,5,0
2030-11-01,3,0,1,3.76,2,0
2030-11-02,4,4,3,3.46,11,1
2030-11-03,5,0,1,3.71,6,0
2030-11-04,10,0,1,2.27,6,0
2030-11-05,2,1,2,3.66,5,0
2030-11-06,3,0,2,3.29,5,0
2030-11-07,3,2,0,1.9,4,0
2030-11-08,3,5,4,4.58,9,1
2030-11-09,3,1,0,2.73,5,0
2030-11-10,4,3,3,3.19,10,1
2030-11-11,4,0,1,1.68,5,0
2030-11-12,5,5,4,4.14,9,1
2030-11-13,2,2,1,4.99,6,0
2030-11-14,8,2,2,1.77,5,1
2030-11-15,3,0,0,3.1,3,0
2030-11-16,4,5,5,2.95,11,1
2030-11-17,3,5,5,4.93,10,1
2030-11-18,4,1,1,2.93,6,0
2030-11-19,4,2,1,3.97,4,0
2030-11-20,0,0,1,2.83,6,0
2030-11-21,6,0,1,3.38,3,1
2030-11-22,2,0,0,2.71,2,0
2030-11-23,5,0,2,3.81,5,0
2030-11-24,4,5,4,4.4,9,1
2030-11-25,2,0,1,2.91,5,0
2030-11-26,6,5,5,4.88,10,1
2030-11-27,3,4,5,2.53,10,1
2030-11-28,2,0,0,1.79,6,0
2030-11-29,5,1,2,3.53,3,0
2030-11-30,4,1,2,3.02,6,1
2030-12-01,3,1,0,4.96,3,0
2030-12-02,3,2,1,2.46,4,1
2030-12-03,4,1,0,3.34,5,0
2030-12-04,4,0,2,3.2,6,0
2030-12-05,1,4,3,4.95,9,1
2030-12-06,5,3,4,4.32,8,1
2030-12-07,5,2,0,2.32,2,0
2030-12-08,1,2,2,2.52,6,0
2030-12-09,4,2,2,2.05,4,1
2030-12-10,2,4,3,2.21,9,1
2030-12-11,9,3,5,3.41,8,1
2030-12-12,3,1,2,1.99,6,0
2030-12-13,4,2,0,2.59,4,0
2030-12-14,2,2,0,4.11,4,0
2030-12-15,6,0,0,2.68,5,0
2030-12-16,3,4,5,4.45,11,1
2030-12-17,5,0,2,3.58,3,0
2030-12-18,3,5,3,2.46,9,1
2030-12-19,3,1,1,4.97,2,0
2030-12-20,3,3,3,3.96,11,1
2030-12-21,6,4,3,3.91,10,1
2030-12-22,3,0,1,2.77,4,0
2030-12-23,4,2,0,2.04,4,0
2030-12-24,7,2,1,3.22,6,0
2030-12-25,3,2,2,4.43,4,0
2030-12-26,3,3,5,2.95,10,1
2030-12-27,4,4,5,1.59,10,1
2030-12-28,4,0,2,1.58,3,0
2030-12-29,3,5,4,3.99,11,1
2030-12-30,1,4,4,5.0,9,1
2030-12-31,4,3,5,4.09,9,1
2031-01-01,5,2,2,3.03,2,0
2031-01-02,4,1,1,4.59,6,1
2031-01-03,3,5,4,3.6,10,1
2031-01-04,1,2,2,3.26,3,0
2031-01-05,2,1,1,3.77,5,0
2031-01-06,10,0,0,1.91,3,0
2031-01-07,5,0,2,4.62,4,0
2031-01-08,3,2,2,4.41,2,0
2031-01-09,9,3,4,2.26,11,1
2031-01-10,1,5,4,2.32,8,1
2031-01-11,4,0,2,4.81,5,0
2031-01-12,4,0,0,4.16,5,0
2031-01-13,2,1,1,2.61,4,0
2031-01-14,4,0,2,3.98,5,1
2031-01-15,4,3,5,4.95,9,1
2031-01-16,5,2,2,2.17,5,0
2031-01-17,3,5,5,3.54,10,1
2031-01-18,5,0,0,3.37,4,0
2031-01-19,2,2,0,1.91,3,0
2031-01-20,3,2,0,2.52,3,0
2031-01-21,5,3,3,4.52,8,1
2031-01-22,4,0,2,3.59,3,0
2031-01-23,4,1,2,4.5,5,0
2031-01-24,6,2,2,2.97,6,0
2031-01-25,4,2,2,4.49,3,1
2031-01-26,9,0,1,2.85,2,0
2031-01-27,5,1,1,4.65,2,0
2031-01-28,6,3,4,2.69,9,1
2031-01-29,4,2,0,1.76,2,0
2031-01-30,3,4,4,3.61,10,1
2031-01-31,3,1,0,3.08,6,0
2031-02-01,2,2,2,2.81,3,0
2031-02-02,6,1,0,2.55,3,0
2031-02-03,4,0,2,4.06,3,0
2031-02-04,4,4,5,4.83,11,1
2031-02-05,6,1,1,3.25,5,0
2031-02-06,7,4,4,3.3,9,1
2031-02-07,3,4,5,3.5,8,1
2031-02-08,1,0,1,2.44,4,0
2031-02-09,8,0,0,3.4,5,0
2031-02-10,3,0,1,2.4,3,0
2031-02-11,1,0,0,3.03,2,0
2031-02-12,4,2,2,2.84,3,0
2031-02-13,2,4,3,3.58,11,1
2031-02-14,6,1,2,4.91,6,1
2031-02-15,2,2,1,3.8,6,0
2031-02-16,4,1,0,4.99,3,0
2031-02-17,3,1,2,2.74,2,0
2031-02-18,2,3,4,4.12,10,1
2031-02-19,1,0,2,4.22,2,0
2031-02-20,5,5,5,2.15,11,1
2031-02-21,2,0,1,3.39,3,0
2031-02-22,3,2,0,1.7,4,0
2031-02-23,7,0,2,2.28,6,0
2031-02-24,3,1,0,4.2,2,0
2031-02-25,4,0,2,3.71,4,0
2031-02-26,4,2,2,4.67,6,0
2031-02-27,4,0,0,2.47,6,0
2031-02-28,9,0,0,4.9,2,0
2031-03-01,1,0,2,1.92,3,0
2031-03-02,6,0,2,2.1,4,0
2031-03-03,6,2,0,3.68,2,0
2031-03-04,3,5,4,2.43,8,1
2031-03-05,8,0,2,2.6,2,0
2031-03-06,4,2,0,4.27,5,1
2031-03-07,6,1,0,3.31,6,1
2031-03-08,1,2,2,3.66,6,0
2031-03-09,3,4,5,4.95,8,1
2031-03-10,2,0,2,4.04,3,0
2031-03-11,7,2,2,2.15,3,0
2031-03-12,3,0,2,3.52,6,0
2031-03-13,3,0,0,4.97,5,0
2031-03-14,2,1,2,4.45,6,0
2031-03-15,4,2,2,3.41,6,0
2031-03-16,3,5,5,3.56,9,1
2031-03-17,4,3,4,1.97,9,1
2031-03-18,4,1,0,2.22,6,1
2031-03-19,4,1,1,1.55,6,0
2031-03-20,8,3,5,2.23,9,1
2031-03-21,5,2,1,3.69,6,0
2031-03-22,4,0,2,4.89,3,0
2031-03-23,6,2,0,3.16,2,0
2031-03-24,3,3,5,1.55,8,1
2031-03-25,5,1,0,4.59,4,1
2031-03-26,5,0,2,2.35,4,0
2031-03-27,2,5,3,1.97,8,1
2031-03-28,4,3,4,4.97,9,1
2031-03-29,7,1,2,2.63,2,0
2031-03-30,1,2,0,3.7,5,0
2031-03-31,1,1,0,4.94,4,0
2031-04-01,8,2,0,1.8,4,0
2031-04-02,4,4,3,4.81,8,1
2031-04-03,4,1,1,4.57,3,1
2031-04-04,4,1,1,1.73,5,0
2031-04-05,4,0,0,4.17,5,1
2031-04-06,6,2,1,4.66,2,1
2031-04-07,4,0,2,2.19,6,0
2031-04-08,6,1,0,3.56,6,0
2031-04-09,5,2,0,4.97,3,0
2031-04-10,7,0,1,3.38,4,0
2031-04-11,5,2,2,1.8,3,0
2031-04-12,5,1,0,4.6,6,0
2031-04-13,2,1,1,3.03,6,0
2031-04-14,4,2,0,3.83,2,0
2031-04-15,4,3,4,4.09,11,1
2031-04-16,2,0,2,3.82,3,0
2031-04-17,2,5,3,5.0,10,1
2031-04-18,3,0,2,3.3,6,0
2031-04-19,3,1,2,4.88,6,0
2031-04-20,5,1,2,1.64,6,0
2031-04-21,8,4,5,3.37,8,1
2031-04-22,1,0,0,4.1,2,0
2031-04-23,5,0,1,2.1,5,0
2031-04-24,3,1,0,2.51,5,0
2031-04-25,7,5,3,1.99,9,1
2031-04-26,2,2,2,3.13,3,0
2031-04-27,1,3,5,2.93,8,1
2031-04-28,4,0,2,3.5,3,0
2031-04-29,3,3,3,3.77,11,1
2031-04-30,3,2,2,2.57,5,0
2031-05-01,5,2,0,2.07,2,0
2031-05-02,3,3,3,4.13,11,1
2031-05-03,5,1,0,4.91,4,0
2031-05-04,2,1,1,3.42,4,0
2031-05-05,0,5,3,1.54,9,1
2031-05-06,4,2,0,4.85,6,0
2031-05-07,7,0,2,4.3,4,0
2031-05-08,3,4,3,4.32,11,1
2031-05-09,3,1,1,2.76,3,0
2031-05-10,5,2,2,3.82,6,0
2031-05-11,3,1,0,2.66,2,0
2031-05-12,5,0,1,3.48,5,0
2031-05-13,4,4,4,3.09,10,1
2031-05-14,4,1,1,1.77,3,0
2031-05-15,6,0,0,3.51,5,1
2031-05-16,4,2,1,3.71,6,1
2031-05-17,3,2,1,4.9,6,0
2031-05-18,4,0,1,2.76,6,1
2031-05-19,4,0,0,4.22,6,0
2031-05-20,11,3,5,3.52,10,1
2031-05-21,5,0,0,1.86,4,0
2031-05-22,2,0,1,4.73,4,0
2031-05-23,2,1,0,2.78,6,0
2031-05-24,5,0,0,3.51,4,0
2031-05-25,5,0,1,3.84,2,0
2031-05-26,5,1,0,1.96,2,0
2031-05-27,4,4,4,4.41,8,1
2031-05-28,2,3,3,1.93,9,1
2031-05-29,2,0,0,3.41,6,0
2031-05-30,2,0,2,4.72,3,0
2031-05-31,5,1,0,4.68,4,0
2031-06-01,6,1,1,4.65,2,1
2031-06-02,4,0,1,2.69,5,0
2031-06-03,1,4,3,1.69,9,1
2031-06-04,8,2,0,4.55,5,0
2031-06-05,5,1,2,4.55,5,0
2031-06-06,6,2,1,2.68,3,0
2031-06-07,4,0,1,1.56,6,0
2031-06-08,4,3,4,1.52,9,1
2031-06-09,3,1,2,1.53,6,0
2031-06-10,4,1,1,4.82,2,0
2031-06-11,3,4,3,4.89,11,1
2031-06-12,7,2,1,3.98,6,0
2031-06-13,3,0,2,3.97,2,0
2031-06-14,3,0,0,4.06,2,0
2031-06-15,3,0,2,1.97,3,0
2031-06-16,8,4,3,1.66,11,1
2031-06-17,5,2,2,4.19,4,0
2031-06-18,3,0,0,4.89,5,0
2031-06-19,3,0,2,3.04,5,0
2031-06-20,6,0,0,3.7,5,0
2031-06-21,3,4,5,3.34,8,1
2031-06-22,6,2,1,1.54,2,0
2031-06-23,9,1,0,3.84,2,0
2031-06-24,1,3,5,4.74,10,1
2031-06-25,7,0,2,4.35,4,0
2031-06-26,2,2,2,1.84,3,0
2031-06-27,5,1,0,2.96,6,0
2031-06-28,7,1,1,4.4,3,0
2031-06-29,2,3,3,3.35,10,1
2031-06-30,4,5,3,3.78,11,1
2031-07-01,3,1,0,2.78,6,0
2031-07-02,2,3,4,3.89,11,1
2031-07-03,2,2,2,3.24,5,0
2031-07-04,3,3,3,3.31,10,1
2031-07-05,1,2,0,1.86,6,1
2031-07-06,4,0,2,2.35,3,0
2031-07-07,2,2,0,3.29,6,0
2031-07-08,5,2,0,2.13,6,0
2031-07-09,0,3,5,3.91,11,1
2031-07-10,4,2,0,2.26,2,0
2031-07-11,3,0,1,2.96,3,0
2031-07-12,2,0,1,3.42,3,0
2031-07-13,10,1,2,2.2,6,0
2031-07-14,4,2,2,3.54,5,0
2031-07-15,4,2,2,3.14,5,0
2031-07-16,10,1,0,2.81,2,0
2031-07-17,5,1,0,1.84,4,0
2031-07-18,9,0,0,1.75,2,0
2031-07-19,5,1,0,4.16,2,0
2031-07-20,4,2,1,3.13,3,0
2031-07-21,5,3,4,4.51,9,1
2031-07-22,2,3,5,4.51,9,1
2031-07-23,2,1,2,2.07,5,0
2031-07-24,7,2,0,4.5,6,0
2031-07-25,2,4,3,2.81,11,1
2031-07-26,7,3,3,1.97,8,1
2031-07-27,1,0,1,3.46,2,0
2031-07-28,3,5,5,2.73,11,1
2031-07-29,4,2,1,2.06,3,0
2031-07-30,2,2,2,3.66,2,0
2031-07-31,7,0,0,3.21,5,0
2031-08-01,5,5,5,2.19,8,1
2031-08-02,5,1,1,4.46,3,0
2031-08-03,3,2,0,2.86,3,0
2031-08-04,3,3,5,1.79,10,1
2031-08-05,2,4,4,4.84,9,1
2031-08-06,5,2,0,2.19,5,0
2031-08-07,5,0,0,2.96,2,0
2031-08-08,2,4,3,4.29,10,1
2031-08-09,4,3,4,3.54,9,1
2031-08-10,3,2,0,1.88,2,1
2031-08-11,4,0,2,3.95,2,0
2031-08-12,9,0,2,3.46,3,0
2031-08-13,6,1,1,3.24,6,0
2031-08-14,5,5,5,2.79,11,1
2031-08-15,4,4,5,3.7,10,1
2031-08-16,0,3,3,2.95,10,1
2031-08-17,2,1,0,4.01,4,0
2031-08-18,1,3,3,4.65,10,1
2031-08-19,5,2,0,1.64,6,0
2031-08-20,2,0,1,1.99,3,0
2031-08-21,3,3,3,1.74,8,1
2031-08-22,8,0,2,4.59,3,0
2031-08-23,4,3,3,4.56,9,1
2031-08-24,7,2,2,4.29,2,0
2031-08-25,2,2,1,4.92,4,0
2031-08-26,2,3,5,4.08,10,1
2031-08-27,4,1,0,4.98,2,0
2031-08-28,3,0,2,1.68,4,0
2031-08-29,3,1,2,2.64,4,0
2031-08-30,6,0,1,3.49,5,0
2031-08-31,5,1,2,2.46,4,0
2031-09-01,2,0,0,4.19,4,0
2031-09-02,9,2,2,3.15,6,0
2031-09-03,7,1,2,3.95,2,0
2031-09-04,3,3,3,2.37,10,1
2031-09-05,4,0,2,2.78,2,0
2031-09-06,4,2,1,2.46,3,0
2031-09-07,4,1,0,3.36,5,0
2031-09-08,1,2,0,4.55,4,0
2031-09-09,5,0,2,4.98,2,0
2031-09-10,1,0,1,3.71,4,0
2031-09-11,4,0,1,1.59,5,1
2031-09-12,4,2,2,3.31,6,0
2031-09-13,5,0,0,4.99,2,0
2031-09-14,3,5,3,3.11,9,1
2031-09-15,3,0,2,1.79,2,0
2031-09-16,5,1,1,3.92,6,0
2031-09-17,4,4,4,4.5,10,1
2031-09-18,3,0,2,2.6,5,0
2031-09-19,9,2,2,2.39,6,0
2031-09-20,2,5,4,4.95,8,1
2031-09-21,5,2,1,4.9,6,0
2031-09-22,5,4,3,2.85,9,1
2031-09-23,8,0,2,3.45,2,0
2031-09-24,3,1,2,3.53,2,0
2031-09-25,5,1,2,4.29,5,1
2031-09-26,3,1,0,2.54,5,1
2031-09-27,3,0,1,3.12,2,0
2031-09-28,6,1,0,2.96,6,0
2031-09-29,8,4,3,3.72,10,1
2031-09-30,3,0,1,1.54,2,0
2031-10-01,7,1,0,1.86,4,0
2031-10-02,4,4,4,2.21,11,1
2031-10-03,1,1,2,4.27,4,0
2031-10-04,5,4,3,4.29,11,1
2031-10-05,4,2,2,3.28,4,0
2031-10-06,4,3,3,3.44,11,1
2031-10-07,2,0,0,3.13,6,0
2031-10-08,6,3,5,2.95,11,1
2031-10-09,2,0,1,3.31,3,0
2031-10-10,2,5,5,1.88,9,1
2031-10-11,4,2,2,4.05,4,0
2031-10-12,4,3,3,4.54,11,1
2031-10-13,4,1,2,4.6,4,0
2031-10-14,5,2,2,4.33,3,0
2031-10-15,5,0,1,4.91,6,0
2031-10-16,2,1,1,1.9,5,0
2031-10-17,3,0,0,4.57,2,0
2031-10-18,3,2,2,3.55,3,0
2031-10-19,3,1,0,4.86,4,0
2031-10-20,2,5,5,2.56,11,1
2031-10-21,2,1,0,4.35,4,0
2031-10-22,2,4,3,4.74,11,1
2031-10-23,5,3,3,2.84,8,1
2031-10-24,2,1,2,4.79,4,1
2031-10-25,3,0,0,2.97,6,0
2031-10-26,7,1,0,2.38,5,0
2031-10-27,2,2,2,2.83,4,0
2031-10-28,2,2,0,2.01,6,0
2031-10-29,4,3,3,2.54,11,1
2031-10-30,6,2,2,3.55,5,0
2031-10-31,6,4,5,3.36,10,1
2031-11-01,3,1,2,3.95,4,0
2031-11-02,0,1,1,3.84,5,0
2031-11-03,3,2,2,4.25,2,0
2031-11-04,1,3,5,3.02,9,1
2031-11-05,4,0,1,1.84,3,0
2031-11-06,2,3,5,3.92,11,1
2031-11-07,5,0,0,1.54,5,0
2031-11-08,1,5,3,3.79,11,1
2031-11-09,4,2,1,2.88,5,0
2031-11-10,2,2,1,2.88,6,0
2031-11-11,6,4,4,4.79,8,1
2031-11-12,7,0,2,4.09,3,0
2031-11-13,6,2,2,4.93,4,0
2031-11-14,3,0,2,2.45,4,0
2031-11-15,2,1,1,2.78,2,1
2031-11-16,5,4,5,2.4,10,1
2031-11-17,4,0,1,4.73,3,0
2031-11-18,5,3,3,4.14,11,1
2031-11-19,9,3,4,3.19,11,1
2031-11-20,2,0,0,3.26,3,0
2031-11-21,3,0,1,3.12,6,0
2031-11-22,7,2,2,4.96,2,0
2031-11-23,4,4,5,3.53,8,1
2031-11-24,7,4,5,1.51,8,1
2031-11-25,6,4,4,3.17,11,1
2031-11-26,4,0,2,3.45,5,1
2031-11-27,3,3,3,4.11,10,1
2031-11-28,3,2,2,4.36,5,0
2031-11-29,2,1,0,4.65,3,0
2031-11-30,3,2,0,3.46,5,0
2031-12-01,0,4,4,1.51,11,1
2031-12-02,5,0,0,2.87,4,0
2031-12-03,3,5,3,1.78,10,1
2031-12-04,5,1,2,4.45,4,0
2031-12-05,6,0,1,2.95,5,0
2031-12-06,6,4,4,3.76,8,1
2031-12-07,1,3,4,4.38,11,1
2031-12-08,3,2,0,2.98,2,0
2031-12-09,7,2,2,2.64,2,0
2031-12-10,1,1,0,4.21,4,0
2031-12-11,4,2,1,4.82,6,1
2031-12-12,6,0,1,2.21,4,0
2031-12-13,6,3,3,4.53,8,1
2031-12-14,9,1,0,3.99,5,0
2031-12-15,5,0,2,3.35,5,0
2031-12-16,3,1,0,2.79,3,0
2031-12-17,7,5,3,1.84,8,1
2031-12-18,1,0,1,4.89,3,0
2031-12-19,1,0,2,3.74,5,0
2031-12-20,8,0,2,2.08,5,0
2031-12-21,2,2,0,2.8,2,0
2031-12-22,5,2,2,3.11,3,0
2031-12-23,5,1,1,3.66,2,1
2031-12-24,3,0,2,2.56,2,0
2031-12-25,3,2,0,4.81,6,1
2031-12-26,3,0,2,3.76,6,0
2031-12-27,6,5,4,1.75,8,1
2031-12-28,3,2,2,3.69,5,0
2031-12-29,4,0,1,3.09,3,1
2031-12-30,7,0,1,2.94,5,1
2031-12-31,2,2,0,4.14,2,0
2032-01-01,1,0,2,3.79,6,0
2032-01-02,4,0,2,3.7,3,0
2032-01-03,3,0,0,3.16,6,1
2032-01-04,3,2,0,3.29,6,0
2032-01-05,6,4,5,2.26,8,1
2032-01-06,4,2,0,2.61,4,0
2032-01-07,4,5,5,2.77,8,1
2032-01-08,9,2,2,2.56,5,0
2032-01-09,6,5,3,1.78,11,1
2032-01-10,4,0,2,4.31,5,0
2032-01-11,2,1,1,4.1,3,1
2032-01-12,4,3,3,3.9,9,1
2032-01-13,7,4,4,2.58,10,1
2032-01-14,5,3,4,2.85,8,1
2032-01-15,3,1,1,3.34,2,0
2032-01-16,4,1,2,4.32,5,0
2032-01-17,3,2,0,4.16,6,0
2032-01-18,4,2,2,3.91,3,0
2032-01-19,5,1,1,4.41,5,0
2032-01-20,3,0,2,3.52,3,0
2032-01-21,4,2,2,2.98,2,1
2032-01-22,7,3,5,3.89,8,1
2032-01-23,3,0,0,4.35,6,0
2032-01-24,7,1,2,1.71,2,0
2032-01-25,5,5,4,2.4,9,1
2032-01-26,1,5,3,3.27,11,1
2032-01-27,4,3,3,1.85,11,1
2032-01-28,2,1,1,2.58,6,0
2032-01-29,3,1,0,1.63,5,0
2032-01-30,0,2,2,2.7,2,0
2032-01-31,8,1,1,2.99,2,0
2032-02-01,5,1,0,3.05,3,0
2032-02-02,4,3,3,2.42,11,1
2032-02-03,2,1,2,4.87,5,0
2032-02-04,4,1,1,4.91,2,0
2032-02-05,2,2,2,4.36,6,1
2032-02-06,2,0,2,2.3,5,0
2032-02-07,3,1,0,4.87,4,0
2032-02-08,1,3,3,2.07,11,1
2032-02-09,4,2,1,1.8,2,0
2032-02-10,5,1,1,2.53,6,0
2032-02-11,2,2,2,2.94,2,0
2032-02-12,5,1,2,3.71,5,1
2032-02-13,6,3,4,3.09,9,1
2032-02-14,3,2,1,4.19,6,0
2032-02-15,3,1,2,3.63,2,0
2032-02-16,2,1,2,4.64,3,0
2032-02-17,5,2,1,4.24,2,0
2032-02-18,4,2,0,3.36,4,1
2032-02-19,7,2,2,2.07,4,0
2032-02-20,2,1,2,2.08,3,0
2032-02-21,5,0,2,4.59,4,0
2032-02-22,7,5,3,2.3,8,1
2032-02-23,4,5,4,2.82,10,1
2032-02-24,5,0,2,4.87,5,0
2032-02-25,7,2,1,3.46,4,1
2032-02-26,5,2,0,4.5,3,0
2032-02-27,6,0,2,2.04,4,0
2032-02-28,6,2,0,2.32,6,0
2032-02-29,8,1,1,4.83,2,0
2032-03-01,1,2,2,4.07,2,0
2032-03-02,2,0,2,2.07,6,0
2032-03-03,2,2,0,4.65,4,0
2032-03-04,2,1,0,2.93,3,0
2032-03-05,8,1,2,3.36,6,0
2032-03-06,4,3,4,2.84,9,1
2032-03-07,6,0,2,1.51,3,1
2032-03-08,2,2,1,4.22,5,0
2032-03-09,7,0,1,4.82,5,0
2032-03-10,3,2,1,3.39,5,0
2032-03-11,4,1,0,3.56,6,0
2032-03-12,2,5,3,4.0,10,1
2032-03-13,3,1,0,4.25,6,0
2032-03-14,8,5,3,1.52,8,1
2032-03-15,3,4,5,4.37,10,1
2032-03-16,5,1,2,4.28,4,0
2032-03-17,1,2,2,2.62,4,0
2032-03-18,4,1,2,3.07,2,0
2032-03-19,5,0,2,3.76,3,0
2032-03-20,2,1,0,2.54,3,0
2032-03-21,6,0,0,4.65,4,0
2032-03-22,4,1,0,4.07,3,0
2032-03-23,5,0,1,2.77,6,0
2032-03-24,6,0,1,3.72,2,0
2032-03-25,6,1,0,2.0,4,0
2032-03-26,6,2,1,3.7,5,1
2032-03-27,3,0,1,2.02,6,0
2032-03-28,1,2,1,2.37,3,0
2032-03-29,9,2,1,2.44,2,0
2032-03-30,5,2,2,2.58,2,0
2032-03-31,3,2,2,2.45,6,0
2032-04-01,4,1,1,1.72,6,0
2032-04-02,4,2,0,4.63,3,0
2032-04-03,4,1,2,3.31,5,0
2032-04-04,1,0,1,3.01,6,0
2032-04-05,4,3,4,2.68,11,1
2032-04-06,3,2,1,3.19,2,0
2032-04-07,3,1,2,1.69,6,0
2032-04-08,1,0,1,2.46,2,0
2032-04-09,2,0,0,2.12,4,0
2032-04-10,7,1,1,4.19,3,0
2032-04-11,7,1,1,2.21,2,0
2032-04-12,6,2,1,2.49,2,0
2032-04-13,8,1,0,4.06,4,0
2032-04-14,2,1,0,2.85,6,1
2032-04-15,0,0,1,3.14,6,0
2032-04-16,4,2,1,4.08,6,0
2032-04-17,3,4,4,2.35,8,1
2032-04-18,4,0,1,4.17,5,0
2032-04-19,3,2,1,2.43,6,0
2032-04-20,3,2,2,4.0,2,0
2032-04-21,8,3,5,4.41,8,1
2032-04-22,4,5,3,3.06,9,1
2032-04-23,5,2,0,4.65,5,1
2032-04-24,8,4,4,4.63,10,1
2032-04-25,4,4,5,3.69,10,1
2032-04-26,3,2,0,3.06,4,0
2032-04-27,6,2,0,3.5,4,0
2032-04-28,4,5,3,4.24,8,1
2032-04-29,5,1,2,3.21,6,0
2032-04-30,3,3,4,2.72,8,1
2032-05-01,3,3,5,1.7,11,1
2032-05-02,2,2,1,2.74,2,0
2032-05-03,3,5,5,3.54,8,1
2032-05-04,3,5,3,1.62,11,1
2032-05-05,6,0,1,1.72,3,0
2032-05-06,4,0,0,1.65,4,0
2032-05-07,1,4,4,2.58,10,1
2032-05-08,0,2,0,3.89,3,0
2032-05-09,3,1,1,1.92,3,0
2032-05-10,4,2,2,3.04,5,0
2032-05-11,0,0,2,3.89,6,0
2032-05-12,6,1,2,2.04,4,0
2032-05-13,3,3,3,1.73,11,1
2032-05-14,6,2,0,4.47,6,0
2032-05-15,5,0,1,3.61,5,0
2032-05-16,2,0,0,4.67,5,0
2032-05-17,5,0,0,2.21,2,0
2032-05-18,3,1,1,3.38,4,0
2032-05-19,6,2,2,3.34,4,1
2032-05-20,2,4,5,4.14,11,1
2032-05-21,4,3,5,1.88,11,1
2032-05-22,4,4,4,2.5,9,1
2032-05-23,8,1,0,4.14,6,0
2032-05-24,5,0,2,3.1,4,0
2032-05-25,1,0,2,3.76,2,0
2032-05-26,3,2,0,3.71,6,0
2032-05-27,1,0,0,2.57,2,0
2032-05-28,5,1,0,4.52,6,0
2032-05-29,2,2,2,2.36,5,0
2032-05-30,4,4,5,2.16,10,1
2032-05-31,4,4,5,3.03,10,1
2032-06-01,3,0,2,1.76,6,0
2032-06-02,3,0,1,2.66,4,0
2032-06-03,2,4,5,2.58,9,1
2032-06-04,5,1,2,3.27,5,0
2032-06-05,3,0,2,3.41,2,0
2032-06-06,1,1,0,2.72,3,0
2032-06-07,1,2,0,2.38,6,0
2032-06-08,5,4,4,4.1,8,1
2032-06-09,3,4,5,2.44,8,1
2032-06-10,5,2,0,3.97,4,0
2032-06-11,3,4,3,1.8,9,1
2032-06-12,5,0,1,3.59,6,0
2032-06-13,2,3,5,2.16,9,1
2032-06-14,5,0,0,4.09,4,0
2032-06-15,4,0,1,3.9,4,0
2032-06-16,8,5,4,3.47,11,1
2032-06-17,2,0,0,3.69,5,0
2032-06-18,4,4,4,4.78,11,1
2032-06-19,5,1,2,1.78,2,1
2032-06-20,9,0,2,4.43,5,0
2032-06-21,6,4,4,1.74,10,1
2032-06-22,4,5,3,2.83,10,1
2032-06-23,6,5,5,1.69,11,1
2032-06-24,2,2,2,4.58,6,0
2032-06-25,5,0,0,4.87,4,0
2032-06-26,4,1,1,3.94,6,0
2032-06-27,2,0,2,2.95,5,0
2032-06-28,7,2,0,3.88,5,0
2032-06-29,3,1,0,3.57,4,0
2032-06-30,4,2,2,2.81,6,0
2032-07-01,7,0,1,2.15,4,1
2032-07-02,5,1,2,4.43,2,1
2032-07-03,3,0,2,3.86,2,0
2032-07-04,0,2,0,2.32,5,1
2032-07-05,3,4,3,3.03,10,1
2032-07-06,3,0,2,4.3,5,0
2032-07-07,2,1,0,4.12,5,0
2032-07-08,4,2,1,2.87,3,0
2032-07-09,1,2,1,3.88,2,0
2032-07-10,4,1,0,3.54,4,0
2032-07-11,5,0,0,2.24,4,0
2032-07-12,4,2,1,4.29,6,0
2032-07-13,7,2,2,3.27,5,0
2032-07-14,2,2,0,1.88,4,0
2032-07-15,5,3,4,1.56,9,1
2032-07-16,3,2,1,1.6,6,0
2032-07-17,3,0,0,2.56,4,0
2032-07-18,4,3,3,2.54,8,1
2032-07-19,4,2,1,3.18,6,0
2032-07-20,3,2,0,2.65,2,0
2032-07-21,1,2,2,1.8,5,0
2032-07-22,1,2,0,3.07,4,0
2032-07-23,5,1,2,3.91,3,0
2032-07-24,5,1,0,3.13,4,0
2032-07-25,4,2,0,4.48,3,0
2032-07-26,4,0,1,1.68,3,0
2032-07-27,4,0,2,3.61,2,0
2032-07-28,4,0,2,2.96,4,0
2032-07-29,3,1,2,2.96,3,0
2032-07-30,0,0,2,2.33,5,1
2032-07-31,2,3,3,3.24,8,1
2032-08-01,3,0,2,2.57,6,0
2032-08-02,3,0,2,4.12,2,0
2032-08-03,4,4,4,4.59,9,1
2032-08-04,4,2,1,2.88,4,0
2032-08-05,6,1,0,3.85,3,0
2032-08-06,4,2,1,3.23,2,0
2032-08-07,4,5,5,4.07,8,1
2032-08-08,3,0,0,2.29,5,0
2032-08-09,6,0,2,3.98,6,0
2032-08-10,2,2,0,3.73,5,0
2032-08-11,4,4,4,1.53,11,1
2032-08-12,6,1,1,3.3,2,0
2032-08-13,3,0,0,2.93,2,0
2032-08-14,3,2,1,4.42,4,0
2032-08-15,2,4,5,4.93,9,1
2032-08-16,7,1,1,3.1,3,0
2032-08-17,4,5,3,3.02,11,1
2032-08-18,2,3,5,2.63,9,1
2032-08-19,5,0,2,3.72,4,0
2032-08-20,1,3,3,3.42,11,1
2032-08-21,3,4,4,1.84,10,1
2032-08-22,3,0,0,4.88,6,0
2032-08-23,3,0,1,4.94,4,0
2032-08-24,3,0,2,3.51,4,0
2032-08-25,7,3,5,1.7,11,1
2032-08-26,5,1,0,2.11,5,0
2032-08-27,1,3,4,3.58,10,1
2032-08-28,4,3,5,4.45,11,1
2032-08-29,6,2,2,1.78,5,0
2032-08-30,0,1,2,1.72,4,0
2032-08-31,8,0,1,3.67,5,0
2032-09-01,6,4,4,3.12,10,1
2032-09-02,3,0,1,2.2,4,0
2032-09-03,6,1,0,2.59,5,0
2032-09-04,10,5,3,3.04,9,1
2032-09-05,4,2,1,4.49,6,0
2032-09-06,3,2,1,3.0,2,0
2032-09-07,3,3,5,2.89,8,1
2032-09-08,7,2,2,2.84,3,1
2032-09-09,4,2,1,2.37,4,0
2032-09-10,2,2,0,2.67,2,1
2032-09-11,3,0,2,3.0,4,0
2032-09-12,3,1,2,3.57,3,0
2032-09-13,2,1,2,4.17,2,1
2032-09-14,3,2,2,2.03,3,0
2032-09-15,1,2,0,2.16,2,0
2032-09-16,6,1,2,4.06,3,0
2032-09-17,7,0,0,3.63,3,0
2032-09-18,6,5,5,3.93,10,1
2032-09-19,2,1,2,4.09,2,0
2032-09-20,5,1,1,2.71,5,0
2032-09-21,4,2,1,3.75,2,0
2032-09-22,4,4,4,2.18,10,1
2032-09-23,1,2,1,1.89,2,0
2032-09-24,5,2,2,3.81,6,0
2032-09-25,6,5,5,1.72,9,1
2032-09-26,4,2,0,4.16,6,1
2032-09-27,7,0,0,1.79,3,0
2032-09-28,6,0,2,2.18,6,0
2032-09-29,4,0,0,4.13,5,0
2032-09-30,4,2,0,2.3,5,0
2032-10-01,2,0,1,2.08,3,0
2032-10-02,5,4,3,3.87,11,1
2032-10-03,4,0,2,1.62,5,0
2032-10-04,6,1,2,3.74,6,0
2032-10-05,4,1,2,1.89,3,0
2032-10-06,4,2,0,3.58,5,1
2032-10-07,4,3,3,3.4,10,1
2032-10-08,8,2,2,5.0,6,1
2032-10-09,4,2,2,2.31,3,0
2032-10-10,4,5,5,1.84,9,1
2032-10-11,2,4,3,3.7,11,1
2032-10-12,5,3,3,2.18,11,1
2032-10-13,4,3,3,4.86,8,1
2032-10-14,3,0,1,3.08,6,0
2032-10-15,3,5,4,3.84,8,1
2032-10-16,6,5,5,3.58,10,1
2032-10-17,1,4,3,4.81,11,1
2032-10-18,4,0,1,4.36,3,0
2032-10-19,7,2,0,3.65,2,0
2032-10-20,4,2,2,3.79,3,0
2032-10-21,5,4,3,1.62,9,1
2032-10-22,5,2,2,4.69,2,0
2032-10-23,4,2,0,2.38,6,0
2032-10-24,1,5,4,3.9,8,1
2032-10-25,5,5,3,2.58,8,1
2032-10-26,4,2,2,4.17,4,0
2032-10-27,6,0,1,2.59,5,0
2032-10-28,4,0,2,4.78,3,0
2032-10-29,3,2,0,4.04,3,1
2032-10-30,7,2,1,3.94,4,0
2032-10-31,1,2,1,2.52,2,0
2032-11-01,2,0,0,2.76,3,0
2032-11-02,4,1,0,2.46,5,0
2032-11-03,6,2,1,4.96,2,0
2032-11-04,3,0,1,3.0,6,0
2032-11-05,3,1,1,1.66,4,0
2032-11-06,6,2,1,4.32,3,0
2032-11-07,2,3,4,4.04,8,1
2032-11-08,1,1,1,2.78,3,0
2032-11-09,6,1,2,2.25,5,0
2032-11-10,4,4,5,2.15,8,1
2032-11-11,3,2,0,2.48,5,1
2032-11-12,5,5,4,3.14,10,1
2032-11-13,3,0,0,3.01,6,0
2032-11-14,6,0,1,4.55,2,0
2032-11-15,1,2,0,4.83,3,0
2032-11-16,5,0,2,2.98,2,0
2032-11-17,3,0,1,1.99,4,0
2032-11-18,2,2,1,4.98,2,0
2032-11-19,1,1,1,3.43,3,0
2032-11-20,3,0,0,4.32,3,1
2032-11-21,3,1,1,2.52,4,0
2032-11-22,5,4,5,3.71,11,1
2032-11-23,7,0,1,4.62,4,0
2032-11-24,3,5,5,4.02,8,1
2032-11-25,5,1,2,1.5,2,0
2032-11-26,5,0,0,1.67,3,0
2032-11-27,2,0,1,2.99,5,1
2032-11-28,4,1,2,4.68,5,0
2032-11-29,5,1,2,3.06,2,0
2032-11-30,8,5,4,4.25,11,1
2032-12-01,4,1,0,3.28,6,0
2032-12-02,5,0,2,4.93,3,0
2032-12-03,2,0,2,4.29,2,0
2032-12-04,5,3,3,2.55,9,1
2032-12-05,5,1,1,2.92,2,0
2032-12-06,4,3,5,4.38,11,1
2032-12-07,4,2,1,2.51,6,1
2032-12-08,3,1,0,1.77,3,0
2032-12-09,4,0,1,1.85,4,0
2032-12-10,3,5,5,2.46,9,1
2032-12-11,7,3,3,4.52,8,1
2032-12-12,8,1,2,2.18,6,0
2032-12-13,2,3,3,2.37,11,1
2032-12-14,3,1,0,2.88,3,0
2032-12-15,3,1,2,2.15,5,0
2032-12-16,4,0,0,3.65,5,0
2032-12-17,2,1,1,2.46,3,0
2032-12-18,6,2,2,2.34,5,0
2032-12-19,6,3,4,2.59,9,1
2032-12-20,5,2,0,1.89,6,0
2032-12-21,5,2,1,4.96,4,0
2032-12-22,6,0,0,4.25,2,0
2032-12-23,3,0,0,2.32,6,0
2032-12-24,8,0,0,1.97,3,0
2032-12-25,3,0,2,4.22,4,0
2032-12-26,7,1,2,4.66,5,0
2032-12-27,2,0,0,3.1,6,0
2032-12-28,5,0,0,2.86,3,0
2032-12-29,4,5,4,1.7,9,1
2032-12-30,5,2,1,1.58,4,0
2032-12-31,5,0,0,3.69,5,0
2033-01-01,3,5,4,3.61,11,1
2033-01-02,4,5,4,4.65,10,1
2033-01-03,5,5,4,4.22,10,1
2033-01-04,2,0,2,3.56,6,0
2033-01-05,2,0,1,1.88,2,0
2033-01-06,1,1,1,2.57,2,1
2033-01-07,5,1,2,1.73,2,1
2033-01-08,9,1,0,1.88,4,0
2033-01-09,4,1,0,2.44,5,0
2033-01-10,3,5,3,3.2,9,1
2033-01-11,4,2,2,2.95,6,0
2033-01-12,3,1,2,4.51,5,0
2033-01-13,4,1,1,4.78,2,1
2033-01-14,6,5,5,1.71,11,1
2033-01-15,3,0,0,3.78,4,0
2033-01-16,6,1,1,2.98,5,1
2033-01-17,2,3,5,4.85,9,1
2033-01-18,4,5,3,4.8,9,1
2033-01-19,3,0,0,2.35,2,0
2033-01-20,3,2,1,4.23,6,0
2033-01-21,3,0,0,3.87,3,0
2033-01-22,3,2,2,2.67,4,0
2033-01-23,7,1,0,1.53,3,0
2033-01-24,5,5,5,4.53,8,1
2033-01-25,3,1,1,3.81,3,0
2033-01-26,1,1,2,4.0,2,0
2033-01-27,2,4,3,2.95,11,1
2033-01-28,2,4,3,1.97,8,1
2033-01-29,3,1,2,2.66,6,0
2033-01-30,6,5,4,3.06,11,1
2033-01-31,4,2,2,3.56,6,0
2033-02-01,5,1,0,2.7,6,0
2033-02-02,4,0,2,3.12,4,0
2033-02-03,7,1,0,3.45,4,0
2033-02-04,3,4,3,2.28,9,1
2033-02-05,5,2,0,1.63,3,0
2033-02-06,2,2,0,4.6,2,0
2033-02-07,8,4,3,4.07,11,1
2033-02-08,3,0,2,2.33,4,0
2033-02-09,7,1,2,2.25,5,0
2033-02-10,4,2,2,4.01,3,0
2033-02-11,2,0,2,4.86,5,0
2033-02-12,4,1,1,2.27,5,0
2033-02-13,2,0,0,4.09,4,0
2033-02-14,7,4,5,2.65,8,1
2033-02-15,2,2,2,2.23,6,0
2033-02-16,2,1,0,2.95,3,0
2033-02-17,5,2,0,1.6,2,1
2033-02-18,2,3,5,2.54,8,1
2033-02-19,6,3,4,2.15,11,1
2033-02-20,9,2,2,4.96,3,0
2033-02-21,2,0,1,1.55,3,0
2033-02-22,5,5,4,4.25,9,1
2033-02-23,3,1,2,2.01,5,0
2033-02-24,1,2,1,2.36,5,0
2033-02-25,5,4,3,3.24,9,1
2033-02-26,5,1,2,4.74,3,0
2033-02-27,6,2,2,3.46,2,0
2033-02-28,1,1,1,3.65,6,0
2033-03-01,3,2,1,2.85,3,0
2033-03-02,1,1,1,3.16,2,0
2033-03-03,6,0,0,2.45,6,0
2033-03-04,7,2,2,2.18,2,0
2033-03-05,5,4,4,3.92,8,1
2033-03-06,10,4,5,2.08,9,1
2033-03-07,1,1,0,2.97,6,0
2033-03-08,6,2,1,2.29,5,0
2033-03-09,2,0,2,2.09,3,0
2033-03-10,2,1,0,2.77,4,0
2033-03-11,2,2,2,4.92,3,1
2033-03-12,2,4,5,1.9,11,1
2033-03-13,5,0,2,3.91,3,0
2033-03-14,4,2,1,3.32,2,0
2033-03-15,2,0,1,2.11,2,0
2033-03-16,6,1,0,1.92,3,0
2033-03-17,8,1,1,3.48,2,0
2033-03-18,8,2,0,4.2,5,0
2033-03-19,4,0,2,3.57,3,0
2033-03-20,6,1,0,2.1,3,0
2033-03-21,4,3,4,4.62,8,1
2033-03-22,6,0,0,4.67,6,0
2033-03-23,4,5,5,3.94,9,1
2033-03-24,4,0,1,4.88,3,0
2033-03-25,3,1,2,2.36,6,0
2033-03-26,3,1,1,1.93,5,0
2033-03-27,4,5,4,4.67,10,1
2033-03-28,8,0,2,4.47,6,0
2033-03-29,2,3,5,4.66,9,1
2033-03-30,3,1,1,3.37,4,0
2033-03-31,3,0,0,4.47,4,0
2033-04-01,7,0,0,3.6,3,0
2033-04-02,5,3,5,2.14,8,1
2033-04-03,1,1,0,2.99,4,0
2033-04-04,1,0,1,4.87,4,0
2033-04-05,8,0,0,4.15,6,0
2033-04-06,2,4,3,2.0,8,1
2033-04-07,5,2,0,4.97,6,0
2033-04-08,5,0,1,3.17,4,0
2033-04-09,1,4,4,2.39,9,1
2033-04-10,5,0,1,3.1,2,0
2033-04-11,4,1,1,2.95,3,0
2033-04-12,3,1,0,3.56,3,0
2033-04-13,3,4,4,4.37,11,1
2033-04-14,1,1,2,3.31,3,1
2033-04-15,4,1,1,2.09,5,0
2033-04-16,4,1,2,2.64,5,1
2033-04-17,4,1,0,3.55,5,0
2033-04-18,4,1,2,3.77,5,0
2033-04-19,3,4,4,4.38,11,1
2033-04-20,10,0,1,4.11,5,0
2033-04-21,4,2,2,1.52,3,0
2033-04-22,7,0,1,3.56,3,0
2033-04-23,5,0,1,1.89,3,0
2033-04-24,3,5,3,2.64,9,1
2033-04-25,3,1,2,2.05,5,0
2033-04-26,5,1,0,3.22,5,0
2033-04-27,2,2,0,2.45,3,0
2033-04-28,3,2,2,1.85,6,0
2033-04-29,2,4,4,3.45,10,1
2033-04-30,0,2,2,1.51,3,0
2033-05-01,4,1,1,4.55,2,0
2033-05-02,4,0,1,2.72,6,0
2033-05-03,1,2,2,3.21,2,0
2033-05-04,5,1,1,2.65,3,0
2033-05-05,7,5,4,3.55,8,1
2033-05-06,2,3,4,2.96,10,1
2033-05-07,4,1,0,3.28,2,0
2033-05-08,3,0,2,4.42,6,0
2033-05-09,2,3,5,4.31,11,1
2033-05-10,2,1,1,4.49,5,0
2033-05-11,3,1,0,2.92,3,0
2033-05-12,3,4,3,4.83,9,1
2033-05-13,5,0,2,1.91,5,0
2033-05-14,1,4,3,2.94,8,1
2033-05-15,2,0,2,1.86,5,0
2033-05-16,1,2,1,4.5,5,0
2033-05-17,6,1,0,3.99,6,1
2033-05-18,6,0,1,2.85,4,0
2033-05-19,1,1,0,2.24,4,0
2033-05-20,6,1,2,4.43,6,0
2033-05-21,4,0,2,3.73,5,0
2033-05-22,4,4,5,3.4,8,1
2033-05-23,1,2,1,4.43,5,0
2033-05-24,3,2,1,4.87,4,0
2033-05-25,2,2,0,4.43,3,0
2033-05-26,8,1,0,3.57,2,0
2033-05-27,5,1,2,2.99,6,0
2033-05-28,3,4,3,2.26,11,1
2033-05-29,2,2,0,4.85,3,0
2033-05-30,6,1,1,3.19,2,0
2033-05-31,5,2,1,4.42,3,1
2033-06-01,7,4,5,1.93,10,1
2033-06-02,2,2,2,1.78,6,0
2033-06-03,3,2,0,4.55,2,0
2033-06-04,5,1,2,3.67,3,0
2033-06-05,2,5,4,3.53,9,1
2033-06-06,3,2,0,2.06,2,0
2033-06-07,4,0,1,2.66,6,0
2033-06-08,3,5,5,4.09,11,1
2033-06-09,4,0,0,3.71,5,0
2033-06-10,6,3,4,2.0,11,1
2033-06-11,3,2,1,3.48,4,0
2033-06-12,2,1,2,4.38,2,0
2033-06-13,4,0,0,4.74,3,0
2033-06-14,1,2,1,2.26,4,0
2033-06-15,1,2,2,4.33,4,0
2033-06-16,3,3,3,3.56,10,1
2033-06-17,5,0,0,4.63,3,0
2033-06-18,2,5,3,2.38,9,1
2033-06-19,5,2,2,3.07,3,0
2033-06-20,7,1,2,4.69,5,0
2033-06-21,5,1,2,2.21,4,0
2033-06-22,7,5,3,1.61,10,1
2033-06-23,3,2,0,3.65,5,0
2033-06-24,5,1,0,4.38,6,0
2033-06-25,3,1,0,1.88,2,0
2033-06-26,3,0,2,4.64,4,0
2033-06-27,3,1,2,1.98,5,1
2033-06-28,8,0,0,1.97,6,0
2033-06-29,3,4,4,2.23,11,1
2033-06-30,2,3,4,2.86,10,1
2033-07-01,3,5,3,4.35,11,1
2033-07-02,4,3,5,4.06,10,1
2033-07-03,7,2,2,2.99,2,0
2033-07-04,5,5,4,4.86,11,1
2033-07-05,7,1,2,3.07,3,0
2033-07-06,3,4,5,4.14,10,1
2033-07-07,1,0,1,4.32,4,0
2033-07-08,7,3,3,3.24,9,1
2033-07-09,4,3,5,3.4,9,1
2033-07-10,7,0,2,4.9,6,0
2033-07-11,8,4,5,2.9,10,1
2033-07-12,2,5,3,1.61,10,1
2033-07-13,4,1,1,4.4,2,0
2033-07-14,9,1,1,4.56,6,0
2033-07-15,3,2,2,3.93,2,0
2033-07-16,1,2,1,2.52,3,0
2033-07-17,2,3,3,2.8,11,1
2033-07-18,5,1,1,4.31,4,0
2033-07-19,2,0,0,4.64,2,0
2033-07-20,7,4,4,2.77,8,1
2033-07-21,5,3,3,1.94,11,1
2033-07-22,5,1,2,2.75,4,0
2033-07-23,1,1,2,3.16,2,0
2033-07-24,3,5,5,2.48,11,1
2033-07-25,4,2,0,2.19,3,0
2033-07-26,5,4,5,3.91,10,1
2033-07-27,3,1,1,4.01,3,0
2033-07-28,0,2,0,4.93,2,0
2033-07-29,5,3,5,3.49,8,1
2033-07-30,5,4,3,1.54,9,1
2033-07-31,1,4,4,2.87,8,1
2033-08-01,4,0,0,2.14,5,1
2033-08-02,4,1,0,4.59,2,0
2033-08-03,2,2,1,2.79,6,0
2033-08-04,5,5,4,4.95,8,1
2033-08-05,4,5,3,2.71,11,1
2033-08-06,3,2,0,1.67,5,0
2033-08-07,6,4,4,4.8,10,1
2033-08-08,5,5,5,2.08,9,1
2033-08-09,3,0,2,3.7,6,1
2033-08-10,5,2,1,4.1,2,0
2033-08-11,8,0,1,4.16,5,0
2033-08-12,5,1,1,2.5,3,0
2033-08-13,5,0,2,2.67,5,0
2033-08-14,3,1,2,2.14,6,1
2033-08-15,4,5,3,3.54,10,1
2033-08-16,5,1,2,4.2,3,1
2033-08-17,0,0,0,4.31,6,0
2033-08-18,2,5,3,1.65,8,1
2033-08-19,6,1,2,3.8,3,0
2033-08-20,2,5,5,4.24,10,1
2033-08-21,2,2,0,3.16,4,0
2033-08-22,3,2,2,3.18,4,0
2033-08-23,1,0,2,2.49,5,0
2033-08-24,6,2,1,4.48,2,1
2033-08-25,7,0,2,4.3,2,0
2033-08-26,4,1,1,2.73,4,0
2033-08-27,0,2,2,2.92,3,0
2033-08-28,4,5,3,4.25,9,1
2033-08-29,3,2,1,4.78,4,0
2033-08-30,8,2,2,1.88,6,0
2033-08-31,5,0,0,1.53,5,0
2033-09-01,2,0,1,2.74,3,1
2033-09-02,7,2,1,4.04,5,0
2033-09-03,9,0,0,4.26,6,0
2033-09-04,3,2,2,3.65,6,0
2033-09-05,2,1,2,2.4,6,0
2033-09-06,2,2,2,1.73,6,0
2033-09-07,4,0,2,2.42,6,0
2033-09-08,2,2,2,2.85,2,0
2033-09-09,3,0,0,2.5,4,0
2033-09-10,3,2,0,3.83,5,0
2033-09-11,5,4,3,4.43,9,1
2033-09-12,4,2,2,4.44,4,0
2033-09-13,3,0,1,4.48,6,0
2033-09-14,2,0,1,1.67,2,0
2033-09-15,3,2,2,3.14,2,0
2033-09-16,4,0,1,1.67,5,0
2033-09-17,1,5,3,3.76,10,1
2033-09-18,2,2,2,4.79,6,0
2033-09-19,5,1,0,4.07,4,0
2033-09-20,4,2,1,2.62,3,0
2033-09-21,3,1,0,4.83,2,0
2033-09-22,10,1,2,2.6,2,0
2033-09-23,3,4,5,2.82,9,1
2033-09-24,3,5,3,3.84,9,1
2033-09-25,4,1,0,2.34,6,0
2033-09-26,4,0,1,2.66,4,0
2033-09-27,7,4,3,3.06,11,1
2033-09-28,4,4,3,3.66,8,1
2033-09-29,2,4,3,2.01,11,1
2033-09-30,2,2,2,4.07,2,0
2033-10-01,4,1,0,4.67,4,0
2033-10-02,5,0,1,3.77,2,0
2033-10-03,2,5,5,3.62,8,1
2033-10-04,7,1,1,2.0,5,0
2033-10-05,4,5,4,2.87,8,1
2033-10-06,9,0,1,2.01,4,1
2033-10-07,5,0,2,4.69,3,0
2033-10-08,0,2,2,3.48,6,0
2033-10-09,5,4,3,3.97,8,1
2033-10-10,7,0,0,3.29,2,0
2033-10-11,4,1,1,2.81,2,0
2033-10-12,3,2,2,3.41,6,0
2033-10-13,7,5,5,1.86,11,1
2033-10-14,5,0,0,4.36,4,1
2033-10-15,2,4,5,4.52,11,1
2033-10-16,11,1,1,3.71,4,0
2033-10-17,3,0,2,4.31,6,0
2033-10-18,5,3,4,3.55,10,1
2033-10-19,4,4,4,2.66,8,1
2033-10-20,4,1,0,3.23,3,0
2033-10-21,5,1,1,4.55,5,0
2033-10-22,6,0,1,1.85,6,0
2033-10-23,2,0,0,2.88,4,0
2033-10-24,5,4,3,4.38,8,1
2033-10-25,5,3,4,4.11,8,1
2033-10-26,6,3,4,3.33,11,1
2033-10-27,5,4,5,2.29,11,1
2033-10-28,7,1,2,4.62,4,0
2033-10-29,5,0,2,1.64,5,0
2033-10-30,8,0,2,3.09,2,0
2033-10-31,1,1,0,3.71,3,0
2033-11-01,5,3,5,1.85,10,1
2033-11-02,1,4,3,2.65,10,1
2033-11-03,4,5,3,3.39,8,1
2033-11-04,2,2,1,3.35,2,0
2033-11-05,6,5,5,3.88,10,1
2033-11-06,6,0,1,3.06,3,0
2033-11-07,4,1,1,2.41,3,0
2033-11-08,3,0,2,1.61,2,0
2033-11-09,2,2,2,2.04,2,0
2033-11-10,7,4,4,4.4,8,1
2033-11-11,3,3,3,3.42,11,1
2033-11-12,2,0,1,3.94,5,0
2033-11-13,3,1,0,2.43,5,0
2033-11-14,6,1,1,3.7,6,0
2033-11-15,1,5,3,4.16,11,1
2033-11-16,6,1,1,3.19,2,0
2033-11-17,1,1,1,2.06,6,0
2033-11-18,8,3,3,4.26,9,1
2033-11-19,4,0,0,2.27,2,0
2033-11-20,11,4,5,1.87,9,1
2033-11-21,2,2,0,1.58,6,0
2033-11-22,6,0,2,1.76,5,0
2033-11-23,3,0,1,4.25,6,0
2033-11-24,3,3,3,3.67,8,1
2033-11-25,4,2,0,3.6,5,0
2033-11-26,1,1,1,2.78,3,0
2033-11-27,3,2,2,3.97,2,0
2033-11-28,4,0,0,3.94,2,0
2033-11-29,5,3,4,3.46,11,1
2033-11-30,6,1,1,2.82,3,0
2033-12-01,3,0,1,2.58,2,0
2033-12-02,4,1,2,2.75,5,0
2033-12-03,4,0,1,2.09,5,0
2033-12-04,2,2,0,3.07,6,0
2033-12-05,6,3,4,4.8,10,1
2033-12-06,3,0,0,3.85,3,1
2033-12-07,5,4,3,2.03,9,1
2033-12-08,4,0,1,2.73,4,0
2033-12-09,8,1,0,2.43,2,0
2033-12-10,2,0,2,3.19,4,0
2033-12-11,5,2,1,2.47,6,0
2033-12-12,1,2,2,3.32,4,0
2033-12-13,5,1,1,4.56,2,0
2033-12-14,3,2,1,2.53,6,0
2033-12-15,2,4,4,4.48,11,1
2033-12-16,4,4,3,2.94,8,1
2033-12-17,6,3,4,2.12,9,1
2033-12-18,4,5,5,4.8,11,1
2033-12-19,4,1,2,4.91,3,0
2033-12-20,3,2,0,4.11,5,0
2033-12-21,4,1,2,4.79,3,0
2033-12-22,6,2,2,4.36,6,0
2033-12-23,5,1,2,3.82,4,1
2033-12-24,5,5,4,4.72,11,1
2033-12-25,2,1,1,5.0,4,0
2033-12-26,2,3,4,2.72,11,1
2033-12-27,1,0,1,2.64,6,0
2033-12-28,3,2,1,2.34,2,0
2033-12-29,5,1,1,2.13,4,0
2033-12-30,3,3,3,4.66,10,1
2033-12-31,3,3,5,4.25,11,1
2034-01-01,1,0,0,3.15,4,0
2034-01-02,3,1,0,1.82,2,0
2034-01-03,4,5,5,3.83,8,1
2034-01-04,3,4,4,2.74,8,1
2034-01-05,4,4,5,3.93,8,1
2034-01-06,2,4,3,4.7,9,1
2034-01-07,5,5,5,3.26,8,1
2034-01-08,3,4,5,1.73,9,1
2034-01-09,3,5,3,3.51,11,1
2034-01-10,1,0,2,2.45,6,0
2034-01-11,2,2,0,4.51,5,0
2034-01-12,5,1,1,4.23,6,0
2034-01-13,1,1,0,3.12,5,0
2034-01-14,6,1,0,3.97,3,0
2034-01-15,9,0,2,3.1,6,0
2034-01-16,0,5,3,4.65,9,1
2034-01-17,5,3,4,3.51,10,1
2034-01-18,4,5,3,2.18,11,1
2034-01-19,4,2,0,2.8,6,0
2034-01-20,3,4,4,4.19,11,1
2034-01-21,4,5,3,2.42,11,1
2034-01-22,5,3,3,2.37,10,1
2034-01-23,4,0,1,4.17,2,0
2034-01-24,4,0,0,3.27,5,1
2034-01-25,1,2,1,3.56,2,0
2034-01-26,7,1,0,4.69,4,0
2034-01-27,5,2,1,4.89,6,0
2034-01-28,4,5,5,2.85,11,1
2034-01-29,5,5,5,4.87,11,1
2034-01-30,4,0,1,2.9,5,0
2034-01-31,4,0,1,4.36,5,0
2034-02-01,4,2,2,3.66,6,1
2034-02-02,2,1,1,2.71,3,0
2034-02-03,8,1,2,1.78,3,0
2034-02-04,8,0,2,2.52,3,0
2034-02-05,7,0,1,3.71,3,0
2034-02-06,2,4,3,4.54,8,1
2034-02-07,3,2,2,4.82,2,0
2034-02-08,3,2,2,1.55,5,1
2034-02-09,4,1,2,3.21,3,0
2034-02-10,6,1,0,2.26,5,0
2034-02-11,2,0,2,3.93,5,0
2034-02-12,6,0,0,2.14,6,0
2034-02-13,1,2,0,2.85,5,0
2034-02-14,4,0,1,2.04,5,0
2034-02-15,5,1,1,1.66,5,0
2034-02-16,0,0,0,4.94,6,0
2034-02-17,3,1,2,3.79,5,0
2034-02-18,2,2,0,4.08,5,0
2034-02-19,5,4,3,3.42,10,1
2034-02-20,6,0,2,1.98,5,0
2034-02-21,3,1,2,3.4,2,0
2034-02-22,1,2,1,1.85,3,0
2034-02-23,2,2,2,4.34,6,1
2034-02-24,8,4,4,1.77,8,1
2034-02-25,5,5,4,4.64,8,1
2034-02-26,4,1,2,2.28,3,0
2034-02-27,2,2,1,2.61,2,0
2034-02-28,1,0,2,3.94,2,0
2034-03-01,6,1,2,4.87,2,0
2034-03-02,3,1,1,1.76,2,0
2034-03-03,7,0,0,3.61,2,0
2034-03-04,1,1,2,4.53,3,0
2034-03-05,6,2,2,4.09,2,0
2034-03-06,6,3,3,1.8,11,1
2034-03-07,3,3,4,1.54,10,1
2034-03-08,5,0,1,3.79,4,0
2034-03-09,4,2,0,4.46,6,0
2034-03-10,3,1,0,3.37,5,0
2034-03-11,3,0,0,2.98,3,1
2034-03-12,3,0,2,2.34,6,0
2034-03-13,4,1,0,2.66,2,0
2034-03-14,8,3,3,4.69,10,1
2034-03-15,5,1,0,3.37,2,0
2034-03-16,2,0,0,3.68,6,0
2034-03-17,5,2,2,2.71,3,0
2034-03-18,5,3,5,1.65,8,1
2034-03-19,5,4,5,4.65,8,1
2034-03-20,4,3,3,1.62,10,1
2034-03-21,4,0,2,4.84,5,0
2034-03-22,5,2,1,4.32,5,0
2034-03-23,3,0,1,4.23,6,0
2034-03-24,5,0,0,3.45,4,0
2034-03-25,6,2,1,3.83,4,0
2034-03-26,2,3,3,1.52,10,1
2034-03-27,6,0,0,2.91,2,0
2034-03-28,4,5,3,2.89,11,1
2034-03-29,3,5,4,2.18,11,1
2034-03-30,5,1,1,3.07,6,1
2034-03-31,2,4,4,4.23,9,1
2034-04-01,6,0,1,4.9,6,0
2034-04-02,4,2,0,1.65,5,0
2034-04-03,3,5,3,3.17,11,1
2034-04-04,4,2,1,4.48,6,0
2034-04-05,3,5,4,4.21,9,1
2034-04-06,7,5,5,4.2,9,1
2034-04-07,5,1,0,3.19,6,0
2034-04-08,3,0,2,4.71,3,0
2034-04-09,4,2,2,4.35,4,0
2034-04-10,4,2,0,2.79,4,0
2034-04-11,4,1,2,4.81,5,0
2034-04-12,4,3,4,3.95,11,1
2034-04-13,8,3,5,2.88,10,1
2034-04-14,3,4,3,2.16,9,1
2034-04-15,4,2,1,2.16,6,0
2034-04-16,3,4,3,1.94,11,1
2034-04-17,2,0,1,1.74,6,0
2034-04-18,6,0,0,3.84,6,0
2034-04-19,1,3,3,3.23,11,1
2034-04-20,4,3,3,2.95,8,1
2034-04-21,3,1,1,2.49,5,0
2034-04-22,3,2,0,2.58,2,0
2034-04-23,2,3,3,1.6,9,1
2034-04-24,2,1,1,2.62,5,0
2034-04-25,6,5,4,2.28,10,1
2034-04-26,4,0,1,2.44,2,0
2034-04-27,2,1,2,3.61,5,0
2034-04-28,1,2,0,3.59,6,0
2034-04-29,2,2,1,3.07,2,0
2034-04-30,2,2,1,1.71,5,0
2034-05-01,5,3,3,3.04,9,1
2034-05-02,6,2,2,3.13,4,0
2034-05-03,3,0,2,4.58,5,0
2034-05-04,8,1,0,4.39,3,0
2034-05-05,6,1,2,2.36,5,1
2034-05-06,1,3,4,3.95,10,1
2034-05-07,3,1,1,4.49,5,0
2034-05-08,2,0,2,4.12,4,1
2034-05-09,3,3,5,2.74,11,1
2034-05-10,3,0,2,4.26,5,0
2034-05-11,5,2,1,1.9,2,0
2034-05-12,2,2,2,3.11,2,0
2034-05-13,2,5,5,3.82,10,1
2034-05-14,5,5,4,2.98,8,1
2034-05-15,6,1,1,4.71,6,0
2034-05-16,2,0,1,2.06,5,0
2034-05-17,1,0,0,2.04,2,0
2034-05-18,3,0,2,2.96,3,1
2034-05-19,3,5,4,4.51,11,1
2034-05-20,3,4,5,4.7,9,1
2034-05-21,1,0,2,4.88,5,0
2034-05-22,4,1,2,3.01,4,0
2034-05-23,6,3,5,3.1,11,1
2034-05-24,3,0,2,3.83,2,0
2034-05-25,1,5,3,3.8,8,1
2034-05-26,5,2,2,3.85,2,0
2034-05-27,3,1,0,3.59,6,0
2034-05-28,3,2,2,3.83,6,0
2034-05-29,2,4,3,1.82,11,1
2034-05-30,4,5,4,4.99,8,1
2034-05-31,1,1,2,2.31,3,0
2034-06-01,4,2,2,3.7,2,0
2034-06-02,4,0,0,1.5,4,0
2034-06-03,7,2,0,2.73,4,0
2034-06-04,1,2,0,4.24,4,0
2034-06-05,1,3,3,2.76,9,1
2034-06-06,4,3,3,2.22,8,1
2034-06-07,2,2,1,4.88,3,0
2034-06-08,6,0,2,3.08,3,0
2034-06-09,8,3,5,4.49,11,1
2034-06-10,1,1,1,2.83,2,0
2034-06-11,4,2,2,2.3,2,0
2034-06-12,9,0,1,2.69,4,0
2034-06-13,5,1,1,1.84,5,0
2034-06-14,4,2,1,2.32,2,0
2034-06-15,3,2,1,3.31,2,0
2034-06-16,2,2,0,3.92,5,0
2034-06-17,5,0,1,4.54,3,0
2034-06-18,3,1,1,1.9,6,0
2034-06-19,7,0,0,3.52,3,0
2034-06-20,8,2,1,3.73,2,0
2034-06-21,5,1,2,1.63,3,0
2034-06-22,3,1,0,1.73,2,0
2034-06-23,2,0,0,2.61,3,0
2034-06-24,3,3,4,3.88,9,1
2034-06-25,5,3,4,2.94,10,1
2034-06-26,2,1,1,3.86,2,0
2034-06-27,3,0,0,3.89,6,0
2034-06-28,0,5,5,1.89,10,1
2034-06-29,3,2,0,4.17,3,1
2034-06-30,6,4,4,4.23,10,1
2034-07-01,1,0,1,2.93,3,0
2034-07-02,2,1,2,1.6,2,0
2034-07-03,2,2,0,2.14,4,0
2034-07-04,3,5,3,3.69,9,1
2034-07-05,6,1,2,4.65,5,0
2034-07-06,1,4,3,4.9,11,1
2034-07-07,8,4,5,4.53,10,1
2034-07-08,1,0,1,3.18,4,0
2034-07-09,7,3,5,4.75,10,1
2034-07-10,6,4,5,2.1,11,1
2034-07-11,3,4,5,2.72,9,1
2034-07-12,4,0,2,2.25,2,0
2034-07-13,1,0,1,3.5,3,0
2034-07-14,3,1,2,4.3,2,0
2034-07-15,8,1,2,3.57,6,0
2034-07-16,6,5,3,3.42,8,1
2034-07-17,5,2,2,4.39,6,0
2034-07-18,4,4,4,3.08,11,1
2034-07-19,2,1,1,3.51,5,0
2034-07-20,3,1,1,4.9,6,0
2034-07-21,3,2,2,1.78,6,0
2034-07-22,2,3,3,1.75,9,1
2034-07-23,7,5,4,3.45,10,1
2034-07-24,2,3,3,4.61,9,1
2034-07-25,7,2,2,4.73,2,0
2034-07-26,3,0,0,4.93,6,0
2034-07-27,7,0,0,4.89,6,0
2034-07-28,6,0,2,1.97,6,0
2034-07-29,4,1,0,2.16,6,0
2034-07-30,3,1,2,1.73,6,0
2034-07-31,3,1,0,1.65,3,0
2034-08-01,1,0,0,1.6,5,0
2034-08-02,4,1,0,1.57,6,0
2034-08-03,6,5,4,2.31,11,1
2034-08-04,6,4,3,1.86,11,1
2034-08-05,5,4,5,2.03,9,1
2034-08-06,5,3,4,4.46,10,1
2034-08-07,5,0,2,2.7,3,0
2034-08-08,1,2,2,2.05,5,0
2034-08-09,4,2,2,3.79,6,0
2034-08-10,2,0,1,2.36,3,1
2034-08-11,4,2,2,3.1,4,0
2034-08-12,3,5,5,4.47,10,1
2034-08-13,7,1,0,4.07,6,0
2034-08-14,8,1,0,4.38,3,0
2034-08-15,9,0,2,2.38,4,0
2034-08-16,3,2,0,4.59,2,0
2034-08-17,3,0,2,4.26,2,0
2034-08-18,1,3,4,2.78,8,1
2034-08-19,5,4,4,3.76,8,1
2034-08-20,7,1,1,3.79,3,0
2034-08-21,5,2,2,1.98,5,0
2034-08-22,3,0,1,2.34,5,1
2034-08-23,7,0,2,2.61,2,0
2034-08-24,4,1,2,4.71,3,0
2034-08-25,3,2,1,3.17,5,0
2034-08-26,7,5,3,4.14,8,1
2034-08-27,3,1,0,2.46,2,1
2034-08-28,2,0,2,2.62,3,0
2034-08-29,3,0,1,4.99,5,0
2034-08-30,2,0,2,4.84,2,0
2034-08-31,5,1,1,2.47,3,0
2034-09-01,2,5,5,3.42,10,1
2034-09-02,3,2,0,2.41,5,0
2034-09-03,4,3,4,3.47,9,1
2034-09-04,4,1,0,1.61,6,0
2034-09-05,4,0,1,1.88,5,0
2034-09-06,4,4,5,3.48,10,1
2034-09-07,5,4,4,1.51,8,1
2034-09-08,3,1,2,3.77,3,0
2034-09-09,6,1,2,2.77,2,1
2034-09-10,0,0,1,3.28,4,0
2034-09-11,7,2,2,3.39,5,0
2034-09-12,2,4,3,3.0,10,1
2034-09-13,2,0,1,2.4,2,0
2034-09-14,2,0,1,2.26,2,0
2034-09-15,5,1,0,2.47,6,0
2034-09-16,9,4,3,4.55,8,1
2034-09-17,3,2,2,2.0,3,0
2034-09-18,3,1,0,2.5,3,0
2034-09-19,4,1,1,2.86,5,0
2034-09-20,3,3,5,1.75,11,1
2034-09-21,6,3,4,4.8,11,1
2034-09-22,2,4,4,3.53,10,1
2034-09-23,6,4,5,2.63,9,1
2034-09-24,5,4,4,2.05,10,1
2034-09-25,1,0,0,4.03,4,0
2034-09-26,4,5,5,2.76,10,1
2034-09-27,2,4,3,4.49,9,1
2034-09-28,5,2,1,4.94,5,1
2034-09-29,4,2,1,2.82,2,0
2034-09-30,3,5,4,4.77,11,1
2034-10-01,3,5,5,2.62,8,1
2034-10-02,6,1,2,4.53,4,0
2034-10-03,6,0,1,4.29,2,0
2034-10-04,2,2,1,1.8,3,0
2034-10-05,4,1,0,3.7,4,0
2034-10-06,2,2,2,4.53,4,1
2034-10-07,0,2,0,4.26,3,0
2034-10-08,4,2,1,2.11,3,0
2034-10-09,0,1,2,4.84,2,0
2034-10-10,2,5,3,4.2,8,1
2034-10-11,5,2,0,2.61,3,1
2034-10-12,6,0,1,2.93,3,0
2034-10-13,2,1,2,3.98,5,1
2034-10-14,2,1,2,3.19,4,0
2034-10-15,4,2,1,3.29,3,0
2034-10-16,4,1,0,4.98,2,0
2034-10-17,4,0,0,4.6,3,0
2034-10-18,4,0,0,2.07,6,0
2034-10-19,5,5,4,1.88,10,1
2034-10-20,1,2,0,3.6,2,0
2034-10-21,2,2,1,2.76,6,0
2034-10-22,4,5,3,4.6,10,1
2034-10-23,3,1,0,2.47,4,1
2034-10-24,3,0,0,2.44,3,0
2034-10-25,3,0,0,4.35,3,0
2034-10-26,6,2,1,3.0,3,0
2034-10-27,7,1,1,2.76,3,0
2034-10-28,2,1,2,3.11,3,0
2034-10-29,1,0,1,1.87,4,0
2034-10-30,8,5,3,2.16,9,1
2034-10-31,3,5,3,4.23,11,1
2034-11-01,2,3,3,4.63,10,1
2034-11-02,4,2,2,2.19,4,0
2034-11-03,3,1,0,2.64,6,0
2034-11-04,3,5,5,3.56,10,1
2034-11-05,6,1,1,2.57,5,0
2034-11-06,3,0,0,1.98,6,0
2034-11-07,2,2,2,2.81,5,0
2034-11-08,1,5,5,1.52,10,1
2034-11-09,4,0,0,3.22,4,0
2034-11-10,5,4,5,2.29,10,1
2034-11-11,4,1,0,3.21,6,0
2034-11-12,7,3,5,4.4,9,1
2034-11-13,3,2,2,3.05,2,0
2034-11-14,3,1,2,3.45,4,0
2034-11-15,8,5,5,2.58,8,1
2034-11-16,7,0,0,3.96,3,0
2034-11-17,1,2,1,1.5,4,0
2034-11-18,4,0,2,4.17,5,0
2034-11-19,1,3,4,3.58,11,1
2034-11-20,3,1,0,2.67,3,0
2034-11-21,5,2,2,4.85,3,0
2034-11-22,9,4,3,1.64,11,1
2034-11-23,5,2,2,3.79,4,0
2034-11-24,7,1,2,3.83,2,1
2034-11-25,5,0,0,2.41,4,0
2034-11-26,4,4,4,2.2,10,1
2034-11-27,3,1,2,1.69,6,0
2034-11-28,3,4,4,1.94,10,1
2034-11-29,3,3,4,4.04,11,1
2034-11-30,1,3,3,1.51,8,1
2034-12-01,8,3,3,4.15,8,1
2034-12-02,7,1,1,1.83,5,0
2034-12-03,7,0,0,4.1,2,0
2034-12-04,4,5,3,2.6,10,1
2034-12-05,1,1,0,3.96,4,0
2034-12-06,3,2,1,3.85,4,0
2034-12-07,6,5,5,4.18,11,1
2034-12-08,3,2,0,4.05,6,0
2034-12-09,9,1,0,4.62,5,0
2034-12-10,2,4,5,3.98,10,1
2034-12-11,3,5,4,4.45,9,1
2034-12-12,4,1,1,4.36,4,0
2034-12-13,4,0,1,2.27,5,0
2034-12-14,5,0,0,3.01,3,0
2034-12-15,1,1,1,1.89,3,0
2034-12-16,2,1,2,3.68,2,0
2034-12-17,5,4,3,2.64,8,1
2034-12-18,4,2,2,2.19,2,0
2034-12-19,3,0,1,4.13,5,0
2034-12-20,2,2,2,3.56,4,0
2034-12-21,6,0,1,2.48,4,0
2034-12-22,2,0,2,3.59,3,0
2034-12-23,2,0,0,3.56,2,0
2034-12-24,4,3,4,4.31,8,1
2034-12-25,5,2,0,2.49,6,0
2034-12-26,4,0,0,2.86,2,0
2034-12-27,3,3,3,2.11,11,1
2034-12-28,2,1,2,2.7,6,0
2034-12-29,1,0,0,3.21,6,0
2034-12-30,3,4,5,3.07,9,1
2034-12-31,6,1,0,1.8,2,0
2035-01-01,1,0,2,4.47,3,0
2035-01-02,6,3,3,4.47,10,1
2035-01-03,3,3,3,3.39,8,1
2035-01-04,1,2,0,3.86,3,0
2035-01-05,3,3,3,3.96,9,1
2035-01-06,5,4,3,3.13,11,1
2035-01-07,2,0,0,1.85,6,0
2035-01-08,3,2,1,1.87,3,1
2035-01-09,3,5,5,2.68,8,1
2035-01-10,5,4,3,1.71,10,1
2035-01-11,1,5,5,2.02,9,1
2035-01-12,0,4,3,1.63,9,1
2035-01-13,3,1,0,2.53,2,0
2035-01-14,5,0,2,2.61,6,1
2035-01-15,4,3,4,2.05,9,1
2035-01-16,4,1,2,3.45,5,0
2035-01-17,5,5,4,1.58,9,1
2035-01-18,1,3,4,2.15,10,1
2035-01-19,2,1,1,3.45,4,0
2035-01-20,4,2,2,3.45,5,0
2035-01-21,3,5,3,4.53,10,1
2035-01-22,7,0,1,3.29,3,0
2035-01-23,4,3,4,1.96,9,1
2035-01-24,3,1,1,2.93,3,0
2035-01-25,5,4,5,2.6,11,1
2035-01-26,5,2,1,4.07,6,0
2035-01-27,2,4,4,1.95,9,1
2035-01-28,5,0,2,4.71,6,0
2035-01-29,6,4,5,3.69,11,1
2035-01-30,4,0,2,4.84,5,0
2035-01-31,4,5,5,2.47,9,1
2035-02-01,6,2,2,4.28,6,0
2035-02-02,4,0,0,3.62,4,0
2035-02-03,6,5,4,2.55,8,1
2035-02-04,6,4,4,4.73,11,1
2035-02-05,6,0,1,3.14,5,0
2035-02-06,4,0,2,3.43,2,0
2035-02-07,6,4,3,1.84,10,1
2035-02-08,6,4,4,1.84,11,1
2035-02-09,6,5,5,2.16,9,1
2035-02-10,2,1,0,2.74,5,0
2035-02-11,2,0,2,4.48,5,0
2035-02-12,1,0,2,1.79,6,0
2035-02-13,2,3,4,1.62,11,1
2035-02-14,2,3,5,4.75,9,1
2035-02-15,3,0,2,1.76,3,0
2035-02-16,2,4,4,4.11,11,1
2035-02-17,3,0,1,4.93,2,0
2035-02-18,3,3,5,3.26,10,1
2035-02-19,0,2,0,1.97,2,0
2035-02-20,4,2,1,4.44,3,0
2035-02-21,3,1,2,2.93,5,0
2035-02-22,2,3,4,1.84,11,1
2035-02-23,3,1,1,4.71,3,0
2035-02-24,3,2,1,2.9,5,0
2035-02-25,2,4,4,4.24,8,1
2035-02-26,1,5,3,3.02,10,1
2035-02-27,3,2,1,2.81,6,0
2035-02-28,3,2,2,2.53,4,0
2035-03-01,4,2,2,3.38,2,0
2035-03-02,0,3,3,3.64,11,1
2035-03-03,4,1,1,3.06,3,0
2035-03-04,3,1,0,3.69,2,0
2035-03-05,1,5,5,2.47,10,1
2035-03-06,7,2,2,3.44,2,1
2035-03-07,5,0,1,1.87,4,0
2035-03-08,7,5,3,3.54,9,1
2035-03-09,1,2,0,3.25,2,0
2035-03-10,8,2,2,3.01,2,0
2035-03-11,7,1,1,2.74,6,0
2035-03-12,4,5,5,3.72,9,1
2035-03-13,8,0,2,2.93,4,0
2035-03-14,0,2,1,2.5,5,0
2035-03-15,3,4,3,3.13,11,1
2035-03-16,3,2,2,2.82,3,0
2035-03-17,6,0,2,2.28,6,0
2035-03-18,3,4,4,2.19,8,1
2035-03-19,4,2,2,1.56,3,0
2035-03-20,7,5,3,4.75,10,1
2035-03-21,2,0,2,3.35,3,1
2035-03-22,4,0,0,3.64,5,0
2035-03-23,3,1,2,3.61,5,0
2035-03-24,2,0,1,1.71,3,1
2035-03-25,6,1,0,1.9,5,1
2035-03-26,2,5,5,3.76,9,1
2035-03-27,0,2,2,3.08,6,0
2035-03-28,3,0,0,3.96,3,0
2035-03-29,3,5,4,3.08,8,1
2035-03-30,3,3,3,2.06,8,1
2035-03-31,4,1,1,3.11,4,0
2035-04-01,1,0,0,2.58,3,0
2035-04-02,4,1,0,1.76,3,0
2035-04-03,4,5,4,2.56,9,1
2035-04-04,7,1,1,3.35,5,0
2035-04-05,2,4,5,4.74,8,1
2035-04-06,6,4,3,3.67,9,1
2035-04-07,3,1,2,4.6,5,0
2035-04-08,7,5,3,3.06,10,1
2035-04-09,4,2,2,4.28,6,0
2035-04-10,2,0,0,3.79,4,0
2035-04-11,2,1,0,2.47,5,0
2035-04-12,9,1,2,2.78,6,0
2035-04-13,6,1,1,3.25,3,0
2035-04-14,5,2,1,1.73,6,0
2035-04-15,2,5,4,3.69,8,1
2035-04-16,4,1,2,3.56,6,0
2035-04-17,4,5,3,1.88,8,1
2035-04-18,3,1,2,2.89,2,0
2035-04-19,5,5,3,2.83,11,1
2035-04-20,3,4,4,3.17,11,1
2035-04-21,5,4,3,2.27,8,1
2035-04-22,4,0,1,2.18,3,0
2035-04-23,4,2,0,1.58,3,0
2035-04-24,2,5,3,1.68,9,1
2035-04-25,5,2,2,1.86,3,0
2035-04-26,4,4,4,3.98,8,1
2035-04-27,3,1,1,3.17,3,0
2035-04-28,7,2,2,1.83,2,0
2035-04-29,5,2,0,3.99,3,0
2035-04-30,4,5,4,4.34,8,1
2035-05-01,6,0,1,2.78,4,0
2035-05-02,7,3,3,1.75,10,1
2035-05-03,6,5,5,2.04,11,1
2035-05-04,5,1,0,3.51,6,0
2035-05-05,9,3,4,1.7,10,1
2035-05-06,11,2,1,2.04,6,0
2035-05-07,3,2,2,3.84,6,0
2035-05-08,4,2,1,2.43,3,0
2035-05-09,3,1,2,2.46,5,0
2035-05-10,8,3,4,4.47,9,1
2035-05-11,2,3,3,1.71,10,1
2035-05-12,9,3,3,3.6,10,1
2035-05-13,6,0,0,3.54,6,0
2035-05-14,2,1,1,3.21,3,0
2035-05-15,6,5,5,1.73,8,1
2035-05-16,5,2,2,2.41,2,0
2035-05-17,3,0,0,2.88,3,0
2035-05-18,4,2,1,1.93,3,0
2035-05-19,2,3,3,3.26,10,1
2035-05-20,2,1,1,2.64,5,1
2035-05-21,3,1,1,2.27,3,0
2035-05-22,2,5,3,4.84,8,1
2035-05-23,5,1,1,1.51,4,0
2035-05-24,2,0,1,2.92,3,0
2035-05-25,6,0,1,4.29,3,0
2035-05-26,5,3,3,4.18,8,1
2035-05-27,0,2,2,2.11,4,0
2035-05-28,4,1,0,2.13,3,0
2035-05-29,2,4,5,3.67,10,1
2035-05-30,5,0,0,3.91,5,0
2035-05-31,3,2,2,2.27,3,0
2035-06-01,4,5,3,2.93,8,1
2035-06-02,2,1,2,2.37,6,0
2035-06-03,4,0,2,3.61,3,0
2035-06-04,1,1,2,1.83,2,0
2035-06-05,3,0,1,2.11,6,0
2035-06-06,2,2,2,2.27,4,0
2035-06-07,4,5,3,4.03,10,1
2035-06-08,3,4,4,2.52,9,1
2035-06-09,3,3,3,2.61,10,1
2035-06-10,4,0,2,4.85,2,0
2035-06-11,2,0,1,3.41,4,0
2035-06-12,3,0,2,4.5,4,0
2035-06-13,6,1,0,4.43,2,0
2035-06-14,3,2,1,3.62,4,1
2035-06-15,7,1,2,4.58,5,0
2035-06-16,1,0,0,2.25,3,0
2035-06-17,6,0,2,3.39,3,0
2035-06-18,5,5,4,4.92,8,1
2035-06-19,0,0,0,3.4,3,0
2035-06-20,1,0,0,3.64,6,0
2035-06-21,1,1,0,4.52,3,1
2035-06-22,4,5,5,3.01,9,1
2035-06-23,2,4,3,3.05,8,1
2035-06-24,1,5,4,1.54,10,1
2035-06-25,7,3,4,3.98,10,1
2035-06-26,1,0,1,2.8,2,0
2035-06-27,3,4,5,1.91,8,1
2035-06-28,8,0,0,4.8,4,0
2035-06-29,3,3,5,1.64,9,1
2035-06-30,5,2,1,3.15,6,0
2035-07-01,5,0,1,4.04,2,0
2035-07-02,4,2,0,2.45,5,0
2035-07-03,3,1,0,3.55,6,0
2035-07-04,2,3,5,4.54,9,1
2035-07-05,4,2,1,4.77,2,0
2035-07-06,5,1,1,2.78,5,1
2035-07-07,8,0,2,3.4,5,0
2035-07-08,4,1,1,2.2,6,0
2035-07-09,5,1,2,1.76,2,0
2035-07-10,1,2,0,2.76,2,0
2035-07-11,4,1,0,2.78,4,0
2035-07-12,5,4,5,2.52,10,1
2035-07-13,4,1,2,3.74,4,0
2035-07-14,1,2,1,1.89,3,0
2035-07-15,3,1,1,4.13,4,0
2035-07-16,3,1,1,3.3,5,0
2035-07-17,1,3,3,3.62,9,1
2035-07-18,4,4,3,2.29,8,1
2035-07-19,7,1,2,3.24,6,0
2035-07-20,2,4,5,2.09,8,1
2035-07-21,9,1,2,3.01,4,0
2035-07-22,2,2,2,2.29,2,0
2035-07-23,4,1,2,2.85,6,0
2035-07-24,4,4,4,2.03,9,1
2035-07-25,1,3,3,4.6,8,1
2035-07-26,3,1,0,3.39,3,0
2035-07-27,9,2,2,3.44,3,0
2035-07-28,6,0,2,3.93,6,0
2035-07-29,6,1,0,3.44,6,0
2035-07-30,4,2,1,1.68,4,0
2035-07-31,3,0,0,2.76,3,0
2035-08-01,4,0,2,4.76,4,0
2035-08-02,3,0,1,3.77,5,0
2035-08-03,3,2,2,3.2,2,0
2035-08-04,5,2,0,3.74,5,0
2035-08-05,2,1,2,3.32,3,0
2035-08-06,2,2,1,4.01,4,0
2035-08-07,1,5,3,3.26,11,1
2035-08-08,3,2,2,2.93,5,0
2035-08-09,2,4,3,3.99,8,1
2035-08-10,5,4,5,3.79,11,1
2035-08-11,1,5,4,4.05,11,1
2035-08-12,5,1,0,3.95,4,0
2035-08-13,3,5,5,2.54,11,1
2035-08-14,5,3,4,2.97,8,1
2035-08-15,1,0,1,1.87,2,0
2035-08-16,9,0,0,4.7,4,0
2035-08-17,2,1,2,2.72,4,0
2035-08-18,8,5,3,4.38,8,1
2035-08-19,5,2,1,2.06,3,0
2035-08-20,4,2,2,4.0,4,0
2035-08-21,5,1,1,3.69,6,0
2035-08-22,4,0,1,4.09,5,0
2035-08-23,5,0,1,3.96,4,0
2035-08-24,4,2,2,4.79,3,0
2035-08-25,4,5,4,4.25,10,1
2035-08-26,1,1,1,2.79,5,0
2035-08-27,3,1,2,3.81,6,0
2035-08-28,4,0,2,3.35,6,0
2035-08-29,5,4,5,4.74,11,1
2035-08-30,0,1,2,4.62,4,0
2035-08-31,4,1,1,2.75,4,0
2035-09-01,5,1,2,4.93,4,0
2035-09-02,4,0,2,4.39,2,0
2035-09-03,7,1,1,1.93,6,0
2035-09-04,4,3,5,3.09,8,1
2035-09-05,2,2,2,4.24,6,0
2035-09-06,5,4,3,2.59,8,1
2035-09-07,1,0,0,1.62,6,0
2035-09-08,2,5,3,3.75,9,1
2035-09-09,3,1,0,2.32,6,0
2035-09-10,9,2,1,4.81,6,0
2035-09-11,1,1,1,3.4,2,1
2035-09-12,3,2,2,2.12,2,0
2035-09-13,2,0,2,1.9,5,0
2035-09-14,1,1,2,3.54,2,0
2035-09-15,2,3,5,3.93,11,1
2035-09-16,4,1,0,2.43,4,1
2035-09-17,2,0,1,3.79,3,0
2035-09-18,5,1,2,2.6,4,0
2035-09-19,4,4,3,4.58,8,1
2035-09-20,2,3,4,3.02,11,1
2035-09-21,5,1,0,2.47,2,0
2035-09-22,5,1,1,1.8,6,0
2035-09-23,3,5,3,2.34,9,1
2035-09-24,3,1,2,3.92,2,1
2035-09-25,3,0,0,3.43,2,1
2035-09-26,3,1,2,3.78,3,1
2035-09-27,3,3,5,2.95,11,1
2035-09-28,9,2,1,4.35,6,0
2035-09-29,5,3,3,2.39,10,1
2035-09-30,5,4,4,4.33,8,1
2035-10-01,3,2,2,4.68,3,0
2035-10-02,7,1,1,4.18,3,0
2035-10-03,3,1,1,3.31,6,0
2035-10-04,3,1,0,3.05,5,0
2035-10-05,6,4,3,4.04,9,1
2035-10-06,0,0,2,3.32,2,0
2035-10-07,5,3,3,2.56,8,1
2035-10-08,5,0,0,2.31,3,0
2035-10-09,2,3,4,3.42,8,1
2035-10-10,4,0,2,4.65,4,0
2035-10-11,1,2,0,2.93,3,0
2035-10-12,7,0,1,2.89,4,0
2035-10-13,1,5,3,4.55,8,1
2035-10-14,4,1,0,2.01,2,0
2035-10-15,7,2,1,4.7,2,0
2035-10-16,3,0,1,4.59,3,0
2035-10-17,4,1,2,4.96,4,1
2035-10-18,5,4,4,1.78,8,1
2035-10-19,2,0,2,2.36,6,0
2035-10-20,8,3,3,4.33,10,1
2035-10-21,4,2,2,3.77,2,0
2035-10-22,4,3,3,2.65,8,1
2035-10-23,5,3,4,3.29,10,1
2035-10-24,7,4,5,1.56,9,1
2035-10-25,3,0,2,4.87,3,1
2035-10-26,3,1,1,1.84,5,0
2035-10-27,2,0,2,2.35,3,1
2035-10-28,3,2,0,1.69,3,0
2035-10-29,9,0,1,2.82,6,0
2035-10-30,5,1,2,4.23,5,1
2035-10-31,2,1,2,4.03,3,0
2035-11-01,4,2,0,3.51,6,0
2035-11-02,3,5,5,3.08,8,1
2035-11-03,3,0,0,3.55,2,0
2035-11-04,3,3,3,4.44,9,1
2035-11-05,5,4,3,3.38,11,1
2035-11-06,5,3,3,4.79,11,1
2035-11-07,6,1,2,4.23,6,0
2035-11-08,1,5,3,2.99,10,1
2035-11-09,8,5,5,3.54,11,1
2035-11-10,2,2,0,4.32,5,0
2035-11-11,2,5,5,4.52,10,1
2035-11-12,10,0,0,2.82,3,1
2035-11-13,4,3,4,3.78,11,1
2035-11-14,3,1,2,4.08,3,0
2035-11-15,4,2,1,2.12,3,0
2035-11-16,6,1,2,3.92,2,0
2035-11-17,6,0,2,4.15,2,0
2035-11-18,4,1,2,3.83,4,0
2035-11-19,1,1,1,4.18,4,0
2035-11-20,3,2,0,4.04,3,1
2035-11-21,2,5,3,1.63,8,1
2035-11-22,0,3,3,2.56,8,1
2035-11-23,4,2,1,4.68,4,0
2035-11-24,3,1,0,4.21,5,1
2035-11-25,5,1,0,2.88,5,0
2035-11-26,4,0,2,2.02,2,0
2035-11-27,2,4,5,2.61,11,1
2035-11-28,3,0,2,3.1,6,0
2035-11-29,4,0,0,2.64,6,0
2035-11-30,7,3,4,4.78,11,1
2035-12-01,2,1,2,4.33,3,0
2035-12-02,3,1,2,2.11,6,0
2035-12-03,5,4,5,4.25,8,1
2035-12-04,4,5,4,3.18,11,1
2035-12-05,5,0,0,2.41,3,0
2035-12-06,4,1,1,3.83,6,1
2035-12-07,3,1,0,4.29,2,0
2035-12-08,1,2,2,1.9,3,0
2035-12-09,3,1,1,3.61,5,0
2035-12-10,6,2,2,4.03,2,0
2035-12-11,2,0,2,2.94,6,0
2035-12-12,3,5,5,3.49,11,1
2035-12-13,6,3,4,2.6,8,1
2035-12-14,3,0,0,4.18,5,0
2035-12-15,5,2,0,3.3,6,0
2035-12-16,3,4,4,1.96,8,1
2035-12-17,6,1,2,2.2,5,0
2035-12-18,3,1,2,2.83,5,0
2035-12-19,6,2,0,3.51,2,0
2035-12-20,5,5,3,2.11,10,1
2035-12-21,6,5,5,1.78,10,1
2035-12-22,4,2,0,2.0,4,0
2035-12-23,7,1,0,2.34,5,0
2035-12-24,7,1,0,4.93,4,1
2035-12-25,1,1,1,3.48,5,0
2035-12-26,1,0,1,3.91,2,0
2035-12-27,8,2,1,3.54,2,0
2035-12-28,2,1,0,4.99,5,0
2035-12-29,6,2,0,4.72,2,0
2035-12-30,4,3,3,2.13,11,1
2035-12-31,4,1,0,2.29,5,1
2036-01-01,5,1,0,2.87,4,0
2036-01-02,4,1,0,3.62,5,0
2036-01-03,3,2,1,1.96,6,0
2036-01-04,5,0,2,2.17,3,0
2036-01-05,1,4,3,1.94,9,1
2036-01-06,6,1,0,3.7,3,0
2036-01-07,2,1,2,3.23,5,0
2036-01-08,1,2,0,3.41,4,0
2036-01-09,5,2,0,4.07,2,0
2036-01-10,2,0,2,4.13,5,0
2036-01-11,1,1,0,2.26,2,0
2036-01-12,1,1,1,3.18,4,0
2036-01-13,3,0,2,3.21,2,0
2036-01-14,8,2,2,2.19,6,0
2036-01-15,5,1,1,2.29,3,0
2036-01-16,2,4,3,3.39,10,1
2036-01-17,6,3,5,2.69,9,1
2036-01-18,3,0,0,2.28,2,0
2036-01-19,6,5,3,1.67,10,1
2036-01-20,2,1,1,3.2,6,0
2036-01-21,2,0,1,3.02,3,0
2036-01-22,7,2,2,3.11,6,0
2036-01-23,3,2,2,4.87,2,0
2036-01-24,6,1,1,4.57,3,1
2036-01-25,6,1,2,2.81,4,0
2036-01-26,2,5,3,3.73,9,1
2036-01-27,4,3,3,4.35,10,1
2036-01-28,5,0,0,4.03,3,0
2036-01-29,6,3,4,3.56,9,1
2036-01-30,1,2,1,1.57,6,0
2036-01-31,8,4,5,1.54,11,1
2036-02-01,4,2,0,1.51,5,0
2036-02-02,9,4,5,3.06,10,1
2036-02-03,5,3,4,4.27,10,1
2036-02-04,2,0,1,3.08,4,0
2036-02-05,3,2,0,3.44,2,1
2036-02-06,3,3,5,4.29,10,1
2036-02-07,3,0,1,1.86,5,0
2036-02-08,2,0,1,4.05,5,0
2036-02-09,2,0,1,1.86,5,0
2036-02-10,8,5,5,1.74,10,1
2036-02-11,9,2,1,4.7,5,0
2036-02-12,4,0,0,3.08,2,0
2036-02-13,6,0,2,4.72,2,1
2036-02-14,0,0,1,3.83,5,0
2036-02-15,2,0,2,4.47,3,0
2036-02-16,6,0,0,1.6,4,0
2036-02-17,3,1,1,4.01,2,0
2036-02-18,7,3,3,4.71,8,1
2036-02-19,5,1,1,1.78,6,0
2036-02-20,7,4,5,4.73,11,1
2036-02-21,2,5,5,2.49,8,1
2036-02-22,6,1,1,3.44,6,0
2036-02-23,6,1,1,3.09,4,0
2036-02-24,9,1,1,4.75,6,0
2036-02-25,5,1,0,2.75,4,0
2036-02-26,8,0,2,3.98,3,0
2036-02-27,2,5,5,4.33,11,1
2036-02-28,4,1,1,2.73,6,0
2036-02-29,4,2,0,2.12,6,0
2036-03-01,5,4,5,2.79,11,1
2036-03-02,1,1,2,2.13,2,0
2036-03-03,4,3,5,1.8,10,1
2036-03-04,5,5,3,2.43,10,1
2036-03-05,3,1,1,3.54,4,0
2036-03-06,3,1,1,1.62,6,0
2036-03-07,3,0,0,2.23,4,0
2036-03-08,1,1,2,2.32,3,0
2036-03-09,4,3,3,4.99,10,1
2036-03-10,1,0,0,4.61,4,0
2036-03-11,5,0,2,2.25,3,0
2036-03-12,5,2,1,3.31,3,0
2036-03-13,1,5,4,2.96,9,1
2036-03-14,8,5,4,4.01,10,1
2036-03-15,8,0,0,4.98,5,0
2036-03-16,5,3,3,4.91,8,1
2036-03-17,0,1,2,3.32,5,0
2036-03-18,5,0,1,4.48,5,0
2036-03-19,2,2,2,2.44,4,0
2036-03-20,5,2,0,3.75,6,0
2036-03-21,5,0,0,4.93,4,0
2036-03-22,3,4,4,3.69,9,1
2036-03-23,6,2,2,3.16,4,0
2036-03-24,7,1,1,4.85,3,1
2036-03-25,2,2,2,2.11,2,1
2036-03-26,2,0,1,2.55,2,0
2036-03-27,2,2,2,4.21,2,0
2036-03-28,6,2,1,4.78,3,0
2036-03-29,7,0,2,2.08,6,0
2036-03-30,5,0,0,4.41,5,0
2036-03-31,3,0,2,2.39,5,0
2036-04-01,2,4,4,4.23,9,1
2036-04-02,6,2,1,4.09,6,0
2036-04-03,3,0,0,2.84,2,0
2036-04-04,5,2,0,2.14,5,0
2036-04-05,3,0,2,4.02,6,0
2036-04-06,4,5,3,3.78,8,1
2036-04-07,3,0,1,2.19,4,0
2036-04-08,1,2,0,4.17,6,0
2036-04-09,4,1,0,4.4,5,0
2036-04-10,3,1,1,4.44,5,0
2036-04-11,4,1,2,4.28,5,0
2036-04-12,3,0,1,4.66,6,0
2036-04-13,2,1,0,2.53,4,0
2036-04-14,8,1,0,3.16,3,0
2036-04-15,4,0,0,1.64,3,0
2036-04-16,5,1,1,2.68,2,0
2036-04-17,4,2,2,3.23,4,0
2036-04-18,3,2,2,3.03,3,0
2036-04-19,3,2,2,1.93,2,1
2036-04-20,4,3,4,3.22,10,1
2036-04-21,4,5,3,4.41,8,1
2036-04-22,6,4,4,2.85,11,1
2036-04-23,4,5,4,1.77,11,1
2036-04-24,8,2,1,2.67,2,0
2036-04-25,5,2,2,1.94,5,1
2036-04-26,4,3,3,2.72,8,1
2036-04-27,5,2,0,1.92,6,0
2036-04-28,2,0,0,4.84,5,0
2036-04-29,6,4,3,2.86,10,1
2036-04-30,1,1,2,4.48,3,0
2036-05-01,3,1,1,2.74,3,0
2036-05-02,3,0,2,4.14,5,0
2036-05-03,7,2,2,4.32,4,0
2036-05-04,5,5,4,3.43,8,1
2036-05-05,2,0,2,3.64,3,0
2036-05-06,2,0,0,1.71,4,0
2036-05-07,3,4,5,4.73,10,1
2036-05-08,3,0,2,3.43,4,0
2036-05-09,2,5,3,4.05,11,1
2036-05-10,8,2,0,1.89,2,0
2036-05-11,2,3,3,3.05,9,1
2036-05-12,4,3,5,3.56,9,1
2036-05-13,1,2,1,4.44,4,0
2036-05-14,4,1,2,3.85,6,0
2036-05-15,4,4,4,1.9,11,1
2036-05-16,5,1,2,3.54,6,0
2036-05-17,5,3,3,2.28,11,1
2036-05-18,6,4,5,2.22,10,1
2036-05-19,1,1,1,4.76,3,0
2036-05-20,3,1,0,1.56,6,0
2036-05-21,1,5,4,4.41,11,1
2036-05-22,2,4,5,3.58,8,1
2036-05-23,3,3,3,2.94,10,1
2036-05-24,3,3,4,4.68,9,1
2036-05-25,1,3,4,2.52,10,1
2036-05-26,4,1,1,1.71,5,0
2036-05-27,4,3,3,1.66,10,1
2036-05-28,4,1,2,2.6,4,0
2036-05-29,4,3,4,3.5,8,1
2036-05-30,3,0,1,4.3,5,0
2036-05-31,3,0,0,3.83,3,0
2036-06-01,6,0,0,4.47,4,0
2036-06-02,1,4,5,2.64,9,1
2036-06-03,5,2,2,4.23,5,1
2036-06-04,5,2,2,1.6,2,0
2036-06-05,4,2,2,4.4,5,1
2036-06-06,5,2,0,3.33,6,0
2036-06-07,3,2,1,4.92,4,0
2036-06-08,7,0,0,1.52,4,0
2036-06-09,7,0,2,2.67,6,0
2036-06-10,6,0,1,3.17,3,0
2036-06-11,2,1,0,4.92,6,0
2036-06-12,3,3,5,1.7,8,1
2036-06-13,5,2,2,2.59,2,0
2036-06-14,2,2,0,4.36,2,0
2036-06-15,9,1,2,2.57,6,0
2036-06-16,2,2,2,2.53,6,0
2036-06-17,1,1,2,1.93,2,1
2036-06-18,3,2,2,3.15,3,0
2036-06-19,0,3,5,4.88,9,1
2036-06-20,2,2,2,3.89,3,0
2036-06-21,4,1,2,2.12,5,0
2036-06-22,2,3,4,4.07,11,1
2036-06-23,3,4,4,4.22,8,1
2036-06-24,3,4,3,4.34,10,1
2036-06-25,6,0,0,1.75,4,0
2036-06-26,5,5,4,3.55,8,1
2036-06-27,5,0,1,1.67,6,1
2036-06-28,4,5,4,1.55,9,1
2036-06-29,3,0,2,1.89,5,0
2036-06-30,6,0,1,2.56,4,1
2036-07-01,5,3,5,1.7,9,1
2036-07-02,5,1,0,4.4,6,0
2036-07-03,4,3,3,3.78,8,1
2036-07-04,5,1,1,1.94,5,0
2036-07-05,7,5,3,3.72,9,1
2036-07-06,5,1,2,2.57,6,0
2036-07-07,4,0,2,4.11,2,0
2036-07-08,5,4,3,4.75,9,1
2036-07-09,3,4,3,3.38,11,1
2036-07-10,4,3,3,1.63,9,1
2036-07-11,2,1,1,4.22,5,0
2036-07-12,2,0,2,4.17,2,0
2036-07-13,5,0,2,4.41,4,0
2036-07-14,5,4,3,1.72,9,1
2036-07-15,7,2,0,4.35,6,0
2036-07-16,4,0,2,1.68,3,0
2036-07-17,4,5,5,3.64,10,1
2036-07-18,7,1,2,1.85,4,0
2036-07-19,5,4,5,3.6,11,1
2036-07-20,5,4,5,4.48,8,1
2036-07-21,5,4,5,3.51,9,1
2036-07-22,3,4,4,2.81,9,1
2036-07-23,4,1,2,3.79,3,0
2036-07-24,4,2,0,3.02,3,0
2036-07-25,6,1,0,4.99,3,0
2036-07-26,6,2,2,1.94,4,0
2036-07-27,5,3,3,3.94,10,1
2036-07-28,2,0,0,2.54,3,0
2036-07-29,7,5,4,4.49,10,1
2036-07-30,3,1,1,4.78,5,0
2036-07-31,4,0,1,4.41,3,0
2036-08-01,4,2,2,4.32,6,0
2036-08-02,3,4,4,4.9,10,1
2036-08-03,3,3,3,2.73,9,1
2036-08-04,2,1,1,2.25,2,0
2036-08-05,7,0,0,3.07,2,0
2036-08-06,3,0,0,2.73,4,0
2036-08-07,5,2,2,2.28,3,0
2036-08-08,4,5,3,3.25,8,1
2036-08-09,6,1,0,2.65,2,0
2036-08-10,4,0,2,2.17,6,0
2036-08-11,3,1,0,3.39,4,0
2036-08-12,3,5,4,2.65,10,1
2036-08-13,6,1,1,2.49,6,0
2036-08-14,5,1,1,3.08,3,0
2036-08-15,2,2,1,2.75,2,1
2036-08-16,6,1,1,3.0,6,0
2036-08-17,5,0,1,2.38,5,0
2036-08-18,3,1,0,2.9,6,0
2036-08-19,3,2,1,3.32,2,0
2036-08-20,1,4,4,2.26,8,1
2036-08-21,3,2,1,2.59,4,0
2036-08-22,2,3,5,3.43,8,1
2036-08-23,7,5,4,4.88,10,1
2036-08-24,4,2,0,3.12,4,0
2036-08-25,2,2,1,2.99,4,0
2036-08-26,4,0,0,4.92,3,0
2036-08-27,0,1,2,1.68,3,0
2036-08-28,2,1,2,1.83,2,0
2036-08-29,4,0,0,2.7,3,0
2036-08-30,5,3,3,2.06,11,1
2036-08-31,5,1,2,2.93,6,0
2036-09-01,7,4,4,2.34,10,1
2036-09-02,5,5,3,2.4,11,1
2036-09-03,5,0,1,4.33,4,0
2036-09-04,4,1,2,1.94,5,0
2036-09-05,3,2,2,4.65,3,0
2036-09-06,5,2,0,3.24,2,0
2036-09-07,2,4,5,1.98,9,1
2036-09-08,1,2,0,4.86,6,0
2036-09-09,9,1,0,4.78,3,0
2036-09-10,1,1,1,1.81,6,0
2036-09-11,4,2,0,2.88,3,0
2036-09-12,4,0,1,4.57,3,0
2036-09-13,2,1,1,3.49,3,0
2036-09-14,6,0,0,2.59,6,0
2036-09-15,3,4,3,4.08,10,1
2036-09-16,7,2,2,3.62,4,0
2036-09-17,8,1,1,4.88,4,0
2036-09-18,7,0,1,3.43,2,0
2036-09-19,2,1,2,4.33,3,1
2036-09-20,4,2,1,2.57,4,0
2036-09-21,2,1,2,3.26,2,0
2036-09-22,4,3,3,4.33,11,1
2036-09-23,3,0,0,2.35,3,0
2036-09-24,4,0,0,4.95,5,0
2036-09-25,10,1,2,3.53,2,0
2036-09-26,4,1,0,2.95,6,0
2036-09-27,0,2,0,2.01,4,0
2036-09-28,5,0,1,4.81,4,0
2036-09-29,2,2,1,4.18,4,1
2036-09-30,6,2,0,3.91,6,0
2036-10-01,7,0,1,3.5,5,0
2036-10-02,6,2,0,4.04,4,1
2036-10-03,7,4,4,3.12,8,1
2036-10-04,7,1,1,3.56,2,0
2036-10-05,7,3,3,4.59,10,1
2036-10-06,2,2,2,2.44,3,0
2036-10-07,4,4,4,2.09,8,1
2036-10-08,2,2,2,4.76,4,0
2036-10-09,2,1,0,2.38,5,0
2036-10-10,0,3,3,2.23,10,1
2036-10-11,4,2,2,2.91,6,0
2036-10-12,3,4,3,4.93,9,1
2036-10-13,2,2,1,3.41,3,0
2036-10-14,5,0,1,1.6,6,0
2036-10-15,4,0,1,1.56,3,0
2036-10-16,5,1,2,4.05,4,0
2036-10-17,5,2,0,3.94,2,0
2036-10-18,6,2,2,3.17,3,0
2036-10-19,3,2,1,3.64,5,0
2036-10-20,7,2,1,3.96,5,0
2036-10-21,2,5,4,2.51,9,1
2036-10-22,1,2,1,4.79,4,0
2036-10-23,4,0,2,3.44,4,0
2036-10-24,2,1,0,4.39,4,0
2036-10-25,3,4,3,2.38,8,1
2036-10-26,6,1,2,3.33,5,0
2036-10-27,3,2,0,2.26,6,0
2036-10-28,4,3,4,2.37,9,1
2036-10-29,3,3,4,2.23,11,1
2036-10-30,9,2,2,2.96,3,1
2036-10-31,4,1,1,2.94,4,0
2036-11-01,2,1,1,2.02,2,0
2036-11-02,9,2,2,2.63,2,0
2036-11-03,5,0,0,2.06,5,0
2036-11-04,3,4,4,2.68,9,1
2036-11-05,3,4,5,2.55,11,1
2036-11-06,4,1,0,1.59,4,0
2036-11-07,2,1,0,4.18,5,0
2036-11-08,3,1,0,4.54,4,0
2036-11-09,0,2,0,2.83,3,0
2036-11-10,5,5,3,3.9,8,1
2036-11-11,3,0,2,4.96,4,0
2036-11-12,9,2,0,3.72,2,0
2036-11-13,3,3,4,2.19,9,1
2036-11-14,6,4,3,1.93,11,1
2036-11-15,5,1,0,2.9,5,0
2036-11-16,7,0,1,4.26,5,0
2036-11-17,4,5,3,3.06,11,1
2036-11-18,1,0,2,4.87,3,1
2036-11-19,3,1,2,2.31,4,0
2036-11-20,6,0,1,4.49,6,0
2036-11-21,5,3,5,2.05,11,1
2036-11-22,2,4,3,4.19,8,1
2036-11-23,7,5,4,3.91,10,1
2036-11-24,2,2,1,4.38,2,0
2036-11-25,6,3,3,3.24,9,1
2036-11-26,3,1,1,4.14,5,0
2036-11-27,6,0,1,3.56,5,0
2036-11-28,2,1,1,4.27,2,0
2036-11-29,1,2,2,4.95,3,0
2036-11-30,6,0,0,3.45,6,0
2036-12-01,3,1,0,2.43,2,0
2036-12-02,2,1,0,3.41,5,0
2036-12-03,5,4,4,1.66,11,1
2036-12-04,3,3,5,2.06,11,1
2036-12-05,4,1,1,3.98,5,0
2036-12-06,4,4,4,4.38,11,1
2036-12-07,1,1,0,3.79,6,0
2036-12-08,8,1,2,4.07,4,1
2036-12-09,4,2,0,1.76,6,0
2036-12-10,3,5,3,3.28,8,1
2036-12-11,3,4,3,2.5,10,1
2036-12-12,4,4,3,3.27,11,1
2036-12-13,2,5,4,1.8,8,1
2036-12-14,2,2,0,3.96,5,0
2036-12-15,4,0,0,1.94,4,0
2036-12-16,0,2,0,2.41,3,1
2036-12-17,5,0,2,3.59,3,0
2036-12-18,3,4,5,3.25,8,1
2036-12-19,5,2,1,4.61,3,0
2036-12-20,10,2,1,2.54,5,0
2036-12-21,2,2,0,3.52,3,0
2036-12-22,6,2,1,2.11,2,0
2036-12-23,9,1,0,1.75,6,0
2036-12-24,5,2,0,4.55,6,0
2036-12-25,7,1,0,5.0,6,0
2036-12-26,3,0,1,4.2,6,0
2036-12-27,6,3,4,2.48,9,1
2036-12-28,9,3,3,2.52,8,1
2036-12-29,2,5,3,4.52,11,1
2036-12-30,3,0,2,2.08,3,0
2036-12-31,3,1,1,2.13,2,0
2037-01-01,4,3,5,2.0,8,1
2037-01-02,3,1,1,2.11,2,0
2037-01-03,6,1,2,2.11,4,0
2037-01-04,1,2,0,1.59,6,1
2037-01-05,3,1,1,4.01,6,1
2037-01-06,4,0,0,2.81,6,1
2037-01-07,6,1,0,4.99,4,1
2037-01-08,7,1,0,4.42,6,0
2037-01-09,9,2,1,2.79,3,0
2037-01-10,0,4,4,4.89,8,1
2037-01-11,1,3,3,3.02,8,1
2037-01-12,5,0,1,3.7,2,1
2037-01-13,1,4,4,3.65,8,1
2037-01-14,1,4,4,3.85,11,1
2037-01-15,7,0,1,4.02,3,0
2037-01-16,4,1,1,2.64,6,0
2037-01-17,4,1,0,2.19,3,0
2037-01-18,3,0,0,2.35,3,1
2037-01-19,4,5,5,1.55,8,1
2037-01-20,7,0,2,2.55,3,0
2037-01-21,5,0,1,4.09,3,0
2037-01-22,1,1,0,2.43,4,0
2037-01-23,3,2,1,4.2,6,0
2037-01-24,4,0,0,3.05,5,0
2037-01-25,5,2,0,2.57,2,0
2037-01-26,7,0,1,2.78,2,0
2037-01-27,4,2,1,4.9,2,1
2037-01-28,8,4,3,2.01,9,1
2037-01-29,4,0,2,3.25,2,0
2037-01-30,3,0,0,2.58,2,0
2037-01-31,0,0,0,3.43,4,0
2037-02-01,1,4,5,4.6,11,1
2037-02-02,5,2,1,1.53,5,0
2037-02-03,4,0,1,3.3,6,0
2037-02-04,2,0,0,2.28,2,0
2037-02-05,4,3,4,4.91,10,1
2037-02-06,4,5,4,4.57,11,1
2037-02-07,4,2,0,4.85,3,1
2037-02-08,5,0,0,2.5,4,1
2037-02-09,1,4,3,4.15,8,1
2037-02-10,6,4,5,4.09,9,1
2037-02-11,4,0,2,3.13,5,0
2037-02-12,5,0,2,3.29,6,0
2037-02-13,5,3,4,3.67,10,1
2037-02-14,4,1,1,2.27,4,0
2037-02-15,12,0,2,4.49,5,0
2037-02-16,9,4,5,1.93,10,1
2037-02-17,0,2,0,2.63,6,0
2037-02-18,4,2,0,3.19,4,0
2037-02-19,3,1,2,4.77,3,0
2037-02-20,2,1,1,4.3,3,0
2037-02-21,9,3,4,4.34,8,1
2037-02-22,5,0,0,2.98,2,0
2037-02-23,5,2,0,2.01,6,0
2037-02-24,2,5,3,4.32,8,1
2037-02-25,3,0,0,4.09,3,0
2037-02-26,1,5,5,2.19,11,1
2037-02-27,7,3,5,3.27,9,1
2037-02-28,3,0,2,4.36,6,0
2037-03-01,4,2,0,1.96,4,0
2037-03-02,3,2,1,1.69,6,0
2037-03-03,2,3,5,3.34,9,1
2037-03-04,7,1,0,4.81,4,0
2037-03-05,3,4,4,1.71,8,1
2037-03-06,5,1,2,2.38,6,0
2037-03-07,4,3,5,2.37,8,1
2037-03-08,1,2,0,3.89,3,0
2037-03-09,5,2,1,1.93,2,0
2037-03-10,4,0,2,3.22,4,0
2037-03-11,3,1,2,3.54,5,0
2037-03-12,2,4,4,3.9,9,1
2037-03-13,3,4,4,4.31,8,1
2037-03-14,13,4,5,4.06,11,1
2037-03-15,6,1,2,3.7,4,0
2037-03-16,3,2,1,4.99,3,1
2037-03-17,0,2,1,3.95,2,0
2037-03-18,2,2,1,4.7,2,0
2037-03-19,8,3,4,2.72,10,1
2037-03-20,5,0,2,1.98,3,0
2037-03-21,5,5,4,2.2,8,1
2037-03-22,6,1,0,3.63,6,0
2037-03-23,3,1,1,3.75,2,0
2037-03-24,1,2,2,3.95,5,0
2037-03-25,4,0,2,4.37,2,0
2037-03-26,3,4,5,3.78,11,1
2037-03-27,4,5,3,2.27,11,1
2037-03-28,4,0,2,3.24,6,0
2037-03-29,5,2,1,4.38,5,0
2037-03-30,6,3,5,2.46,9,1
2037-03-31,5,0,0,2.01,4,0
2037-04-01,4,2,2,4.76,6,0
2037-04-02,2,3,4,3.53,9,1
2037-04-03,2,2,0,4.04,3,0
2037-04-04,6,1,0,2.87,4,0
2037-04-05,6,1,2,4.98,5,0
2037-04-06,2,2,1,2.99,5,0
2037-04-07,4,0,1,4.68,3,1
2037-04-08,4,0,0,4.36,6,0
2037-04-09,3,1,1,1.82,6,0
2037-04-10,2,0,1,4.77,2,0
2037-04-11,5,0,0,4.59,2,1
2037-04-12,5,0,1,2.55,2,0
2037-04-13,1,3,5,1.97,9,1
2037-04-14,3,0,2,2.29,6,0
2037-04-15,8,0,0,3.85,5,0
2037-04-16,4,0,2,2.65,3,0
2037-04-17,4,1,2,2.55,4,0
2037-04-18,3,0,1,1.86,5,0
2037-04-19,3,2,0,4.83,2,1
2037-04-20,1,4,4,3.66,8,1
2037-04-21,2,4,4,4.25,11,1
2037-04-22,2,1,0,4.18,6,0
2037-04-23,1,2,1,1.84,6,0
2037-04-24,5,0,2,2.89,4,0
2037-04-25,2,2,0,2.95,3,0
2037-04-26,3,5,5,3.99,10,1
2037-04-27,5,5,5,4.05,8,1
2037-04-28,6,4,4,3.29,9,1
2037-04-29,7,4,4,2.89,9,1
2037-04-30,3,1,1,3.37,2,0
2037-05-01,1,0,1,1.83,5,0
2037-05-02,2,1,1,1.93,5,0
2037-05-03,6,5,3,3.71,9,1
2037-05-04,2,2,1,3.23,3,0
2037-05-05,4,0,2,4.49,4,0
2037-05-06,7,1,0,4.46,4,0
2037-05-07,7,5,4,2.52,11,1
2037-05-08,3,2,0,3.12,5,0
2037-05-09,7,0,0,2.73,5,0
2037-05-10,7,0,1,4.63,2,1
2037-05-11,6,2,1,4.37,6,0
2037-05-12,3,3,3,3.86,9,1
2037-05-13,7,2,0,2.09,6,0
2037-05-14,1,5,3,2.92,11,1
2037-05-15,2,0,0,3.25,3,0
2037-05-16,5,5,3,4.03,10,1
2037-05-17,4,1,2,4.5,5,0
2037-05-18,6,2,0,4.36,4,0
2037-05-19,6,2,2,2.88,6,0
2037-05-20,6,3,5,4.91,10,1
2037-05-21,2,1,1,3.73,4,0
2037-05-22,9,3,5,3.76,9,1
2037-05-23,3,3,4,2.61,10,1
2037-05-24,5,2,2,1.88,2,0
2037-05-25,4,2,0,1.87,6,0
2037-05-26,3,1,2,2.88,4,0
2037-05-27,5,2,2,1.89,3,0
2037-05-28,5,5,4,1.92,11,1
2037-05-29,4,0,1,4.86,2,0
2037-05-30,3,0,1,3.83,5,0
2037-05-31,7,1,0,4.98,4,0
2037-06-01,6,2,1,2.04,5,0
2037-06-02,3,2,1,2.64,4,0
2037-06-03,3,1,2,3.84,4,0
2037-06-04,2,0,1,3.34,5,0
2037-06-05,5,1,2,2.6,3,1
2037-06-06,10,2,2,3.93,2,0
2037-06-07,8,1,1,4.04,4,0
2037-06-08,4,4,3,3.49,10,1
2037-06-09,3,0,1,3.48,3,0
2037-06-10,6,2,0,2.36,2,1
2037-06-11,6,1,0,4.33,5,0
2037-06-12,4,1,1,1.77,3,1
2037-06-13,7,5,5,4.92,10,1
2037-06-14,3,2,2,1.54,3,0
2037-06-15,3,5,4,1.54,9,1
2037-06-16,3,2,2,4.86,3,1
2037-06-17,2,3,5,1.85,8,1
2037-06-18,8,1,2,2.67,6,0
2037-06-19,6,1,0,3.01,5,0
2037-06-20,5,4,3,2.43,11,1
2037-06-21,6,3,4,3.95,9,1
2037-06-22,3,4,3,2.18,10,1
2037-06-23,1,0,1,4.72,2,0
2037-06-24,5,0,1,4.76,2,0
2037-06-25,5,4,3,3.18,8,1
2037-06-26,3,2,2,4.44,4,0
2037-06-27,4,2,0,2.54,3,0
2037-06-28,6,3,3,1.75,9,1
2037-06-29,6,5,5,2.47,8,1
2037-06-30,6,0,2,3.13,4,0
2037-07-01,5,4,4,2.28,9,1
2037-07-02,4,0,0,4.0,2,1
2037-07-03,6,0,1,4.66,2,0
2037-07-04,5,3,4,4.98,11,1
2037-07-05,3,2,1,1.51,2,0
2037-07-06,5,0,2,4.18,6,0
2037-07-07,1,5,5,3.48,11,1
2037-07-08,4,0,1,4.39,3,0
2037-07-09,5,3,5,4.52,8,1
2037-07-10,5,0,1,4.96,3,0
2037-07-11,6,0,0,4.06,3,0
2037-07-12,2,4,3,1.67,8,1
2037-07-13,7,4,5,2.72,10,1
2037-07-14,4,3,4,4.34,8,1
2037-07-15,8,0,1,3.92,4,0
2037-07-16,3,3,3,2.14,11,1
2037-07-17,1,1,2,3.37,4,1
2037-07-18,4,2,2,1.93,3,0
2037-07-19,5,2,2,4.8,5,0
2037-07-20,3,2,1,4.56,4,0
2037-07-21,0,1,2,3.82,4,0
2037-07-22,5,3,5,4.54,11,1
2037-07-23,2,4,4,4.28,10,1
2037-07-24,7,0,2,1.7,6,0
2037-07-25,3,1,2,2.2,5,0
2037-07-26,4,0,0,4.14,2,1
2037-07-27,3,2,2,1.54,4,0
2037-07-28,4,2,1,4.81,2,0
2037-07-29,5,0,1,2.01,5,0
2037-07-30,1,0,0,4.04,4,0
2037-07-31,4,2,0,2.86,5,0
2037-08-01,4,0,1,3.85,6,0
2037-08-02,2,0,2,3.64,4,0
2037-08-03,2,3,4,3.92,10,1
2037-08-04,4,0,2,4.39,4,0
2037-08-05,2,1,0,4.27,2,0
2037-08-06,6,2,0,2.96,5,0
2037-08-07,3,5,4,3.62,10,1
2037-08-08,1,0,1,4.03,6,0
2037-08-09,3,0,2,2.56,3,0
2037-08-10,2,4,4,4.28,8,1
2037-08-11,6,2,0,3.98,2,0
2037-08-12,8,5,4,4.79,10,1
2037-08-13,4,2,2,4.58,3,0
2037-08-14,3,2,1,3.45,5,0
2037-08-15,0,5,4,3.04,11,1
2037-08-16,1,4,5,3.5,9,1
2037-08-17,5,5,5,2.09,11,1
2037-08-18,7,5,4,2.67,8,1
2037-08-19,5,5,3,1.94,9,1
2037-08-20,1,1,0,2.08,5,0
2037-08-21,3,0,1,1.55,2,0
2037-08-22,7,0,2,2.31,3,0
2037-08-23,7,3,4,3.06,11,1
2037-08-24,6,1,2,2.27,6,1
2037-08-25,4,0,1,3.43,6,0
2037-08-26,3,2,0,4.88,4,0
2037-08-27,5,4,5,1.9,8,1
2037-08-28,0,1,2,2.64,3,0
2037-08-29,2,5,3,2.83,9,1
2037-08-30,4,2,1,3.53,6,0
2037-08-31,4,4,4,2.05,9,1
2037-09-01,3,3,3,3.66,8,1
2037-09-02,8,0,2,4.36,3,0
2037-09-03,3,1,0,2.63,2,0
2037-09-04,5,1,1,3.4,3,0
2037-09-05,4,1,0,2.91,5,0
2037-09-06,6,1,1,3.98,4,0
2037-09-07,5,1,2,3.46,6,0
2037-09-08,5,2,0,3.73,3,0
2037-09-09,4,5,3,4.2,9,1
2037-09-10,6,1,0,1.65,6,0
2037-09-11,4,5,5,2.14,8,1
2037-09-12,9,1,0,4.9,5,1
2037-09-13,3,2,1,4.95,5,0
2037-09-14,3,2,1,4.33,2,0
2037-09-15,4,4,5,4.34,9,1
2037-09-16,3,3,5,2.0,8,1
2037-09-17,6,1,0,3.92,5,0
2037-09-18,6,2,0,4.68,4,0
2037-09-19,5,0,2,3.46,4,0
2037-09-20,4,0,0,4.18,6,1
2037-09-21,7,1,1,2.94,6,0
2037-09-22,2,1,0,3.6,6,0
2037-09-23,7,0,2,2.71,5,1
2037-09-24,2,0,1,2.8,4,0
2037-09-25,2,0,1,4.41,2,0
2037-09-26,3,1,0,4.21,2,0
2037-09-27,1,2,0,3.08,6,0
2037-09-28,3,2,1,1.94,6,0
2037-09-29,6,2,0,1.98,3,0
2037-09-30,4,0,1,4.65,6,0
2037-10-01,2,5,3,3.04,8,1
2037-10-02,4,2,0,2.26,5,0
2037-10-03,5,0,2,4.71,6,1
2037-10-04,5,1,1,2.81,6,0
2037-10-05,4,0,0,4.34,3,0
2037-10-06,4,1,0,2.89,3,0
2037-10-07,0,4,4,1.98,10,1
2037-10-08,2,5,3,4.45,11,1
2037-10-09,6,0,2,4.55,5,0
2037-10-10,3,0,1,2.59,5,0
2037-10-11,3,0,1,3.26,5,1
2037-10-12,3,0,1,1.61,5,1
2037-10-13,4,2,1,3.92,6,0
2037-10-14,4,4,4,3.69,8,1
2037-10-15,3,2,0,1.6,4,0
2037-10-16,1,2,2,4.15,4,0
2037-10-17,4,2,1,4.82,2,0
2037-10-18,6,1,1,1.94,6,0
2037-10-19,2,4,4,2.43,9,1
2037-10-20,2,5,5,3.3,11,1
2037-10-21,4,2,0,2.51,3,0
2037-10-22,4,0,1,1.55,4,0
2037-10-23,2,3,3,2.63,8,1
2037-10-24,5,1,2,3.23,3,0
2037-10-25,3,2,1,1.66,2,0
2037-10-26,2,2,1,3.09,2,0
2037-10-27,2,0,1,4.39,2,0
2037-10-28,6,5,5,2.1,9,1
2037-10-29,2,3,4,2.48,9,1
2037-10-30,3,1,0,1.59,5,0
2037-10-31,5,2,2,1.91,3,0
2037-11-01,5,1,2,1.52,5,0
2037-11-02,4,2,0,2.64,3,1
2037-11-03,4,5,3,2.77,8,1
2037-11-04,3,3,3,2.28,10,1
2037-11-05,7,0,1,4.62,3,0
2037-11-06,3,4,4,4.62,9,1
2037-11-07,2,5,3,4.39,10,1
2037-11-08,3,1,1,2.69,2,0
2037-11-09,6,3,3,3.15,10,1
2037-11-10,5,2,0,2.75,4,0
2037-11-11,5,2,0,2.42,6,0
2037-11-12,6,2,2,3.66,4,0
2037-11-13,4,5,4,2.93,10,1
2037-11-14,4,2,0,2.05,2,0
2037-11-15,8,3,3,2.39,10,1
2037-11-16,3,5,5,2.33,10,1
2037-11-17,3,0,1,4.43,6,0
2037-11-18,4,2,0,3.09,2,0
2037-11-19,3,1,2,2.35,6,0
2037-11-20,4,0,0,3.56,4,0
2037-11-21,5,0,1,2.95,3,0
2037-11-22,5,2,1,4.33,2,0
2037-11-23,3,3,3,4.23,9,1
2037-11-24,4,5,4,3.02,11,1
2037-11-25,2,1,2,3.98,5,1
2037-11-26,12,2,1,3.29,6,1
2037-11-27,2,1,1,1.69,6,0
2037-11-28,2,0,2,3.64,3,0
2037-11-29,3,0,0,2.72,4,1
2037-11-30,5,1,1,4.48,4,0
2037-12-01,5,4,3,3.23,10,1
2037-12-02,4,5,5,3.65,9,1
2037-12-03,4,5,3,1.53,10,1
2037-12-04,2,2,0,2.42,5,0
2037-12-05,9,0,0,2.06,2,0
2037-12-06,1,0,0,3.57,6,0
2037-12-07,2,1,2,3.84,5,0
2037-12-08,4,1,1,2.14,3,0
2037-12-09,4,3,5,3.05,8,1
2037-12-10,7,1,2,2.48,5,0
2037-12-11,2,1,0,3.2,2,1
2037-12-12,3,3,4,3.15,8,1
2037-12-13,5,0,0,3.23,2,0
2037-12-14,3,2,0,4.15,3,0
2037-12-15,7,1,0,4.23,4,0
2037-12-16,8,0,1,2.61,4,1
2037-12-17,7,0,0,2.98,5,1
2037-12-18,6,1,2,4.41,5,0
2037-12-19,3,1,2,4.87,5,0
2037-12-20,4,3,5,2.93,10,1
2037-12-21,6,0,0,2.41,3,0
2037-12-22,1,2,2,4.22,6,0
2037-12-23,6,0,1,3.6,4,0
2037-12-24,6,5,5,2.79,8,1
2037-12-25,3,3,5,2.78,8,1
2037-12-26,3,0,1,1.76,6,0
2037-12-27,2,3,3,4.46,8,1
2037-12-28,2,0,1,3.57,2,0
2037-12-29,6,2,2,3.06,3,1
2037-12-30,1,5,4,4.47,9,1
2037-12-31,4,2,1,1.9,2,0
2038-01-01,6,1,0,2.34,3,0
2038-01-02,3,0,0,3.87,6,0
2038-01-03,4,0,2,1.74,2,0
2038-01-04,7,4,5,3.99,9,1
2038-01-05,5,0,0,1.56,4,0
2038-01-06,0,2,0,2.04,5,1
2038-01-07,1,1,0,3.78,6,0
2038-01-08,3,2,0,3.75,4,0
2038-01-09,2,0,2,4.7,5,0
2038-01-10,3,1,1,3.56,2,0
2038-01-11,2,0,2,1.87,3,0
2038-01-12,5,0,1,4.21,6,0
2038-01-13,5,2,2,1.96,6,0
2038-01-14,3,3,4,3.06,10,1
2038-01-15,4,0,2,3.09,5,0
2038-01-16,2,5,5,4.57,10,1
2038-01-17,6,2,0,3.46,2,0
2038-01-18,6,1,2,4.85,3,0
2038-01-19,4,0,0,2.16,2,0
2038-01-20,5,0,1,1.61,5,0
2038-01-21,2,1,0,2.18,4,0
2038-01-22,5,1,0,4.57,6,0
2038-01-23,6,1,0,2.52,3,0
2038-01-24,5,5,4,2.36,8,1
2038-01-25,4,2,2,4.79,2,0
2038-01-26,4,0,0,2.11,6,0
2038-01-27,1,5,5,4.02,10,1
2038-01-28,3,2,1,4.9,2,0
2038-01-29,3,2,2,4.99,5,0
2038-01-30,5,5,5,4.55,10,1
2038-01-31,4,2,1,1.74,5,0
2038-02-01,12,5,5,2.15,9,1
2038-02-02,5,2,0,2.72,3,0
2038-02-03,3,0,1,1.81,3,0
2038-02-04,5,2,2,2.33,4,0
2038-02-05,5,0,2,4.37,4,0
2038-02-06,4,0,2,3.99,4,0
2038-02-07,4,2,2,2.81,4,0
2038-02-08,3,4,5,3.91,10,1
2038-02-09,3,2,0,2.27,2,0
2038-02-10,3,4,4,1.9,9,1
2038-02-11,1,0,2,3.91,2,0
2038-02-12,4,4,3,4.28,9,1
2038-02-13,3,2,0,2.39,6,0
2038-02-14,5,1,0,3.0,3,1
2038-02-15,3,4,3,2.02,9,1
2038-02-16,3,2,1,1.67,5,0
2038-02-17,1,2,2,3.14,6,0
2038-02-18,5,2,0,3.45,5,0
2038-02-19,4,2,0,2.67,3,0
2038-02-20,4,2,2,1.84,4,0
2038-02-21,1,1,0,1.7,6,0
2038-02-22,7,1,0,1.97,6,0
2038-02-23,4,0,2,4.04,5,0
2038-02-24,6,1,0,3.51,6,0
2038-02-25,5,1,0,1.89,4,0
2038-02-26,3,2,2,3.87,3,0
2038-02-27,5,5,4,4.04,9,1
2038-02-28,3,4,3,3.75,8,1
2038-03-01,3,0,1,1.71,2,0
2038-03-02,0,1,1,2.35,3,0
2038-03-03,3,1,0,3.61,4,0
2038-03-04,2,0,1,4.5,5,1
2038-03-05,3,0,1,1.6,3,0
2038-03-06,6,0,2,4.67,2,0
2038-03-07,6,3,4,2.77,11,1
2038-03-08,3,5,3,4.17,11,1
2038-03-09,5,1,1,2.17,6,0
2038-03-10,4,1,1,2.99,4,0
2038-03-11,9,2,0,3.56,6,0
2038-03-12,10,2,1,4.4,5,0
2038-03-13,4,2,0,4.57,5,0
2038-03-14,5,2,1,4.0,4,0
2038-03-15,2,0,1,4.19,3,0
2038-03-16,3,3,4,4.77,8,1
2038-03-17,6,3,3,3.26,10,1
2038-03-18,1,2,0,4.87,6,0
2038-03-19,4,0,1,1.87,3,0
2038-03-20,2,0,2,4.85,5,1
2038-03-21,6,3,5,3.75,9,1
2038-03-22,2,1,1,2.79,5,1
2038-03-23,5,1,0,3.16,5,1
2038-03-24,5,5,4,3.97,8,1
2038-03-25,1,0,1,3.12,3,0
2038-03-26,2,1,0,3.52,5,0
2038-03-27,10,1,1,2.46,6,0
2038-03-28,3,1,0,4.02,6,0
2038-03-29,4,0,1,2.65,3,0
2038-03-30,4,4,3,1.8,8,1
2038-03-31,2,1,1,4.51,2,0
2038-04-01,8,5,5,3.12,8,1
2038-04-02,2,2,2,1.6,5,0
2038-04-03,6,0,2,1.94,6,0
2038-04-04,3,0,0,3.28,5,0
2038-04-05,3,2,0,4.14,2,0
2038-04-06,5,3,5,4.4,10,1
2038-04-07,3,1,0,4.99,2,0
2038-04-08,2,4,4,4.24,11,1
2038-04-09,2,0,0,4.23,3,0
2038-04-10,1,0,1,2.18,3,0
2038-04-11,5,0,2,4.89,4,0
2038-04-12,3,2,0,1.81,2,0
2038-04-13,3,1,2,3.72,6,0
2038-04-14,3,3,3,3.42,10,1
2038-04-15,4,2,2,4.11,4,0
2038-04-16,7,0,1,4.01,5,0
2038-04-17,1,4,4,4.34,8,1
2038-04-18,3,0,0,4.66,3,0
2038-04-19,3,3,3,4.94,11,1
2038-04-20,1,3,3,1.78,10,1
2038-04-21,5,2,0,2.14,6,0
2038-04-22,1,0,1,1.86,4,0
2038-04-23,3,4,4,4.99,11,1
2038-04-24,7,4,3,3.85,11,1
2038-04-25,7,4,5,4.55,8,1
2038-04-26,0,4,4,4.5,11,1
2038-04-27,0,2,2,1.67,2,0
2038-04-28,3,0,0,3.57,5,0
2038-04-29,2,3,3,4.95,10,1
2038-04-30,2,2,0,3.36,6,0
2038-05-01,2,3,5,1.77,10,1
2038-05-02,2,2,0,5.0,5,0
2038-05-03,4,1,1,4.69,5,0
2038-05-04,6,1,2,1.83,3,0
2038-05-05,4,0,2,4.9,3,0
2038-05-06,3,2,2,4.87,2,0
2038-05-07,7,2,2,2.36,5,0
2038-05-08,7,2,2,4.49,5,0
2038-05-09,9,0,0,3.36,3,0
2038-05-10,4,3,4,2.6,9,1
2038-05-11,3,3,4,2.71,9,1
2038-05-12,7,1,1,1.92,3,0
2038-05-13,2,1,2,2.99,6,0
2038-05-14,6,5,4,4.75,10,1
2038-05-15,6,2,2,3.76,3,0
2038-05-16,3,0,0,4.12,6,0
2038-05-17,2,1,0,1.89,3,0
2038-05-18,3,0,1,2.39,3,0
2038-05-19,2,1,1,3.44,2,1
2038-05-20,3,2,0,4.31,4,0
2038-05-21,4,5,3,4.21,9,1
2038-05-22,7,1,1,4.23,3,0
2038-05-23,5,2,2,1.81,6,0
2038-05-24,3,2,2,1.55,4,0
2038-05-25,7,1,1,4.04,2,0
2038-05-26,3,0,0,2.01,6,0
2038-05-27,5,1,2,1.83,5,0
2038-05-28,6,0,2,3.01,3,0
2038-05-29,3,2,0,4.84,6,0
2038-05-30,0,0,0,3.92,4,0
2038-05-31,2,2,1,3.0,3,0
2038-06-01,5,0,1,2.8,3,0
2038-06-02,5,5,4,1.59,11,1
2038-06-03,5,1,2,2.14,5,0
2038-06-04,6,1,1,2.35,3,0
2038-06-05,4,2,2,4.94,3,0
2038-06-06,4,3,4,2.66,8,1
2038-06-07,4,1,2,2.06,4,0
2038-06-08,3,2,0,2.74,4,0
2038-06-09,8,0,0,1.54,4,0
2038-06-10,1,0,2,3.84,5,0
2038-06-11,4,2,0,2.43,4,0
2038-06-12,3,1,2,3.71,6,0
2038-06-13,5,0,1,1.88,3,0
2038-06-14,8,5,3,1.63,11,1
2038-06-15,7,4,5,4.2,8,1
2038-06-16,4,1,1,3.64,2,0
2038-06-17,3,1,1,4.15,2,0
2038-06-18,0,5,4,2.94,9,1
2038-06-19,2,2,1,2.09,4,1
2038-06-20,3,0,2,3.08,5,0
2038-06-21,5,1,1,4.36,6,0
2038-06-22,2,0,1,2.29,5,0
2038-06-23,3,0,0,2.43,6,0
2038-06-24,5,1,2,1.61,6,1
2038-06-25,5,1,0,4.67,5,0
2038-06-26,1,1,0,2.02,3,0
2038-06-27,4,2,1,2.83,6,0
2038-06-28,1,0,0,4.2,5,0
2038-06-29,4,3,4,4.28,10,1
2038-06-30,7,2,2,4.27,5,0
2038-07-01,1,0,0,2.69,6,0
2038-07-02,8,4,4,2.05,8,1
2038-07-03,8,0,1,2.07,6,0
2038-07-04,4,3,3,4.36,8,1
2038-07-05,2,2,0,3.88,5,0
2038-07-06,3,0,0,3.18,3,0
2038-07-07,3,0,2,4.52,2,1
2038-07-08,2,2,0,3.44,5,0
2038-07-09,5,1,1,3.9,6,0
2038-07-10,2,0,0,2.28,4,0
2038-07-11,4,1,1,3.81,3,1
2038-07-12,4,4,3,1.82,8,1
2038-07-13,5,0,0,1.78,6,0
2038-07-14,5,5,4,2.56,10,1
2038-07-15,4,3,3,4.32,10,1
2038-07-16,6,1,2,1.6,3,0
2038-07-17,1,0,0,2.96,5,0
2038-07-18,6,2,2,4.82,4,0
2038-07-19,6,5,5,4.25,9,1
2038-07-20,3,0,2,1.91,2,0
2038-07-21,3,4,4,4.29,11,1
2038-07-22,4,2,0,1.96,2,0
2038-07-23,3,2,2,2.76,5,0
2038-07-24,2,1,1,4.6,3,0
2038-07-25,7,1,0,4.87,3,1
2038-07-26,5,3,3,4.88,10,1
2038-07-27,0,0,2,2.83,4,0
2038-07-28,5,1,1,4.0,6,0
2038-07-29,3,0,0,2.17,5,0
2038-07-30,6,0,1,4.08,4,0
2038-07-31,2,0,2,3.38,5,0
2038-08-01,1,1,2,2.76,2,0
2038-08-02,3,2,1,2.08,2,0
2038-08-03,5,0,0,2.73,3,0
2038-08-04,5,1,0,3.77,3,0
2038-08-05,7,5,4,2.8,8,1
2038-08-06,3,1,0,3.99,3,0
2038-08-07,8,5,5,3.25,11,1
2038-08-08,2,0,1,1.83,6,0
2038-08-09,4,5,4,3.82,9,1
2038-08-10,4,2,1,4.22,5,0
2038-08-11,2,1,1,2.43,2,0
2038-08-12,1,0,1,3.59,2,0
2038-08-13,4,3,5,4.76,11,1
2038-08-14,1,2,0,4.32,3,0
2038-08-15,4,4,3,3.8,10,1
2038-08-16,4,1,0,2.74,4,1
2038-08-17,5,1,1,3.06,4,0
2038-08-18,4,0,0,3.75,6,1
2038-08-19,1,2,1,4.69,6,1
2038-08-20,1,1,2,2.89,2,0
2038-08-21,2,0,0,4.52,5,0
2038-08-22,6,0,2,4.22,4,0
2038-08-23,3,2,2,3.27,6,0
2038-08-24,7,0,0,3.83,6,0
2038-08-25,3,5,4,4.77,11,1
2038-08-26,4,0,0,4.43,3,0
2038-08-27,6,1,1,2.85,2,0
2038-08-28,5,5,3,3.32,11,1
2038-08-29,8,0,2,1.9,5,0
2038-08-30,2,1,0,2.95,4,0
2038-08-31,9,2,1,3.28,3,0
2038-09-01,4,0,1,4.2,3,0
2038-09-02,3,2,2,3.46,4,0
2038-09-03,2,2,1,4.82,6,0
2038-09-04,4,0,0,4.87,3,0
2038-09-05,3,5,4,4.08,11,1
2038-09-06,2,1,2,4.34,4,0
2038-09-07,5,0,0,2.83,3,0
2038-09-08,4,2,0,4.51,3,0
2038-09-09,3,3,4,2.76,11,1
2038-09-10,3,0,1,4.31,6,0
2038-09-11,3,0,1,3.43,3,0
2038-09-12,2,1,1,2.1,2,0
2038-09-13,3,0,2,3.54,6,0
2038-09-14,1,2,2,2.77,5,1
2038-09-15,2,2,1,3.53,4,0
2038-09-16,5,0,1,2.48,3,0
2038-09-17,4,3,4,3.34,10,1
2038-09-18,1,5,5,2.48,9,1
2038-09-19,2,3,4,2.52,9,1
2038-09-20,5,1,1,4.95,2,0
2038-09-21,2,5,4,1.55,8,1
2038-09-22,8,2,0,2.1,3,1
2038-09-23,4,0,0,4.04,2,0
2038-09-24,4,2,0,2.39,2,0
2038-09-25,5,1,1,3.74,2,0
2038-09-26,5,4,4,2.1,10,1
2038-09-27,5,2,0,4.35,6,0
2038-09-28,2,5,4,1.53,10,1
2038-09-29,4,2,0,3.46,5,0
2038-09-30,4,0,2,3.68,6,0
2038-10-01,1,1,1,2.68,2,1
2038-10-02,1,1,0,3.46,5,0
2038-10-03,6,0,2,2.28,6,0
2038-10-04,3,2,1,2.3,4,0
2038-10-05,4,3,5,4.26,10,1
2038-10-06,4,5,3,2.53,10,1
2038-10-07,1,5,3,4.78,9,1
2038-10-08,2,3,5,4.57,10,1
2038-10-09,2,2,2,3.76,4,0
2038-10-10,3,2,2,4.62,3,0
2038-10-11,6,3,3,3.15,9,1
2038-10-12,5,1,0,4.48,6,0
2038-10-13,9,1,2,3.85,3,0
2038-10-14,7,3,4,1.95,10,1
2038-10-15,6,5,5,4.77,10,1
2038-10-16,4,1,1,4.41,5,0
2038-10-17,8,3,4,2.52,9,1
2038-10-18,9,1,2,1.67,4,0
2038-10-19,3,2,1,3.26,5,0
2038-10-20,2,1,0,1.78,6,0
2038-10-21,8,5,5,2.38,10,1
2038-10-22,3,0,1,3.93,3,1
2038-10-23,4,2,2,4.06,5,1
2038-10-24,2,2,2,2.08,4,0
2038-10-25,6,2,0,3.02,3,0
2038-10-26,5,0,0,1.99,4,0
2038-10-27,6,3,4,2.23,8,1
2038-10-28,0,2,2,4.99,3,0
2038-10-29,1,1,0,4.95,4,0
2038-10-30,4,1,1,4.03,3,0
2038-10-31,3,5,3,4.6,8,1
2038-11-01,5,0,1,1.95,3,0
2038-11-02,3,0,2,1.87,5,0
2038-11-03,3,0,2,3.2,5,1
2038-11-04,9,2,2,4.15,2,0
2038-11-05,6,0,0,4.32,3,0
2038-11-06,4,1,1,3.13,2,0
2038-11-07,2,0,1,2.69,5,0
2038-11-08,2,5,4,2.68,9,1
2038-11-09,0,2,1,2.32,5,0
2038-11-10,4,5,4,3.74,8,1
2038-11-11,4,2,1,2.76,5,0
2038-11-12,2,4,3,4.02,8,1
2038-11-13,3,0,0,3.22,4,0
2038-11-14,4,1,1,4.45,3,0
2038-11-15,3,2,2,4.51,5,0
2038-11-16,4,5,4,2.7,9,1
2038-11-17,3,1,0,1.56,6,0
2038-11-18,2,1,0,3.22,4,0
2038-11-19,3,2,1,3.11,3,0
2038-11-20,5,2,0,2.27,3,0
2038-11-21,6,0,2,4.6,2,1
2038-11-22,6,0,0,4.25,3,0
2038-11-23,5,1,2,2.03,2,0
2038-11-24,3,0,2,2.34,4,0
2038-11-25,2,4,4,4.95,9,1
2038-11-26,5,0,1,4.53,3,0
2038-11-27,1,4,4,2.34,11,1
2038-11-28,4,0,2,2.7,6,0
2038-11-29,3,1,1,3.84,5,0
2038-11-30,4,2,2,3.63,6,0
2038-12-01,2,0,2,4.31,6,0
2038-12-02,4,1,1,4.03,3,0
2038-12-03,5,4,5,3.58,10,1
2038-12-04,2,0,0,4.83,4,0
2038-12-05,4,2,0,2.85,6,0
2038-12-06,6,0,2,4.73,2,0
2038-12-07,1,0,0,3.0,5,0
2038-12-08,10,4,5,3.33,8,1
2038-12-09,5,5,5,1.66,8,1
2038-12-10,3,2,2,2.17,6,0
2038-12-11,2,3,5,2.82,8,1
2038-12-12,5,4,4,1.74,10,1
2038-12-13,2,4,4,1.76,9,1
2038-12-14,2,2,0,2.59,2,0
2038-12-15,2,2,1,4.59,2,0
2038-12-16,6,4,3,2.32,11,1
2038-12-17,3,1,2,4.31,4,0
2038-12-18,1,1,1,3.21,5,0
2038-12-19,4,3,4,1.56,11,1
2038-12-20,4,4,4,3.87,11,1
2038-12-21,4,2,2,4.98,3,1
2038-12-22,6,2,1,4.38,3,0
2038-12-23,2,4,5,4.83,10,1
2038-12-24,4,2,1,3.99,5,0
2038-12-25,2,2,0,3.39,3,1
2038-12-26,6,2,0,2.07,4,0
2038-12-27,7,5,3,4.68,8,1
2038-12-28,4,0,0,3.45,3,0
2038-12-29,2,2,0,2.65,5,0
2038-12-30,4,0,1,4.82,2,0
2038-12-31,4,2,0,3.22,5,0
2039-01-01,1,1,1,2.47,3,0
2039-01-02,2,1,0,3.19,5,1
2039-01-03,4,4,5,2.68,11,1
2039-01-04,4,0,1,1.7,6,0
2039-01-05,4,2,2,2.02,4,0
2039-01-06,6,4,5,2.38,8,1
2039-01-07,5,3,5,4.4,11,1
2039-01-08,5,4,5,1.56,9,1
2039-01-09,5,5,3,4.17,9,1
2039-01-10,2,4,3,4.77,10,1
2039-01-11,4,1,1,3.16,4,0
2039-01-12,5,2,1,2.68,3,0
2039-01-13,4,2,0,4.69,3,0
2039-01-14,7,0,2,3.13,6,0
2039-01-15,7,1,2,1.59,4,0
2039-01-16,6,1,0,3.76,6,0
2039-01-17,4,1,2,4.96,5,0
2039-01-18,4,0,0,2.83,3,0
2039-01-19,2,5,3,3.71,8,1
2039-01-20,6,2,1,2.4,5,0
2039-01-21,5,1,2,4.12,3,0
2039-01-22,4,1,2,3.43,4,0
2039-01-23,2,2,1,1.66,3,0
2039-01-24,4,2,0,4.79,6,0
2039-01-25,4,2,1,4.47,2,0
2039-01-26,2,2,1,2.9,3,0
2039-01-27,3,2,2,4.73,4,0
2039-01-28,3,5,5,2.95,9,1
2039-01-29,7,0,0,3.71,3,0
2039-01-30,7,1,0,2.04,3,0
2039-01-31,5,5,4,2.83,11,1
2039-02-01,1,2,0,2.44,3,0
2039-02-02,4,4,5,2.4,9,1
2039-02-03,1,0,0,2.99,2,0
2039-02-04,5,4,5,3.96,11,1
2039-02-05,4,2,2,2.91,2,0
2039-02-06,5,3,4,2.92,9,1
2039-02-07,3,3,5,1.52,11,1
2039-02-08,5,4,5,1.74,8,1
2039-02-09,5,0,0,2.19,2,0
2039-02-10,1,2,1,4.96,2,0
2039-02-11,5,2,1,4.14,3,0
2039-02-12,4,2,2,1.77,5,0
2039-02-13,5,1,2,4.0,6,0
2039-02-14,3,2,0,2.04,4,0
2039-02-15,2,4,4,4.24,11,1
2039-02-16,6,1,0,2.75,2,0
2039-02-17,2,0,2,2.5,6,0
2039-02-18,4,1,0,2.51,4,0
2039-02-19,8,3,5,3.27,11,1
2039-02-20,4,2,0,2.04,6,0
2039-02-21,3,5,3,3.74,8,1
2039-02-22,6,2,0,1.94,2,0
2039-02-23,8,2,1,1.82,3,0
2039-02-24,5,4,4,2.19,9,1
2039-02-25,7,2,2,3.05,5,0
2039-02-26,3,2,0,3.95,3,0
2039-02-27,5,0,0,4.02,5,0
2039-02-28,2,3,4,4.05,8,1
2039-03-01,3,1,2,4.56,4,0
2039-03-02,6,2,0,1.61,4,1
2039-03-03,3,0,2,4.4,5,0
2039-03-04,7,0,2,4.12,5,0
2039-03-05,2,5,4,1.9,8,1
2039-03-06,8,3,4,2.56,11,1
2039-03-07,1,2,2,2.36,4,1
2039-03-08,7,2,0,1.54,5,0
2039-03-09,5,1,1,2.81,6,0
2039-03-10,7,2,2,1.6,5,0
2039-03-11,2,2,1,3.76,4,0
2039-03-12,3,1,0,2.14,4,0
2039-03-13,4,0,1,4.25,3,0
2039-03-14,3,0,1,2.95,2,0
2039-03-15,8,3,5,2.53,11,1
2039-03-16,5,0,0,4.42,3,0
2039-03-17,4,5,5,2.38,10,1
2039-03-18,9,1,0,1.97,6,0
2039-03-19,1,4,4,3.0,8,1
2039-03-20,5,1,0,2.64,2,0
2039-03-21,4,0,2,2.37,3,0
2039-03-22,5,2,2,3.46,2,0
2039-03-23,4,2,0,1.92,6,0
2039-03-24,7,3,4,2.17,9,1
2039-03-25,1,0,0,3.82,5,0
2039-03-26,2,4,5,3.53,11,1
2039-03-27,6,2,0,2.25,3,0
2039-03-28,1,3,3,3.19,8,1
2039-03-29,3,0,1,4.68,3,0
2039-03-30,6,2,0,3.62,4,0
2039-03-31,2,2,1,2.01,6,0
2039-04-01,5,4,3,1.51,11,1
2039-04-02,3,1,1,2.9,5,0
2039-04-03,5,3,5,3.65,9,1
2039-04-04,6,2,1,2.94,6,0
2039-04-05,3,0,2,2.59,2,0
2039-04-06,2,0,1,3.64,5,0
2039-04-07,4,4,4,3.05,11,1
2039-04-08,3,1,0,3.53,5,0
2039-04-09,3,5,5,3.66,8,1
2039-04-10,2,0,2,4.99,3,1
2039-04-11,6,1,2,4.04,6,0
2039-04-12,4,0,0,4.42,4,0
2039-04-13,4,3,4,3.95,11,1
2039-04-14,7,0,2,1.84,5,0
2039-04-15,3,4,4,2.04,11,1
2039-04-16,1,0,1,4.26,2,0
2039-04-17,5,2,2,2.55,5,0
2039-04-18,2,4,5,4.2,9,1
2039-04-19,1,1,2,2.87,5,0
2039-04-20,3,1,1,4.65,4,0
2039-04-21,4,2,2,2.09,4,0
2039-04-22,4,1,0,3.58,5,0
2039-04-23,6,1,1,2.64,3,0
2039-04-24,3,1,0,4.15,3,0
2039-04-25,5,4,3,1.92,9,1
2039-04-26,3,2,2,1.75,3,0
2039-04-27,5,1,0,3.58,6,0
2039-04-28,5,2,0,3.2,4,0
2039-04-29,5,0,1,2.09,3,0
2039-04-30,5,0,0,2.59,2,0
2039-05-01,3,2,1,2.38,6,0
2039-05-02,4,1,0,3.2,5,0
2039-05-03,5,1,0,2.67,3,0
2039-05-04,2,1,2,2.26,4,0
2039-05-05,3,1,1,2.95,5,0
2039-05-06,5,0,0,1.73,4,0
2039-05-07,1,2,1,2.55,5,1
2039-05-08,3,1,2,3.95,2,0
2039-05-09,4,2,1,3.79,6,0
2039-05-10,6,2,0,4.48,3,0
2039-05-11,6,4,4,4.75,8,1
2039-05-12,5,2,1,1.68,3,0
2039-05-13,2,2,0,2.91,4,0
2039-05-14,4,1,0,2.13,5,0
2039-05-15,2,3,5,4.74,10,1
2039-05-16,7,1,0,2.93,3,0
2039-05-17,6,1,2,4.95,4,0
2039-05-18,2,4,4,3.88,8,1
2039-05-19,4,1,2,2.02,2,0
2039-05-20,5,2,2,3.56,3,0
2039-05-21,6,3,4,4.89,11,1
2039-05-22,2,0,1,3.73,5,0
2039-05-23,2,0,0,4.73,6,0
2039-05-24,7,1,2,2.3,6,0
2039-05-25,2,0,0,3.14,3,0
2039-05-26,3,0,0,1.96,4,0
2039-05-27,4,1,1,3.26,4,0
2039-05-28,5,0,1,1.97,4,0
2039-05-29,2,3,3,1.58,10,1
2039-05-30,4,2,1,2.52,2,0
2039-05-31,4,1,2,3.61,4,0
2039-06-01,5,0,1,2.07,3,0
2039-06-02,5,0,1,2.06,3,0
2039-06-03,6,4,4,1.87,8,1
2039-06-04,6,0,0,4.25,5,0
2039-06-05,5,1,1,3.7,3,0
2039-06-06,7,4,4,4.78,8,1
2039-06-07,6,4,5,2.66,8,1
2039-06-08,6,5,5,4.53,11,1
2039-06-09,3,1,1,2.67,5,0
2039-06-10,6,4,5,4.61,11,1
2039-06-11,2,2,0,4.54,6,1
2039-06-12,3,2,0,2.04,6,0
2039-06-13,1,1,2,3.28,4,0
2039-06-14,4,1,0,3.86,5,0
2039-06-15,4,0,2,4.0,5,0
2039-06-16,5,3,3,2.85,10,1
2039-06-17,4,2,0,2.88,6,0
2039-06-18,2,2,1,3.81,2,0
2039-06-19,1,2,1,2.17,4,0
2039-06-20,7,5,3,2.39,9,1
2039-06-21,3,2,0,1.61,4,0
2039-06-22,4,2,2,4.55,3,0
2039-06-23,4,0,0,4.53,3,0
2039-06-24,5,3,3,4.26,10,1
2039-06-25,5,2,0,4.92,4,0
2039-06-26,1,1,2,4.68,5,0
2039-06-27,6,1,1,2.81,2,0
2039-06-28,3,2,0,2.44,5,0
2039-06-29,6,1,0,4.76,3,0
2039-06-30,7,0,2,3.18,6,0
2039-07-01,8,4,3,4.82,10,1
2039-07-02,5,4,4,2.3,10,1
2039-07-03,3,2,0,1.83,5,0
2039-07-04,2,1,2,4.73,6,0
2039-07-05,6,1,1,2.01,2,0
2039-07-06,4,2,0,1.87,6,0
2039-07-07,4,0,2,3.82,4,0
2039-07-08,5,1,1,3.19,5,0
2039-07-09,9,1,1,4.69,5,0
2039-07-10,3,0,1,4.66,6,0
2039-07-11,4,1,0,4.12,3,0
2039-07-12,3,2,0,2.98,3,0
2039-07-13,6,1,0,3.47,5,0
2039-07-14,1,1,0,4.6,2,0
2039-07-15,5,0,1,3.58,4,0
2039-07-16,3,1,2,3.79,2,0
2039-07-17,5,4,4,1.58,10,1
2039-07-18,9,2,2,3.08,4,0
2039-07-19,4,3,4,4.03,10,1
2039-07-20,2,1,1,4.26,2,0
2039-07-21,2,4,3,1.53,11,1
2039-07-22,2,1,0,3.74,4,0
2039-07-23,7,0,0,4.31,3,1
2039-07-24,6,1,1,4.3,6,0
2039-07-25,8,2,0,4.64,3,0
2039-07-26,6,1,1,4.75,3,0
2039-07-27,1,2,1,3.53,6,0
2039-07-28,4,3,5,3.44,11,1
2039-07-29,3,2,1,4.4,5,0
2039-07-30,3,0,0,3.84,4,0
2039-07-31,4,0,0,2.77,4,1
2039-08-01,4,3,5,4.95,10,1
2039-08-02,2,0,1,4.95,3,0
2039-08-03,1,1,1,2.12,2,0
2039-08-04,3,2,2,4.49,3,1
2039-08-05,2,0,1,2.24,4,0
2039-08-06,5,3,5,4.56,9,1
2039-08-07,4,2,0,1.58,5,0
2039-08-08,8,2,2,2.66,2,0
2039-08-09,4,3,5,4.9,10,1
2039-08-10,5,1,0,3.46,4,0
2039-08-11,4,2,2,1.58,2,0
2039-08-12,3,0,0,2.41,5,0
2039-08-13,2,0,1,1.69,4,0
2039-08-14,3,4,4,1.9,8,1
2039-08-15,12,4,4,3.18,9,1
2039-08-16,6,2,0,4.55,6,0
2039-08-17,6,2,1,2.41,6,0
2039-08-18,6,1,0,2.21,2,0
2039-08-19,0,4,3,2.16,11,1
2039-08-20,3,5,3,4.12,9,1
2039-08-21,3,1,1,4.43,4,0
2039-08-22,5,0,1,3.44,5,0
2039-08-23,4,2,1,4.98,6,0
2039-08-24,3,1,1,2.7,5,0
2039-08-25,4,1,0,3.66,5,0
2039-08-26,4,3,3,3.55,8,1
2039-08-27,2,0,2,3.25,6,0
2039-08-28,8,2,0,2.51,6,0
2039-08-29,3,1,1,3.66,2,0
2039-08-30,4,1,2,1.68,2,0
2039-08-31,2,3,5,3.54,10,1
2039-09-01,3,1,1,4.98,4,0
2039-09-02,2,1,1,4.75,2,0
2039-09-03,4,2,2,3.12,5,0
2039-09-04,3,2,1,2.29,5,0
2039-09-05,1,4,5,4.89,11,1
2039-09-06,4,0,1,4.84,5,0
2039-09-07,2,0,2,4.87,4,0
2039-09-08,2,1,0,3.23,5,0
2039-09-09,3,2,2,2.91,5,0
2039-09-10,3,0,1,4.2,5,0
2039-09-11,2,1,2,3.64,5,0
2039-09-12,2,1,2,3.26,2,0
2039-09-13,6,0,0,2.1,6,0
2039-09-14,3,0,1,3.73,4,0
2039-09-15,2,5,5,2.54,10,1
2039-09-16,4,1,0,2.74,6,0
2039-09-17,3,2,2,4.18,3,0
2039-09-18,4,2,0,3.75,5,0
2039-09-19,3,4,4,4.0,9,1
2039-09-20,1,2,1,2.12,5,1
2039-09-21,5,5,3,2.92,11,1
2039-09-22,4,5,5,3.8,9,1
2039-09-23,2,1,1,2.48,6,0
2039-09-24,8,2,0,3.22,5,0
2039-09-25,2,4,5,2.67,8,1
2039-09-26,8,0,2,1.65,2,0
2039-09-27,0,0,2,3.79,3,0
2039-09-28,1,0,1,3.95,2,0
2039-09-29,8,2,2,3.08,6,0
2039-09-30,5,3,5,3.22,8,1
2039-10-01,2,0,0,4.15,5,0
2039-10-02,3,4,5,2.57,9,1
2039-10-03,4,1,2,3.37,3,0
2039-10-04,5,0,1,3.69,3,0
2039-10-05,3,1,2,1.76,6,0
2039-10-06,4,1,1,3.78,2,0
2039-10-07,4,0,2,4.78,2,0
2039-10-08,6,0,0,1.64,5,0
2039-10-09,0,0,2,2.87,5,0
2039-10-10,2,5,3,4.84,9,1
2039-10-11,7,2,0,3.38,2,0
2039-10-12,4,4,3,2.37,11,1
2039-10-13,3,3,5,4.82,8,1
2039-10-14,6,0,1,1.98,4,0
2039-10-15,3,0,0,3.87,2,0
2039-10-16,3,1,1,3.31,6,0
2039-10-17,3,2,2,4.87,3,0
2039-10-18,5,1,1,3.66,3,1
2039-10-19,3,0,0,3.68,2,1
2039-10-20,4,1,2,1.73,2,0
2039-10-21,3,3,4,3.13,8,1
2039-10-22,1,2,0,3.96,3,0
2039-10-23,3,0,0,4.68,2,0
2039-10-24,6,0,2,3.12,3,0
2039-10-25,1,0,2,4.9,3,0
2039-10-26,1,2,0,3.39,2,0
2039-10-27,6,0,1,3.82,2,0
2039-10-28,4,4,5,4.93,10,1
2039-10-29,1,4,3,4.85,8,1
2039-10-30,7,0,0,2.81,5,0
2039-10-31,4,1,1,2.0,3,0
2039-11-01,2,0,1,2.3,6,0
2039-11-02,9,1,2,2.08,5,0
2039-11-03,5,3,3,4.17,10,1
2039-11-04,4,1,0,2.96,5,0
2039-11-05,7,0,1,3.21,6,0
2039-11-06,7,1,2,4.81,4,0
2039-11-07,1,0,1,2.21,2,0
2039-11-08,6,2,1,4.0,6,0
2039-11-09,6,0,1,3.44,4,0
2039-11-10,3,4,3,2.49,10,1
2039-11-11,6,2,1,3.93,5,0
2039-11-12,2,0,1,4.67,5,0
2039-11-13,4,2,0,1.73,6,0
2039-11-14,4,4,5,1.74,8,1
2039-11-15,3,3,3,3.2,9,1
2039-11-16,4,1,1,2.35,6,1
2039-11-17,5,4,3,2.58,8,1
2039-11-18,8,0,2,2.52,6,0
2039-11-19,5,3,4,4.7,10,1
2039-11-20,4,0,0,4.67,5,0
2039-11-21,6,2,2,4.46,2,0
2039-11-22,8,2,1,1.65,4,0
2039-11-23,3,0,0,4.39,3,0
2039-11-24,1,0,0,3.86,6,0
2039-11-25,3,1,0,2.75,4,0
2039-11-26,8,5,5,3.64,10,1
2039-11-27,5,2,2,1.8,4,0
2039-11-28,10,4,5,3.2,8,1
2039-11-29,1,3,3,2.79,11,1
2039-11-30,2,3,3,4.66,9,1
2039-12-01,4,3,3,4.9,11,1
2039-12-02,6,0,1,1.93,5,1
2039-12-03,2,1,1,4.25,2,0
2039-12-04,6,5,5,5.0,10,1
2039-12-05,6,1,0,4.14,5,0
2039-12-06,3,2,1,4.15,5,0
2039-12-07,2,0,2,3.4,2,0
2039-12-08,3,2,1,3.23,3,0
2039-12-09,3,3,4,4.2,9,1
2039-12-10,3,0,0,1.88,3,0
2039-12-11,4,0,0,1.98,6,0
2039-12-12,5,2,1,4.66,5,0
2039-12-13,5,5,3,1.96,8,1
2039-12-14,8,0,1,4.41,5,0
2039-12-15,6,0,0,2.99,2,0
2039-12-16,1,2,1,3.36,5,0
2039-12-17,2,0,1,3.76,5,0
2039-12-18,0,0,1,3.22,5,0
2039-12-19,2,0,2,3.13,3,0
2039-12-20,3,0,2,2.67,3,0
2039-12-21,1,3,4,2.44,10,1
2039-12-22,3,0,0,2.74,5,0
2039-12-23,5,0,0,4.82,2,0
2039-12-24,5,3,3,4.22,9,1
2039-12-25,2,5,5,4.63,9,1
2039-12-26,5,2,1,4.84,4,0
2039-12-27,0,0,1,3.45,4,0
2039-12-28,5,1,2,2.33,4,0
2039-12-29,4,2,2,3.27,4,0
2039-12-30,3,1,0,4.41,5,0
2039-12-31,9,3,3,3.48,10,1
2040-01-01,6,1,0,1.73,2,1
2040-01-02,4,2,2,1.66,2,0
2040-01-03,4,2,1,4.01,3,0
2040-01-04,5,1,0,4.39,4,0
2040-01-05,3,4,3,4.55,11,1
2040-01-06,1,1,2,2.82,3,1
2040-01-07,2,0,1,2.37,5,0
2040-01-08,5,0,2,2.12,3,0
2040-01-09,2,3,4,3.16,8,1
2040-01-10,6,1,1,4.45,2,0
2040-01-11,1,5,5,3.69,8,1
2040-01-12,6,1,1,3.37,4,0
2040-01-13,2,2,1,2.31,6,0
2040-01-14,4,0,2,4.39,2,0
2040-01-15,2,0,2,4.15,2,0
2040-01-16,6,4,3,4.68,11,1
2040-01-17,6,1,0,4.13,2,0
2040-01-18,5,1,0,3.83,2,0
2040-01-19,3,0,1,2.34,3,0
2040-01-20,7,2,1,4.4,5,0
2040-01-21,3,2,1,4.86,3,0
2040-01-22,1,1,0,1.86,6,0
2040-01-23,3,0,0,2.72,2,0
2040-01-24,4,0,2,3.51,3,0
2040-01-25,6,5,5,1.69,11,1
2040-01-26,3,1,1,4.43,5,0
2040-01-27,3,0,1,4.29,6,0
2040-01-28,2,2,2,3.58,3,0
2040-01-29,2,0,1,3.39,2,0
2040-01-30,5,0,0,2.52,3,0
2040-01-31,3,4,4,3.45,11,1
2040-02-01,3,4,4,2.71,8,1
2040-02-02,7,5,5,4.82,9,1
2040-02-03,9,1,2,2.83,2,0
2040-02-04,2,1,0,2.67,3,0
2040-02-05,4,3,4,4.8,10,1
2040-02-06,6,1,2,4.59,3,0
2040-02-07,3,2,2,2.36,6,0
2040-02-08,2,5,5,3.69,9,1
2040-02-09,2,3,4,4.7,11,1
2040-02-10,4,0,0,1.98,2,1
2040-02-11,4,1,2,2.99,3,0
2040-02-12,5,2,1,1.59,5,1
2040-02-13,6,4,4,3.91,11,1
2040-02-14,1,0,2,2.88,3,0
2040-02-15,6,0,1,3.62,5,0
2040-02-16,7,3,5,3.94,8,1
2040-02-17,2,2,2,2.8,5,0
2040-02-18,3,2,2,4.53,6,0
2040-02-19,4,3,3,2.5,8,1
2040-02-20,7,0,2,2.19,2,0
2040-02-21,7,0,0,2.4,4,0
2040-02-22,5,1,2,4.02,4,1
2040-02-23,8,1,1,2.54,2,0
2040-02-24,6,2,1,4.69,5,0
2040-02-25,1,4,3,3.74,10,1
2040-02-26,3,2,2,4.57,5,0
2040-02-27,3,0,2,3.11,3,0
2040-02-28,6,0,0,2.05,4,0
2040-02-29,5,1,0,1.57,6,0
2040-03-01,6,0,0,4.55,4,0
2040-03-02,6,2,2,1.96,3,0
2040-03-03,5,0,0,2.7,2,0
2040-03-04,6,2,0,2.34,5,0
2040-03-05,3,5,4,3.99,9,1
2040-03-06,4,1,0,2.27,2,0
2040-03-07,3,1,1,4.88,2,0
2040-03-08,5,1,0,1.55,2,1
2040-03-09,2,2,2,3.07,2,0
2040-03-10,4,3,4,3.03,8,1
2040-03-11,6,5,5,2.23,9,1
2040-03-12,8,1,1,4.41,2,1
2040-03-13,2,5,5,3.78,10,1
2040-03-14,5,2,1,3.88,6,0
2040-03-15,5,4,3,3.08,8,1
2040-03-16,4,5,4,1.53,8,1
2040-03-17,4,2,2,2.55,5,0
2040-03-18,4,3,4,2.16,9,1
2040-03-19,5,1,1,3.2,5,0
2040-03-20,2,1,0,3.93,6,0
2040-03-21,5,1,2,3.37,5,0
2040-03-22,4,0,0,3.26,4,0
2040-03-23,3,4,5,2.27,11,1
2040-03-24,5,3,5,3.54,10,1
2040-03-25,4,1,0,3.02,4,0
2040-03-26,5,1,2,2.4,2,0
2040-03-27,2,1,1,2.5,4,0
2040-03-28,3,1,1,2.14,3,0
2040-03-29,2,1,1,3.93,2,0
2040-03-30,4,3,3,3.59,11,1
2040-03-31,0,5,3,3.51,10,1
2040-04-01,0,1,2,4.18,5,0
2040-04-02,4,0,1,2.29,3,0
2040-04-03,6,2,0,4.82,4,0
2040-04-04,7,0,2,3.99,5,0
2040-04-05,6,2,0,4.87,6,0
2040-04-06,5,0,0,2.98,6,0
2040-04-07,6,3,3,4.79,9,1
2040-04-08,3,1,2,2.23,4,0
2040-04-09,7,5,3,3.53,11,1
2040-04-10,3,1,2,2.66,5,0
2040-04-11,2,1,0,4.9,5,1
2040-04-12,8,3,4,2.76,11,1
2040-04-13,5,1,2,2.83,5,0
2040-04-14,4,4,5,1.83,10,1
2040-04-15,2,5,4,3.36,8,1
2040-04-16,6,2,0,3.5,6,0
2040-04-17,1,0,2,1.98,2,0
2040-04-18,4,0,0,4.74,6,0
2040-04-19,6,2,0,3.61,3,0
2040-04-20,8,5,5,1.94,11,1
2040-04-21,5,1,0,1.88,4,0
2040-04-22,5,0,1,3.35,2,0
2040-04-23,3,3,4,3.11,9,1
2040-04-24,5,2,1,4.22,2,1
2040-04-25,10,2,0,2.75,6,0
2040-04-26,2,2,1,3.02,5,0
2040-04-27,1,5,5,4.16,10,1
2040-04-28,0,2,2,3.0,4,0
2040-04-29,4,5,4,3.1,9,1
2040-04-30,3,4,5,1.78,11,1
2040-05-01,4,2,1,4.34,2,0
2040-05-02,5,1,2,4.95,4,0
2040-05-03,5,2,1,2.82,2,0
2040-05-04,4,0,1,3.36,4,0
2040-05-05,2,4,4,2.03,11,1
2040-05-06,4,5,5,2.46,11,1
2040-05-07,1,1,1,3.13,5,0
2040-05-08,3,3,5,2.43,9,1
2040-05-09,4,4,3,1.51,9,1
2040-05-10,2,1,0,2.13,4,0
2040-05-11,5,3,5,1.64,10,1
2040-05-12,5,4,5,1.56,11,1
2040-05-13,4,5,4,4.38,11,1
2040-05-14,1,2,0,3.26,5,0
2040-05-15,4,0,0,3.7,3,1
2040-05-16,6,1,0,4.6,2,0
2040-05-17,9,0,1,4.05,4,0
2040-05-18,5,2,2,4.94,3,0
2040-05-19,5,1,1,4.93,2,0
2040-05-20,1,2,1,2.03,4,0
2040-05-21,2,4,3,3.4,11,1
2040-05-22,3,2,2,3.78,4,0
2040-05-23,8,1,0,4.01,4,0
2040-05-24,7,0,0,2.75,5,0
2040-05-25,2,1,2,3.85,6,0
2040-05-26,7,1,1,2.91,4,1
2040-05-27,3,5,3,3.01,9,1
2040-05-28,4,2,1,1.97,2,0
2040-05-29,4,0,0,2.95,2,0
2040-05-30,2,1,1,2.39,2,0
2040-05-31,2,3,3,3.67,9,1
2040-06-01,5,2,0,3.46,5,0
2040-06-02,5,2,1,1.8,6,0
2040-06-03,2,5,3,4.39,8,1
2040-06-04,4,1,0,3.19,5,0
2040-06-05,4,1,2,2.66,6,0
2040-06-06,3,2,0,1.9,6,0
2040-06-07,7,4,4,3.45,11,1
2040-06-08,2,3,3,2.91,8,1
2040-06-09,3,1,2,3.87,4,0
2040-06-10,5,1,0,2.58,4,1
2040-06-11,5,2,1,3.49,3,0
2040-06-12,5,5,5,4.31,9,1
2040-06-13,1,2,2,2.09,6,0
2040-06-14,3,5,5,2.69,8,1
2040-06-15,5,2,0,2.17,2,0
2040-06-16,4,2,2,3.05,3,0
2040-06-17,4,0,1,3.99,2,0
2040-06-18,3,0,0,3.02,6,0
2040-06-19,4,0,2,3.87,5,0
2040-06-20,4,5,4,4.51,11,1
2040-06-21,4,0,1,2.99,4,0
2040-06-22,2,2,2,2.0,6,0
2040-06-23,4,2,2,3.2,5,0
2040-06-24,4,1,0,3.17,2,0
2040-06-25,0,1,1,4.06,3,0
2040-06-26,7,0,2,2.64,2,0
2040-06-27,3,1,2,4.1,3,0
2040-06-28,4,1,0,2.44,3,0
2040-06-29,2,5,3,1.99,11,1
2040-06-30,4,1,0,2.11,5,0
2040-07-01,3,3,4,2.99,11,1
2040-07-02,2,0,1,3.87,2,0
2040-07-03,3,0,1,4.28,6,0
2040-07-04,2,2,2,3.04,4,0
2040-07-05,3,2,0,1.64,5,0
2040-07-06,2,0,2,4.32,6,0
2040-07-07,2,0,1,3.13,3,1
2040-07-08,7,3,3,2.25,8,1
2040-07-09,4,5,3,2.09,8,1
2040-07-10,3,3,4,3.61,11,1
2040-07-11,9,5,3,4.83,9,1
2040-07-12,7,0,1,4.98,3,0
2040-07-13,2,0,1,4.14,5,1
2040-07-14,2,0,0,2.42,6,0
2040-07-15,4,0,1,2.78,2,0
2040-07-16,6,2,1,2.37,6,0
2040-07-17,5,1,1,2.81,5,0
2040-07-18,7,4,4,2.44,9,1
2040-07-19,3,0,0,3.84,5,0
2040-07-20,6,1,2,1.83,5,0
2040-07-21,4,2,0,2.73,4,0
2040-07-22,8,5,5,3.92,9,1
2040-07-23,6,1,1,4.12,5,0
2040-07-24,8,1,1,1.71,2,0
2040-07-25,3,2,0,4.36,6,0
2040-07-26,7,5,3,4.48,9,1
2040-07-27,5,2,2,3.71,5,0
2040-07-28,5,1,1,1.89,5,0
2040-07-29,2,2,1,4.79,3,0
2040-07-30,6,2,0,3.09,3,0
2040-07-31,8,1,0,2.44,2,0
2040-08-01,4,0,0,3.07,4,0
2040-08-02,4,2,0,4.04,3,0
2040-08-03,2,5,3,4.42,8,1
2040-08-04,7,2,1,2.76,2,0
2040-08-05,1,2,2,2.54,6,0
2040-08-06,1,1,1,4.64,3,0
2040-08-07,0,2,1,4.41,4,0
2040-08-08,6,1,2,4.42,6,0
2040-08-09,1,3,3,2.4,9,1
2040-08-10,5,4,3,4.62,9,1
2040-08-11,0,1,0,2.14,3,0
2040-08-12,0,4,5,4.74,10,1
2040-08-13,2,1,2,1.81,6,0
2040-08-14,4,4,5,2.76,9,1
2040-08-15,2,2,2,1.59,6,0
2040-08-16,5,3,4,2.29,8,1
2040-08-17,3,1,1,3.61,3,0
2040-08-18,4,0,0,3.08,6,0
2040-08-19,0,4,4,4.79,8,1
2040-08-20,7,1,0,4.06,4,0
2040-08-21,4,0,2,3.28,2,0
2040-08-22,1,0,0,4.05,5,1
2040-08-23,4,1,1,4.34,2,0
2040-08-24,5,0,0,4.43,6,0
2040-08-25,9,2,0,3.07,4,0
2040-08-26,2,4,5,3.16,11,1
2040-08-27,7,2,0,2.4,5,0
2040-08-28,3,0,2,2.4,6,0
2040-08-29,5,0,0,4.46,6,0
2040-08-30,3,2,1,3.72,5,0
2040-08-31,5,2,1,4.48,2,0
2040-09-01,3,5,3,3.54,9,1
2040-09-02,2,2,0,3.32,3,0
2040-09-03,5,2,1,3.17,2,0
2040-09-04,3,1,2,3.58,4,0
2040-09-05,2,0,1,1.5,5,0
2040-09-06,8,2,0,2.87,4,0
2040-09-07,4,2,2,2.52,3,0
2040-09-08,4,0,1,1.81,6,1
2040-09-09,4,4,3,2.11,8,1
2040-09-10,2,4,4,2.84,11,1
2040-09-11,5,2,0,2.66,6,0
2040-09-12,9,2,0,4.53,3,0
2040-09-13,6,0,2,4.69,5,0
2040-09-14,0,3,3,3.81,8,1
2040-09-15,5,0,2,3.65,2,0
2040-09-16,4,0,1,4.65,5,0
2040-09-17,7,1,0,3.44,6,0
2040-09-18,4,3,4,4.29,10,1
2040-09-19,6,2,1,2.56,4,0
2040-09-20,5,0,1,3.13,2,0
2040-09-21,3,0,0,3.3,6,0
2040-09-22,3,4,5,2.67,8,1
2040-09-23,3,0,0,4.22,5,0
2040-09-24,3,5,4,2.05,10,1
2040-09-25,1,3,3,2.34,9,1
2040-09-26,4,0,2,2.2,5,0
2040-09-27,6,0,1,4.95,2,0
2040-09-28,3,3,4,2.28,11,1
2040-09-29,6,2,2,2.21,4,0
2040-09-30,5,5,5,1.83,9,1
2040-10-01,4,0,1,1.72,3,0
2040-10-02,5,0,2,2.08,3,0
2040-10-03,5,0,1,2.95,2,0
2040-10-04,3,3,4,3.31,9,1
2040-10-05,5,2,1,3.06,5,0
2040-10-06,5,2,0,3.35,4,0
2040-10-07,4,1,2,3.17,2,0
2040-10-08,3,4,4,3.39,9,1
2040-10-09,5,0,0,2.97,3,0
2040-10-10,6,3,5,3.05,11,1
2040-10-11,8,1,0,4.71,4,0
2040-10-12,2,2,1,4.96,4,0
2040-10-13,3,0,2,4.07,2,0
2040-10-14,6,1,1,3.29,4,0
2040-10-15,3,0,2,4.24,3,0
2040-10-16,8,4,5,4.11,9,1
2040-10-17,3,0,1,3.08,4,0
2040-10-18,3,1,1,2.06,4,1
2040-10-19,4,0,1,2.93,6,0
2040-10-20,0,0,0,4.44,4,0
2040-10-21,5,4,3,1.55,11,1
2040-10-22,5,1,2,4.51,3,0
2040-10-23,7,1,1,3.98,2,0
2040-10-24,6,0,1,3.76,6,0
2040-10-25,5,0,1,3.3,3,0
2040-10-26,5,0,2,1.66,6,0
2040-10-27,1,1,1,2.37,3,0
2040-10-28,5,3,4,4.81,11,1
2040-10-29,6,5,4,4.32,9,1
2040-10-30,7,0,0,4.54,2,0
2040-10-31,4,1,2,4.23,3,0
2040-11-01,4,2,1,3.49,2,0
2040-11-02,2,0,2,1.61,5,0
2040-11-03,2,5,5,4.7,8,1
2040-11-04,3,2,1,1.51,2,0
2040-11-05,3,2,0,2.99,2,0
2040-11-06,7,2,0,3.91,5,1
2040-11-07,8,0,1,4.38,4,0
2040-11-08,2,4,5,3.26,11,1
2040-11-09,3,1,0,2.96,3,0
2040-11-10,2,1,0,3.61,5,0
2040-11-11,2,1,0,4.18,4,0
2040-11-12,4,0,2,1.71,2,0
2040-11-13,3,3,4,1.9,8,1
2040-11-14,5,2,0,3.39,4,1
2040-11-15,2,2,2,3.97,5,0
2040-11-16,5,4,3,1.67,8,1
2040-11-17,4,1,2,2.51,4,0
2040-11-18,6,1,0,1.8,5,0
2040-11-19,3,2,2,2.04,3,0
2040-11-20,2,1,0,4.79,6,0
2040-11-21,5,0,1,1.68,5,0
2040-11-22,3,4,4,4.27,11,1
2040-11-23,4,0,2,4.52,6,0
2040-11-24,0,2,2,2.4,4,1
2040-11-25,3,2,1,4.43,3,0
2040-11-26,5,2,2,2.19,3,0
2040-11-27,5,4,5,2.71,11,1
2040-11-28,5,4,3,3.59,8,1
2040-11-29,2,4,5,4.6,8,1
2040-11-30,1,0,2,2.49,2,0
2040-12-01,7,4,3,3.41,10,1
2040-12-02,6,5,5,2.12,9,1
2040-12-03,4,5,3,1.54,10,1
2040-12-04,2,2,2,2.49,2,1
2040-12-05,4,1,2,3.94,4,0
2040-12-06,3,1,2,2.61,6,1
2040-12-07,2,3,4,2.49,9,1
2040-12-08,4,0,1,2.86,3,0
2040-12-09,4,5,4,2.57,11,1
2040-12-10,3,1,2,2.78,3,1
2040-12-11,4,4,5,4.59,10,1
2040-12-12,0,0,1,3.45,4,0
2040-12-13,7,4,4,3.27,11,1
2040-12-14,3,2,0,4.58,3,0
2040-12-15,3,2,0,4.34,6,0
2040-12-16,1,1,2,1.72,6,0
2040-12-17,5,0,1,2.8,3,0
2040-12-18,6,2,1,2.94,6,0
2040-12-19,7,1,0,4.61,4,0
2040-12-20,5,1,2,1.85,4,0
2040-12-21,3,2,2,2.05,3,0
2040-12-22,4,4,3,4.08,8,1
2040-12-23,5,0,1,1.79,3,0
2040-12-24,3,2,2,4.89,2,0
2040-12-25,3,1,1,4.98,3,0
2040-12-26,5,2,2,3.83,2,0
2040-12-27,5,1,2,3.73,3,1
2040-12-28,2,0,1,4.88,3,0
2040-12-29,3,0,1,4.28,6,0
2040-12-30,4,0,0,2.83,2,1
2040-12-31,6,2,1,4.39,4,0
2041-01-01,3,0,2,2.35,5,0
2041-01-02,5,4,5,4.71,10,1
2041-01-03,2,2,0,4.4,2,0
2041-01-04,7,4,5,2.93,9,1
2041-01-05,2,1,0,4.72,3,0
2041-01-06,8,5,4,1.84,10,1
2041-01-07,4,4,3,3.73,10,1
2041-01-08,3,3,5,2.66,11,1
2041-01-09,1,0,2,1.89,4,0
2041-01-10,5,1,2,3.28,6,1
2041-01-11,4,2,2,2.25,3,0
2041-01-12,4,1,1,2.41,6,0
2041-01-13,3,2,1,2.56,6,0
2041-01-14,5,2,1,4.48,5,0
2041-01-15,5,1,1,2.85,2,0
2041-01-16,3,0,0,4.57,5,0
2041-01-17,3,0,1,2.59,5,0
2041-01-18,2,4,5,2.66,9,1
2041-01-19,3,0,1,4.9,6,0
2041-01-20,1,4,5,1.74,11,1
2041-01-21,3,1,1,1.76,5,1
2041-01-22,6,3,3,4.54,10,1
2041-01-23,5,2,1,3.18,6,0
2041-01-24,6,4,3,4.19,9,1
2041-01-25,4,2,1,3.3,6,0
2041-01-26,4,1,1,2.06,4,1
2041-01-27,7,3,4,3.38,11,1
2041-01-28,4,3,4,1.67,9,1
2041-01-29,2,3,3,3.31,9,1
2041-01-30,6,2,2,5.0,6,0
2041-01-31,5,1,2,2.12,5,0
2041-02-01,4,4,3,3.98,11,1
2041-02-02,3,2,0,2.98,3,0
2041-02-03,9,2,1,2.22,2,0
2041-02-04,6,1,2,3.53,2,0
2041-02-05,8,5,4,3.82,8,1
2041-02-06,3,2,0,2.39,2,1
2041-02-07,6,3,3,2.34,10,1
2041-02-08,1,1,2,3.95,5,0
2041-02-09,3,0,1,3.94,2,0
2041-02-10,3,1,0,4.84,5,0
2041-02-11,3,2,1,4.94,5,0
2041-02-12,4,4,5,2.44,8,1
2041-02-13,5,3,4,4.45,10,1
2041-02-14,1,2,0,2.62,6,0
2041-02-15,3,1,1,1.77,2,0
2041-02-16,6,4,4,4.06,11,1
2041-02-17,2,1,1,2.17,4,0
2041-02-18,4,1,2,4.37,2,0
2041-02-19,1,2,1,1.75,6,0
2041-02-20,6,0,0,3.84,2,0
2041-02-21,2,2,1,4.66,2,0
2041-02-22,1,0,1,3.57,4,0
2041-02-23,4,2,1,4.29,4,0
2041-02-24,2,4,4,4.6,11,1
2041-02-25,3,4,4,1.95,8,1
2041-02-26,2,4,3,2.16,11,1
2041-02-27,3,3,4,4.53,8,1
2041-02-28,3,1,0,3.99,3,0
2041-03-01,4,1,1,4.34,2,1
2041-03-02,1,0,1,3.2,6,0
2041-03-03,2,0,2,3.57,4,0
2041-03-04,4,1,2,1.77,3,0
2041-03-05,5,0,0,4.95,2,0
2041-03-06,6,0,2,4.02,2,1
2041-03-07,3,4,4,2.81,11,1
2041-03-08,8,5,5,2.44,8,1
2041-03-09,1,1,1,2.12,6,0
2041-03-10,3,3,5,4.69,11,1
2041-03-11,4,5,3,2.37,9,1
2041-03-12,2,1,0,2.47,6,0
2041-03-13,2,3,5,2.58,8,1
2041-03-14,5,1,2,3.84,4,0
2041-03-15,7,1,0,3.91,5,0
2041-03-16,2,2,2,2.04,4,0
2041-03-17,7,1,1,2.54,3,0
2041-03-18,5,1,0,4.55,4,0
2041-03-19,1,3,3,4.31,9,1
2041-03-20,3,2,1,4.56,4,0
2041-03-21,3,2,2,3.06,4,0
2041-03-22,8,0,0,4.81,3,0
2041-03-23,2,2,1,4.34,2,0
2041-03-24,5,3,3,3.83,9,1
2041-03-25,4,3,4,3.26,11,1
2041-03-26,0,1,2,4.53,3,0
2041-03-27,4,5,4,3.54,10,1
2041-03-28,5,5,5,3.65,10,1
2041-03-29,5,2,0,2.02,3,0
2041-03-30,2,4,4,3.26,8,1
2041-03-31,4,1,2,1.7,3,0
2041-04-01,3,4,5,4.43,8,1
2041-04-02,5,2,0,2.74,2,0
2041-04-03,1,1,2,4.14,2,0
2041-04-04,3,1,1,3.98,4,0
2041-04-05,5,0,2,4.71,4,0
2041-04-06,8,2,0,2.39,6,0
2041-04-07,5,5,3,1.78,8,1
2041-04-08,4,5,4,1.53,11,1
2041-04-09,8,0,0,1.78,4,0
2041-04-10,4,3,3,3.19,10,1
2041-04-11,1,1,1,5.0,3,0
2041-04-12,7,0,2,1.66,2,0
2041-04-13,3,2,2,4.97,4,0
2041-04-14,3,3,4,4.7,8,1
2041-04-15,7,2,0,3.28,4,0
2041-04-16,7,5,4,2.0,8,1
2041-04-17,4,5,4,3.05,11,1
2041-04-18,7,1,0,3.37,2,1
2041-04-19,7,1,1,2.82,4,0
2041-04-20,2,2,2,3.45,2,0
2041-04-21,3,2,2,4.03,3,0
2041-04-22,4,1,1,4.49,6,0
2041-04-23,8,1,2,4.27,6,0
2041-04-24,5,1,2,3.38,3,0
2041-04-25,2,2,2,4.13,4,1
2041-04-26,2,2,2,2.09,5,0
2041-04-27,7,3,3,2.51,10,1
2041-04-28,3,4,3,2.22,10,1
2041-04-29,3,2,1,2.74,3,0
2041-04-30,1,4,5,4.0,9,1
2041-05-01,13,1,0,1.61,6,0
2041-05-02,5,2,2,4.49,2,0
2041-05-03,1,0,2,2.47,5,0
2041-05-04,4,2,0,3.21,4,0
2041-05-05,4,1,1,2.09,6,0
2041-05-06,2,1,2,3.94,2,1
2041-05-07,3,0,0,4.95,5,0
2041-05-08,3,1,1,4.25,2,0
2041-05-09,1,0,2,4.57,2,0
2041-05-10,6,0,0,3.88,2,0
2041-05-11,2,0,2,1.95,5,0
2041-05-12,1,0,1,3.2,5,0
2041-05-13,6,2,0,2.67,5,0
2041-05-14,2,1,2,2.12,5,0
2041-05-15,2,0,2,3.22,2,0
2041-05-16,5,1,0,2.01,5,0
2041-05-17,2,5,5,2.17,10,1
2041-05-18,0,2,0,3.13,5,0
2041-05-19,5,1,1,4.63,6,0
2041-05-20,3,0,2,1.94,5,0
2041-05-21,3,0,2,3.08,6,0
2041-05-22,6,0,0,3.57,2,0
2041-05-23,2,1,1,3.02,4,0
2041-05-24,3,4,3,1.54,8,1
2041-05-25,4,5,4,2.93,9,1
2041-05-26,6,2,2,3.59,4,0
2041-05-27,4,2,1,4.11,2,0
2041-05-28,6,0,0,2.37,6,0
2041-05-29,4,2,2,1.97,3,0
2041-05-30,3,5,3,1.88,8,1
2041-05-31,1,2,2,1.96,2,0
2041-06-01,5,1,1,4.3,4,0
2041-06-02,1,1,2,4.77,4,0
2041-06-03,5,5,4,1.98,8,1
2041-06-04,3,4,5,3.39,9,1
2041-06-05,1,2,2,4.72,6,1
2041-06-06,6,4,5,2.99,10,1
2041-06-07,2,2,0,3.23,5,0
2041-06-08,6,5,3,3.17,9,1
2041-06-09,4,2,1,2.18,4,0
2041-06-10,5,5,4,3.52,9,1
2041-06-11,0,1,2,3.34,4,1
2041-06-12,3,2,0,4.17,6,0
2041-06-13,5,1,0,4.82,4,0
2041-06-14,5,4,4,3.48,9,1
2041-06-15,3,1,1,3.95,5,0
2041-06-16,2,5,4,2.69,9,1
2041-06-17,5,1,2,1.74,5,0
2041-06-18,4,3,3,2.35,8,1
2041-06-19,3,1,2,2.4,2,0
2041-06-20,6,2,1,2.62,3,0
2041-06-21,2,2,2,1.97,5,0
2041-06-22,7,4,3,3.93,11,1
2041-06-23,4,4,4,2.52,10,1
2041-06-24,3,2,0,1.62,4,1
2041-06-25,5,4,3,4.54,8,1
2041-06-26,10,0,1,2.71,3,0
2041-06-27,2,4,5,3.15,11,1
2041-06-28,6,2,1,2.03,6,1
2041-06-29,4,4,4,3.26,10,1
2041-06-30,3,2,2,1.7,2,0
2041-07-01,1,3,5,4.94,10,1
2041-07-02,5,1,2,3.28,2,1
2041-07-03,2,0,1,3.44,6,0
2041-07-04,7,2,0,3.95,5,0
2041-07-05,3,0,0,3.34,3,1
2041-07-06,6,1,1,4.8,5,0
2041-07-07,10,0,0,2.76,5,0
2041-07-08,1,5,5,4.43,11,1
2041-07-09,8,3,3,2.58,11,1
2041-07-10,2,3,4,4.48,8,1
2041-07-11,4,3,4,1.61,10,1
2041-07-12,2,2,1,2.39,5,0
2041-07-13,6,1,2,4.18,5,0
2041-07-14,5,4,3,4.87,8,1
2041-07-15,3,2,0,2.74,3,0
2041-07-16,5,4,3,3.8,10,1
2041-07-17,3,0,0,4.02,6,1
2041-07-18,1,0,2,1.96,6,0
2041-07-19,6,5,4,4.72,9,1
2041-07-20,2,2,1,2.4,3,0
2041-07-21,1,2,2,3.66,3,0
2041-07-22,3,1,0,3.05,4,0
2041-07-23,3,1,2,4.54,5,1
2041-07-24,3,2,2,1.84,3,0
2041-07-25,3,0,2,3.3,6,0
2041-07-26,8,2,2,3.26,2,0
2041-07-27,6,4,5,3.18,11,1
2041-07-28,3,5,3,3.36,9,1
2041-07-29,4,3,4,4.92,8,1
2041-07-30,4,1,1,2.12,4,0
2041-07-31,4,0,2,2.05,2,0
2041-08-01,4,5,5,4.62,11,1
2041-08-02,4,3,5,2.75,8,1
2041-08-03,1,0,1,3.44,2,0
2041-08-04,3,5,5,4.31,10,1
2041-08-05,2,2,2,4.33,4,0
2041-08-06,10,1,0,4.68,5,1
2041-08-07,4,2,2,2.59,6,0
2041-08-08,5,2,0,3.41,6,0
2041-08-09,4,0,2,3.04,4,0
2041-08-10,4,1,0,3.47,6,0
2041-08-11,6,4,5,3.15,10,1
2041-08-12,7,3,5,3.71,8,1
2041-08-13,10,1,1,1.59,3,0
2041-08-14,1,0,2,3.21,4,1
2041-08-15,9,1,0,2.96,6,0
2041-08-16,4,2,2,2.46,5,0
2041-08-17,3,4,4,4.36,11,1
2041-08-18,2,2,0,3.62,4,0
2041-08-19,5,3,4,1.51,11,1
2041-08-20,4,1,0,2.11,5,0
2041-08-21,4,1,2,2.38,4,0
2041-08-22,3,0,1,3.93,3,0
2041-08-23,5,5,4,1.7,8,1
2041-08-24,3,0,0,4.51,6,0
2041-08-25,3,4,5,4.88,8,1
2041-08-26,5,0,0,2.77,3,0
2041-08-27,9,2,0,4.7,6,0
2041-08-28,3,5,3,2.15,11,1
2041-08-29,1,2,1,4.81,2,0
2041-08-30,4,0,0,4.36,6,0
2041-08-31,7,2,2,2.47,4,0
2041-09-01,4,2,2,2.91,3,1
2041-09-02,4,2,2,3.23,4,0
2041-09-03,6,1,2,2.85,6,0
2041-09-04,4,1,1,2.51,6,0
2041-09-05,6,2,1,2.91,3,0
2041-09-06,6,1,1,1.75,4,0
2041-09-07,3,2,2,1.66,6,0
2041-09-08,2,2,2,4.52,3,0
2041-09-09,5,1,2,3.49,4,0
2041-09-10,5,3,4,3.72,11,1
2041-09-11,6,5,5,1.74,11,1
2041-09-12,5,1,0,2.74,6,0
2041-09-13,2,2,1,3.66,2,0
2041-09-14,1,1,2,4.62,4,0
2041-09-15,4,1,1,2.6,4,0
2041-09-16,3,1,1,3.09,3,0
2041-09-17,3,0,0,2.73,5,0
2041-09-18,2,0,1,2.74,3,0
2041-09-19,5,2,2,1.99,5,0
2041-09-20,4,1,0,3.23,4,0
2041-09-21,3,5,5,1.97,11,1
2041-09-22,6,1,2,1.79,2,0
2041-09-23,2,2,2,3.81,4,0
2041-09-24,5,1,2,4.04,4,0
2041-09-25,6,2,1,4.39,5,0
2041-09-26,4,0,2,3.49,6,0
2041-09-27,2,1,0,3.7,6,0
2041-09-28,4,1,1,1.92,2,0
2041-09-29,4,3,3,4.56,8,1
2041-09-30,5,2,0,2.63,2,0
2041-10-01,7,5,4,4.64,10,1
2041-10-02,1,2,0,4.09,4,0
2041-10-03,6,2,0,4.17,6,0
2041-10-04,6,1,1,1.66,6,0
2041-10-05,3,3,5,4.36,10,1
2041-10-06,3,0,2,3.53,3,0
2041-10-07,1,0,2,3.51,4,0
2041-10-08,5,0,0,2.63,5,0
2041-10-09,3,2,1,1.98,3,1
2041-10-10,3,4,5,4.58,10,1
2041-10-11,3,0,1,3.0,4,1
2041-10-12,3,0,1,2.67,3,0
2041-10-13,2,1,1,3.15,5,0
2041-10-14,3,0,0,4.29,5,0
2041-10-15,4,2,2,4.36,5,0
2041-10-16,3,2,0,3.13,4,1
2041-10-17,1,0,0,3.83,6,0
2041-10-18,1,1,2,2.36,4,0
2041-10-19,4,2,2,4.05,4,0
2041-10-20,2,0,0,1.54,2,0
2041-10-21,3,2,1,4.96,5,0
2041-10-22,3,3,5,4.68,10,1
2041-10-23,5,2,1,2.79,2,0
2041-10-24,1,5,3,4.45,10,1
2041-10-25,5,2,0,2.7,2,0
2041-10-26,4,1,1,4.19,6,0
2041-10-27,7,1,2,2.57,5,0
2041-10-28,7,1,0,2.19,5,0
2041-10-29,2,5,3,4.86,10,1
2041-10-30,2,5,4,2.53,8,1
2041-10-31,7,1,2,3.68,5,0
2041-11-01,6,5,4,4.35,11,1
2041-11-02,4,0,0,4.23,4,0
2041-11-03,5,5,4,2.02,10,1
2041-11-04,5,2,0,4.77,6,0
2041-11-05,3,2,0,4.3,4,0
2041-11-06,7,1,2,3.12,6,0
2041-11-07,7,0,2,2.35,3,0
2041-11-08,5,1,2,1.54,4,0
2041-11-09,1,3,5,2.27,8,1
2041-11-10,3,2,2,3.45,6,0
2041-11-11,9,4,3,4.98,10,1
2041-11-12,3,3,4,2.44,11,1
2041-11-13,5,0,2,1.85,3,1
2041-11-14,0,1,1,2.64,4,0
2041-11-15,9,1,2,2.42,6,0
2041-11-16,2,2,2,4.72,3,0
2041-11-17,6,2,1,3.79,2,0
2041-11-18,2,5,5,1.76,8,1
2041-11-19,4,2,2,2.38,3,0
2041-11-20,0,2,1,3.27,2,0
2041-11-21,4,0,1,4.81,3,0
2041-11-22,5,2,1,4.96,5,0
2041-11-23,3,0,1,2.33,4,0
2041-11-24,2,2,2,3.75,3,0
2041-11-25,5,0,1,2.9,5,0
2041-11-26,2,5,5,1.72,11,1
2041-11-27,3,5,3,4.69,10,1
2041-11-28,6,0,2,3.25,2,0
2041-11-29,4,1,2,1.69,5,0
2041-11-30,5,0,0,4.56,2,0
2041-12-01,2,1,0,4.22,4,0
2041-12-02,4,0,2,3.43,3,0
2041-12-03,2,1,1,2.98,6,0
2041-12-04,2,1,2,4.73,4,0
2041-12-05,6,0,2,2.1,6,0
2041-12-06,3,3,5,4.23,11,1
2041-12-07,5,5,4,3.33,10,1
2041-12-08,4,2,0,3.76,5,0
2041-12-09,7,2,2,4.57,2,0
2041-12-10,6,5,4,4.18,11,1
2041-12-11,5,2,1,1.68,5,0
2041-12-12,4,1,1,1.95,2,0
2041-12-13,2,4,4,4.06,9,1
2041-12-14,3,1,1,3.58,4,0
2041-12-15,3,3,5,2.69,11,1
2041-12-16,6,0,0,1.93,5,0
2041-12-17,2,2,2,4.83,6,0
2041-12-18,3,1,2,1.61,2,0
2041-12-19,7,2,2,1.76,5,1
2041-12-20,1,4,5,1.58,10,1
2041-12-21,3,0,2,1.64,2,0
2041-12-22,6,0,2,3.47,3,0
2041-12-23,6,0,1,3.19,5,0
2041-12-24,2,2,2,2.42,2,0
2041-12-25,4,3,4,4.98,11,1
2041-12-26,4,2,0,2.72,3,0
2041-12-27,7,1,2,1.89,6,0
2041-12-28,3,3,5,4.27,10,1
2041-12-29,4,4,3,2.51,8,1
2041-12-30,6,2,0,4.99,5,0
2041-12-31,2,2,0,1.51,6,0
2042-01-01,7,2,0,3.86,5,0
2042-01-02,6,0,1,2.87,5,0
2042-01-03,2,1,0,3.89,6,0
2042-01-04,1,0,0,3.38,5,0
2042-01-05,5,2,2,2.59,4,0
2042-01-06,4,4,5,2.05,11,1
2042-01-07,6,0,0,4.74,2,0
2042-01-08,1,1,2,4.26,2,0
2042-01-09,4,2,2,4.25,2,0
2042-01-10,7,0,1,2.74,2,0
2042-01-11,3,0,1,2.72,3,0
2042-01-12,2,0,1,4.61,3,0
2042-01-13,1,2,0,4.18,6,0
2042-01-14,4,1,1,3.3,3,0
2042-01-15,7,2,1,2.75,3,0
2042-01-16,6,4,3,2.75,11,1
2042-01-17,5,0,0,2.4,3,0
2042-01-18,3,1,2,3.97,3,0
2042-01-19,4,5,5,4.09,10,1
2042-01-20,3,4,3,3.08,10,1
2042-01-21,3,1,0,2.95,4,0
2042-01-22,5,2,0,4.99,6,1
2042-01-23,3,3,5,2.34,10,1
2042-01-24,2,3,5,2.6,10,1
2042-01-25,5,0,0,2.95,5,0
2042-01-26,2,0,0,3.52,2,0
2042-01-27,4,1,1,2.71,4,0
2042-01-28,3,1,1,4.72,6,0
2042-01-29,3,3,3,4.94,10,1
2042-01-30,3,4,4,4.18,8,1
2042-01-31,3,0,2,2.5,4,1
2042-02-01,1,3,3,2.52,11,1
2042-02-02,6,0,0,2.89,4,0
2042-02-03,5,2,2,2.05,5,0
2042-02-04,5,3,4,4.97,9,1
2042-02-05,7,5,3,3.46,8,1
2042-02-06,3,1,2,1.91,2,0
2042-02-07,1,2,0,4.13,6,0
2042-02-08,4,0,1,1.9,5,1
2042-02-09,7,2,0,2.84,2,0
2042-02-10,7,0,2,2.5,6,0
2042-02-11,2,3,4,3.75,8,1
2042-02-12,2,2,0,2.61,4,0
2042-02-13,4,0,2,1.75,6,0
2042-02-14,4,2,1,3.91,5,0
2042-02-15,3,1,1,2.16,5,0
2042-02-16,9,0,1,4.83,3,0
2042-02-17,6,0,0,4.73,3,1
2042-02-18,2,0,0,3.08,4,0
2042-02-19,8,0,2,2.18,5,1
2042-02-20,0,1,1,1.67,3,0
2042-02-21,2,2,1,1.59,3,1
2042-02-22,5,0,1,3.32,3,0
2042-02-23,1,2,1,3.61,3,0
2042-02-24,1,2,2,1.51,5,0
2042-02-25,4,5,4,2.36,9,1
2042-02-26,7,1,2,1.64,4,0
2042-02-27,11,0,2,3.93,6,0
2042-02-28,2,4,3,1.6,10,1
2042-03-01,2,4,4,2.91,10,1
2042-03-02,9,4,4,3.48,10,1
2042-03-03,2,3,3,2.5,10,1
2042-03-04,6,1,2,2.31,4,1
2042-03-05,4,5,3,4.23,8,1
2042-03-06,1,0,1,1.8,5,1
2042-03-07,3,0,0,4.2,3,0
2042-03-08,5,1,0,3.99,5,0
2042-03-09,4,1,1,4.29,5,0
2042-03-10,6,3,3,3.28,8,1
2042-03-11,3,2,1,4.69,4,1
2042-03-12,3,0,1,2.22,5,0
2042-03-13,4,1,2,3.94,3,0
2042-03-14,3,2,1,2.56,6,0
2042-03-15,4,1,2,1.87,3,0
2042-03-16,5,4,5,3.43,10,1
2042-03-17,5,5,4,2.4,10,1
2042-03-18,3,0,0,3.68,3,0
2042-03-19,8,1,2,2.34,5,0
2042-03-20,6,0,0,2.62,5,0
2042-03-21,5,1,0,3.92,4,0
2042-03-22,2,3,4,2.1,10,1
2042-03-23,4,4,3,2.06,10,1
2042-03-24,2,5,4,3.4,9,1
2042-03-25,3,5,4,4.93,10,1
2042-03-26,2,2,2,4.88,2,0
2042-03-27,2,4,3,1.95,11,1
2042-03-28,3,1,0,2.9,6,1
2042-03-29,2,1,2,2.19,4,0
2042-03-30,2,1,0,1.71,6,0
2042-03-31,3,4,3,4.81,11,1
2042-04-01,2,0,0,4.62,2,0
2042-04-02,4,2,0,3.87,5,0
2042-04-03,2,1,1,4.7,4,0
2042-04-04,4,4,4,4.23,10,1
2042-04-05,2,0,1,4.48,3,0
2042-04-06,1,1,2,2.24,4,0
2042-04-07,2,5,3,4.5,9,1
2042-04-08,6,4,5,2.46,11,1
2042-04-09,4,3,5,2.59,9,1
2042-04-10,5,1,0,1.92,5,0
2042-04-11,1,5,4,2.6,8,1
2042-04-12,7,0,1,2.63,4,0
2042-04-13,3,5,3,1.73,11,1
2042-04-14,2,2,2,2.49,5,0
2042-04-15,3,4,3,2.19,11,1
2042-04-16,5,5,3,3.56,11,1
2042-04-17,4,4,4,1.97,8,1
2042-04-18,3,1,2,4.42,3,0
2042-04-19,1,2,1,3.47,3,0
2042-04-20,4,2,1,2.6,5,0
2042-04-21,3,5,4,2.76,9,1
2042-04-22,4,3,5,2.37,9,1
2042-04-23,4,4,5,3.82,8,1
2042-04-24,9,0,2,2.23,4,0
2042-04-25,1,3,4,1.62,11,1
2042-04-26,4,3,5,3.54,11,1
2042-04-27,7,5,5,3.95,9,1
2042-04-28,6,5,4,1.79,11,1
2042-04-29,3,2,1,4.54,5,1
2042-04-30,5,5,4,2.12,8,1
2042-05-01,1,2,2,1.53,6,0
2042-05-02,3,1,1,2.43,6,0
2042-05-03,2,0,2,4.37,3,0
2042-05-04,4,2,2,2.4,6,0
2042-05-05,6,1,1,3.83,6,0
2042-05-06,4,1,2,3.24,5,0
2042-05-07,2,1,0,4.94,5,0
2042-05-08,6,2,0,2.05,6,0
2042-05-09,6,5,3,3.18,11,1
2042-05-10,4,0,2,1.58,5,0
2042-05-11,2,2,0,3.19,4,1
2042-05-12,4,1,2,3.7,5,0
2042-05-13,7,2,2,3.74,6,0
2042-05-14,5,0,0,2.13,6,0
2042-05-15,4,2,1,2.96,3,0
2042-05-16,2,2,0,3.22,2,0
2042-05-17,9,1,2,4.9,3,0
2042-05-18,5,0,2,2.24,2,0
2042-05-19,4,0,1,3.16,5,0
2042-05-20,5,3,3,2.57,10,1
2042-05-21,3,1,1,4.16,2,1
2042-05-22,4,2,1,4.67,2,1
2042-05-23,5,5,5,3.62,10,1
2042-05-24,2,5,4,2.94,9,1
2042-05-25,5,1,2,2.75,6,0
2042-05-26,1,2,2,3.78,6,0
2042-05-27,5,3,3,4.03,8,1
2042-05-28,4,0,0,1.93,5,0
2042-05-29,3,4,3,3.32,9,1
2042-05-30,1,5,3,2.52,9,1
2042-05-31,9,0,1,1.51,2,0
2042-06-01,2,5,5,1.93,9,1
2042-06-02,5,3,5,4.5,9,1
2042-06-03,7,1,0,4.08,2,0
2042-06-04,3,2,1,1.57,3,0
2042-06-05,7,1,0,3.21,3,0
2042-06-06,7,0,1,1.89,3,0
2042-06-07,2,4,3,3.65,9,1
2042-06-08,3,2,0,3.72,5,0
2042-06-09,5,0,0,2.36,6,0
2042-06-10,7,2,0,1.98,2,0
2042-06-11,2,0,1,3.07,5,0
2042-06-12,3,2,2,3.09,3,0
2042-06-13,6,3,4,2.02,9,1
2042-06-14,4,0,1,1.76,2,0
2042-06-15,3,1,1,4.11,6,0
2042-06-16,2,1,0,4.22,4,0
2042-06-17,9,1,2,3.29,3,0
2042-06-18,2,0,0,4.11,2,0
2042-06-19,6,3,4,3.01,9,1
2042-06-20,5,1,1,2.12,3,0
2042-06-21,3,2,2,1.83,5,0
2042-06-22,4,1,0,3.39,4,0
2042-06-23,6,0,1,4.99,4,0
2042-06-24,2,2,1,3.86,3,0
2042-06-25,6,3,3,2.45,9,1
2042-06-26,4,5,4,2.67,11,1
2042-06-27,4,1,2,2.78,4,0
2042-06-28,7,0,1,2.81,6,0
2042-06-29,5,4,5,3.14,8,1
2042-06-30,4,3,3,4.74,11,1
2042-07-01,6,3,5,4.0,11,1
2042-07-02,7,0,0,5.0,6,0
2042-07-03,4,5,4,4.64,8,1
2042-07-04,2,0,1,4.22,4,0
2042-07-05,6,3,5,4.15,11,1
2042-07-06,3,2,1,2.86,5,0
2042-07-07,6,3,5,4.79,9,1
2042-07-08,2,3,3,3.66,10,1
2042-07-09,3,1,1,3.41,6,0
2042-07-10,5,2,0,2.77,3,0
2042-07-11,13,4,4,3.03,10,1
2042-07-12,5,1,2,1.95,5,0
2042-07-13,2,2,1,4.86,2,0
2042-07-14,5,0,1,3.14,5,0
2042-07-15,5,2,0,4.98,6,0
2042-07-16,8,2,2,4.4,6,0
2042-07-17,3,2,1,4.88,5,0
2042-07-18,1,2,1,3.38,2,0
2042-07-19,4,0,0,4.25,6,0
2042-07-20,4,4,3,4.16,9,1
2042-07-21,3,1,0,2.82,2,0
2042-07-22,5,2,1,2.47,6,0
2042-07-23,7,1,1,3.41,4,0
2042-07-24,6,0,2,2.71,3,0
2042-07-25,6,0,0,4.51,3,0
2042-07-26,5,2,2,2.71,4,0
2042-07-27,5,0,0,3.31,4,0
2042-07-28,4,3,3,4.97,9,1
2042-07-29,5,4,3,4.79,10,1
2042-07-30,3,5,4,3.9,8,1
2042-07-31,6,3,3,4.91,8,1
2042-08-01,3,1,0,2.13,3,0
2042-08-02,2,0,0,3.91,5,0
2042-08-03,4,1,2,1.52,3,0
2042-08-04,2,1,0,2.48,2,0
2042-08-05,3,1,1,1.98,5,0
2042-08-06,5,5,3,4.42,9,1
2042-08-07,4,1,1,3.93,3,0
2042-08-08,2,0,0,2.61,5,1
2042-08-09,4,2,0,2.37,2,0
2042-08-10,1,0,2,4.88,3,0
2042-08-11,3,5,3,4.74,9,1
2042-08-12,4,1,0,4.33,2,0
2042-08-13,3,1,2,3.0,2,0
2042-08-14,1,0,2,4.61,3,0
2042-08-15,2,0,0,3.4,6,0
2042-08-16,3,0,1,3.72,5,1
2042-08-17,2,2,0,2.63,3,1
2042-08-18,3,2,0,2.75,2,0
2042-08-19,4,2,2,2.81,2,0
2042-08-20,2,2,2,1.56,5,0
2042-08-21,4,4,4,3.12,11,1
2042-08-22,1,3,4,3.99,9,1
2042-08-23,3,4,4,3.27,10,1
2042-08-24,4,0,1,4.85,4,0
2042-08-25,6,1,2,2.24,6,0
2042-08-26,5,0,1,2.72,3,0
2042-08-27,4,3,5,4.3,9,1
2042-08-28,6,3,3,2.51,9,1
2042-08-29,5,0,2,1.79,5,0
2042-08-30,1,2,2,2.99,5,1
2042-08-31,2,1,0,2.38,5,1
2042-09-01,2,2,2,4.18,6,0
2042-09-02,3,1,1,3.33,5,0
2042-09-03,2,3,4,3.69,10,1
2042-09-04,4,0,0,4.23,5,0
2042-09-05,4,2,0,2.89,2,0
2042-09-06,2,1,0,3.2,2,0
2042-09-07,7,1,2,2.79,6,0
2042-09-08,6,1,1,4.84,6,0
2042-09-09,3,5,3,3.7,9,1
2042-09-10,4,1,1,2.27,6,0
2042-09-11,14,4,3,3.52,9,1
2042-09-12,2,2,0,4.73,6,0
2042-09-13,4,5,5,4.79,11,1
2042-09-14,3,4,4,4.09,8,1
2042-09-15,1,4,3,4.82,8,1
2042-09-16,6,0,0,4.06,2,0
2042-09-17,3,1,1,2.33,5,0
2042-09-18,6,4,5,4.87,10,1
2042-09-19,1,4,3,1.65,10,1
2042-09-20,1,0,1,3.15,5,0
2042-09-21,4,4,4,3.04,10,1
2042-09-22,3,1,0,4.37,6,0
2042-09-23,2,0,0,1.67,3,0
2042-09-24,3,0,0,3.26,5,0
2042-09-25,7,2,2,3.3,5,0
2042-09-26,3,1,1,1.68,5,0
2042-09-27,4,0,0,2.68,3,0
2042-09-28,2,2,1,2.33,3,1
2042-09-29,0,1,0,3.45,5,0
2042-09-30,4,2,1,4.45,2,0
2042-10-01,3,3,5,2.08,8,1
2042-10-02,2,1,0,1.51,4,0
2042-10-03,4,1,0,4.69,2,0
2042-10-04,5,1,1,3.35,6,0
2042-10-05,3,0,0,3.34,6,1
2042-10-06,4,0,2,3.77,3,0
2042-10-07,8,1,1,1.87,2,0
2042-10-08,7,3,5,2.18,8,1
2042-10-09,5,3,4,2.63,9,1
2042-10-10,4,4,5,2.14,10,1
2042-10-11,4,1,1,2.91,6,0
2042-10-12,4,1,2,2.82,3,1
2042-10-13,7,1,1,3.82,5,0
2042-10-14,0,1,0,4.52,4,0
2042-10-15,1,1,2,2.02,3,0
2042-10-16,2,0,0,4.9,2,0
2042-10-17,6,2,2,4.16,4,1
2042-10-18,2,5,4,4.75,8,1
2042-10-19,3,0,1,2.21,6,0
2042-10-20,5,2,1,1.75,4,0
2042-10-21,4,2,1,3.23,5,0
2042-10-22,3,2,1,1.55,2,0
2042-10-23,1,2,1,4.89,2,0
2042-10-24,5,1,2,4.03,2,0
2042-10-25,5,2,2,2.05,2,0
2042-10-26,4,1,0,3.3,4,0
2042-10-27,6,2,1,1.77,3,0
2042-10-28,2,3,3,2.41,10,1
2042-10-29,5,1,0,3.26,5,0
2042-10-30,4,1,2,4.96,3,0
2042-10-31,6,4,5,2.13,11,1
2042-11-01,2,2,0,2.21,3,0
2042-11-02,4,2,2,2.21,5,0
2042-11-03,4,3,5,4.89,8,1
2042-11-04,4,2,1,4.27,5,0
2042-11-05,4,1,2,4.57,6,1
2042-11-06,4,2,2,1.53,4,1
2042-11-07,4,2,2,3.42,4,0
2042-11-08,7,2,2,2.58,3,0
2042-11-09,3,1,2,2.63,4,0
2042-11-10,2,2,1,2.27,5,0
2042-11-11,1,2,2,3.29,3,0
2042-11-12,7,4,4,4.65,8,1
2042-11-13,1,2,1,2.5,4,0
2042-11-14,3,5,5,3.71,9,1
2042-11-15,5,0,1,3.89,3,0
2042-11-16,1,3,5,2.79,10,1
2042-11-17,5,2,1,2.23,6,0
2042-11-18,4,0,0,3.84,2,0
2042-11-19,6,2,1,4.43,4,0
2042-11-20,5,0,2,1.86,4,0
2042-11-21,2,3,4,3.29,8,1
2042-11-22,6,5,4,3.89,11,1
2042-11-23,6,2,0,3.52,6,0
2042-11-24,6,3,5,3.57,10,1
2042-11-25,2,1,0,2.14,2,0
2042-11-26,6,0,1,4.56,4,1
2042-11-27,5,1,1,1.58,3,0
2042-11-28,10,4,5,4.57,8,1
2042-11-29,8,0,0,2.99,5,0
2042-11-30,6,0,2,2.28,6,0
2042-12-01,2,2,2,4.6,6,1
2042-12-02,1,2,1,3.47,6,0
2042-12-03,6,2,1,4.94,3,0
2042-12-04,4,0,0,4.45,6,0
2042-12-05,6,2,2,2.48,4,0
2042-12-06,6,4,3,2.77,11,1
2042-12-07,6,1,0,4.04,5,0
2042-12-08,5,2,1,2.25,2,0
2042-12-09,5,1,1,2.29,3,0
2042-12-10,9,3,4,3.77,10,1
2042-12-11,4,5,5,2.56,11,1
2042-12-12,2,2,2,2.48,2,0
2042-12-13,6,1,2,3.35,3,0
2042-12-14,9,1,0,3.78,4,0
2042-12-15,2,0,2,2.45,5,0
2042-12-16,4,1,2,4.29,4,0
2042-12-17,3,0,0,4.59,3,0
2042-12-18,3,0,0,2.14,3,0
2042-12-19,6,1,1,3.71,2,0
2042-12-20,2,1,0,1.84,4,0
2042-12-21,1,1,2,2.65,3,0
2042-12-22,3,4,4,4.08,10,1
2042-12-23,5,1,0,1.97,5,0
2042-12-24,3,4,4,2.59,11,1
2042-12-25,5,0,0,3.56,3,0
2042-12-26,5,5,4,3.01,10,1
2042-12-27,5,2,2,4.19,2,0
2042-12-28,1,0,0,4.83,3,1
2042-12-29,2,4,5,4.76,11,1
2042-12-30,4,0,0,2.87,6,0
2042-12-31,5,1,2,2.75,5,0
2043-01-01,7,0,0,4.13,2,0
2043-01-02,6,1,1,1.87,3,0
2043-01-03,6,1,1,4.69,4,0
2043-01-04,6,1,2,4.64,3,1
2043-01-05,2,1,2,2.33,5,0
2043-01-06,3,4,3,1.99,8,1
2043-01-07,7,3,3,1.67,11,1
2043-01-08,7,3,4,1.67,11,1
2043-01-09,4,1,1,3.63,2,0
2043-01-10,2,2,0,2.3,6,0
2043-01-11,2,0,0,2.12,2,0
2043-01-12,4,3,5,3.92,11,1
2043-01-13,2,0,0,2.27,4,1
2043-01-14,5,5,4,2.94,9,1
2043-01-15,4,1,1,2.56,4,0
2043-01-16,5,3,4,4.55,8,1
2043-01-17,5,2,1,2.69,6,0
2043-01-18,5,2,2,2.62,5,0
2043-01-19,2,1,2,1.75,6,1
2043-01-20,3,0,0,2.62,4,0
2043-01-21,3,2,2,1.72,3,0
2043-01-22,3,2,1,4.85,2,0
2043-01-23,3,1,1,3.58,3,0
2043-01-24,1,2,1,4.08,5,1
2043-01-25,4,2,2,4.25,5,0
2043-01-26,0,0,0,2.75,2,0
2043-01-27,5,5,4,4.02,11,1
2043-01-28,4,1,1,3.48,4,0
2043-01-29,5,2,0,4.28,3,0
2043-01-30,6,1,2,4.69,3,0
2043-01-31,4,1,2,4.85,2,0
2043-02-01,5,2,2,4.84,6,0
2043-02-02,3,5,3,4.21,10,1
2043-02-03,5,5,4,3.88,9,1
2043-02-04,4,2,2,4.95,5,0
2043-02-05,4,2,1,4.97,3,0
2043-02-06,4,0,0,2.06,5,0
2043-02-07,8,3,4,3.34,9,1
2043-02-08,6,2,1,4.95,4,0
2043-02-09,7,4,5,3.15,11,1
2043-02-10,3,3,5,2.9,9,1
2043-02-11,1,0,0,1.71,3,0
2043-02-12,1,3,3,3.27,9,1
2043-02-13,4,3,4,3.15,11,1
2043-02-14,7,4,5,3.4,10,1
2043-02-15,5,0,1,3.23,6,0
2043-02-16,5,2,2,2.57,3,0
2043-02-17,1,0,0,4.35,4,0
2043-02-18,6,0,2,3.93,6,0
2043-02-19,2,2,2,3.53,3,0
2043-02-20,1,0,1,1.55,2,0
2043-02-21,3,0,1,3.04,2,1
2043-02-22,2,2,0,4.43,6,0
2043-02-23,3,1,2,3.37,4,0
2043-02-24,2,2,2,1.69,6,0
2043-02-25,4,5,3,4.63,9,1
2043-02-26,2,1,2,2.67,4,0
2043-02-27,1,3,3,1.54,10,1
2043-02-28,5,4,3,4.92,10,1
2043-03-01,3,1,0,2.47,2,0
2043-03-02,4,2,2,2.63,4,0
2043-03-03,5,1,0,3.53,4,0
2043-03-04,4,1,2,3.08,5,0
2043-03-05,2,0,2,4.28,5,0
2043-03-06,8,4,5,3.99,10,1
2043-03-07,2,5,4,2.68,10,1
2043-03-08,2,1,1,1.57,4,0
2043-03-09,7,5,5,4.51,10,1
2043-03-10,8,1,2,4.05,4,0
2043-03-11,4,5,3,2.46,9,1
2043-03-12,3,1,2,4.58,4,0
2043-03-13,3,0,0,2.29,4,0
2043-03-14,3,3,4,2.18,10,1
2043-03-15,3,0,0,4.54,6,1
2043-03-16,2,1,0,3.77,2,0
2043-03-17,5,1,0,1.68,4,0
2043-03-18,3,0,1,2.82,3,0
2043-03-19,3,3,3,4.76,8,1
2043-03-20,3,5,3,2.61,8,1
2043-03-21,4,2,1,3.64,4,0
2043-03-22,2,2,2,4.2,2,0
2043-03-23,2,3,4,1.52,10,1
2043-03-24,5,0,1,1.96,2,0
2043-03-25,1,2,2,2.24,5,0
2043-03-26,4,1,2,2.32,6,0
2043-03-27,2,5,4,2.31,10,1
2043-03-28,6,1,1,3.78,2,1
2043-03-29,2,1,0,1.64,5,0
2043-03-30,1,2,2,4.31,4,0
2043-03-31,2,2,2,2.25,6,0
2043-04-01,4,4,4,3.55,11,1
2043-04-02,6,1,0,2.11,3,0
2043-04-03,5,2,1,4.69,5,0
2043-04-04,4,3,4,2.47,9,1
2043-04-05,4,5,5,2.71,11,1
2043-04-06,2,1,1,1.61,4,0
2043-04-07,4,3,5,3.92,8,1
2043-04-08,4,1,2,2.07,3,0
2043-04-09,2,2,2,3.24,2,0
2043-04-10,6,5,3,1.9,11,1
2043-04-11,6,4,3,4.06,8,1
2043-04-12,4,3,5,1.98,10,1
2043-04-13,5,0,0,2.83,6,0
2043-04-14,4,1,0,3.81,3,0
2043-04-15,3,0,0,4.02,6,0
2043-04-16,3,0,2,4.21,2,0
2043-04-17,2,4,3,3.76,8,1
2043-04-18,7,2,0,3.54,6,0
2043-04-19,2,3,3,1.66,10,1
2043-04-20,1,5,4,4.39,8,1
2043-04-21,7,2,0,4.67,5,0
2043-04-22,5,0,1,4.01,3,0
2043-04-23,5,2,2,3.24,4,0
2043-04-24,3,0,0,4.67,2,0
2043-04-25,8,0,0,3.66,4,0
2043-04-26,7,2,2,1.72,6,0
2043-04-27,5,1,1,1.69,3,0
2043-04-28,3,3,5,4.45,9,1
2043-04-29,3,5,3,2.99,9,1
2043-04-30,2,0,0,2.75,4,1
2043-05-01,4,3,3,4.72,8,1
2043-05-02,4,0,0,3.11,4,1
2043-05-03,0,2,2,3.87,4,0
2043-05-04,5,1,1,2.77,5,0
2043-05-05,4,5,4,2.71,11,1
2043-05-06,2,1,2,1.88,4,0
2043-05-07,3,2,0,2.53,4,0
2043-05-08,4,0,0,3.86,3,0
2043-05-09,4,4,3,2.47,10,1
2043-05-10,3,0,1,3.1,5,0
2043-05-11,6,0,0,2.64,6,0
2043-05-12,1,4,3,3.6,8,1
2043-05-13,3,0,0,3.3,3,0
2043-05-14,7,5,3,2.29,11,1
2043-05-15,2,3,3,4.3,8,1
2043-05-16,1,4,3,2.2,9,1
2043-05-17,6,1,0,4.28,5,1
2043-05-18,4,0,0,2.21,5,1
2043-05-19,3,4,5,2.5,8,1
2043-05-20,5,4,5,1.55,11,1
2043-05-21,6,1,1,3.81,3,0
2043-05-22,2,5,4,3.11,11,1
2043-05-23,4,2,0,2.15,5,0
2043-05-24,4,2,1,4.24,6,0
2043-05-25,4,2,0,4.67,2,0
2043-05-26,6,5,3,3.47,10,1
2043-05-27,3,2,2,3.82,2,1
2043-05-28,7,4,4,4.12,10,1
2043-05-29,7,4,4,2.95,11,1
2043-05-30,3,3,3,3.67,9,1
2043-05-31,5,1,0,4.47,4,0
2043-06-01,5,3,4,3.03,8,1
2043-06-02,6,0,0,2.95,2,0
2043-06-03,6,2,0,3.07,4,1
2043-06-04,3,0,2,4.76,5,0
2043-06-05,3,4,4,1.87,8,1
2043-06-06,4,2,1,2.88,2,0
2043-06-07,1,3,4,3.45,9,1
2043-06-08,5,4,4,4.97,11,1
2043-06-09,5,1,0,2.77,5,0
2043-06-10,6,0,0,2.0,5,0
2043-06-11,4,0,2,2.38,5,0
2043-06-12,4,1,0,3.59,4,0
2043-06-13,4,1,1,2.43,5,0
2043-06-14,3,1,0,3.87,4,0
2043-06-15,3,0,2,3.45,6,0
2043-06-16,11,2,0,3.18,5,0
2043-06-17,5,5,5,3.33,11,1
2043-06-18,4,0,2,3.33,2,0
2043-06-19,6,2,2,3.82,5,0
2043-06-20,2,1,0,3.12,6,0
2043-06-21,3,0,1,2.45,6,0
2043-06-22,5,1,2,4.36,6,0
2043-06-23,6,0,1,2.1,4,1
2043-06-24,3,1,0,4.92,5,0
2043-06-25,4,0,1,3.91,2,0
2043-06-26,3,4,3,3.35,11,1
2043-06-27,5,2,0,3.03,6,0
2043-06-28,5,0,1,1.77,4,0
2043-06-29,3,2,1,4.04,6,0
2043-06-30,4,0,2,3.71,6,0
2043-07-01,6,1,0,4.08,6,0
2043-07-02,6,4,5,1.87,9,1
2043-07-03,3,1,2,4.31,2,0
2043-07-04,6,4,3,1.81,8,1
2043-07-05,4,2,1,2.62,6,0
2043-07-06,3,0,0,3.23,4,0
2043-07-07,4,4,5,4.72,10,1
2043-07-08,9,0,1,4.81,2,0
2043-07-09,4,5,3,2.52,9,1
2043-07-10,2,3,4,3.75,8,1
2043-07-11,3,5,4,3.06,10,1
2043-07-12,6,1,2,3.5,2,0
2043-07-13,2,1,2,4.93,4,0
2043-07-14,3,2,0,3.22,2,1
2043-07-15,4,2,2,3.8,3,0
2043-07-16,7,3,5,4.91,11,1
2043-07-17,1,4,3,2.41,8,1
2043-07-18,2,2,2,3.4,2,0
2043-07-19,2,0,2,2.02,3,0
2043-07-20,3,2,2,2.68,5,0
2043-07-21,6,1,0,1.96,3,0
2043-07-22,4,1,1,1.7,5,0
2043-07-23,4,0,2,3.26,6,0
2043-07-24,4,0,0,4.34,5,0
2043-07-25,6,5,3,3.89,8,1
2043-07-26,5,3,4,2.37,10,1
2043-07-27,3,4,3,4.5,10,1
2043-07-28,3,5,4,2.35,8,1
2043-07-29,5,1,0,4.95,3,0
2043-07-30,4,3,3,4.87,11,1
2043-07-31,2,0,1,4.96,2,0
2043-08-01,4,1,0,4.45,3,0
2043-08-02,1,0,2,3.48,5,0
2043-08-03,4,5,4,3.29,8,1
2043-08-04,4,4,3,4.69,9,1
2043-08-05,5,0,2,2.99,5,0
2043-08-06,5,5,5,2.62,11,1
2043-08-07,1,0,0,2.19,3,0
2043-08-08,1,0,1,3.29,4,0
2043-08-09,1,2,0,1.73,5,0
2043-08-10,7,3,3,3.57,11,1
2043-08-11,5,0,2,3.79,2,0
2043-08-12,3,1,0,4.27,2,0
2043-08-13,2,2,0,2.71,3,0
2043-08-14,6,2,1,3.11,5,0
2043-08-15,4,2,1,3.13,2,0
2043-08-16,3,1,0,4.91,3,0
2043-08-17,7,4,4,2.42,9,1
2043-08-18,5,2,1,2.91,2,0
2043-08-19,3,5,3,4.29,11,1
2043-08-20,4,2,0,3.83,3,0
2043-08-21,2,1,2,3.49,4,0
2043-08-22,3,5,3,1.6,11,1
2043-08-23,4,5,5,3.66,11,1
2043-08-24,3,1,0,1.91,6,0
2043-08-25,5,2,2,4.69,4,0
2043-08-26,6,4,3,4.43,9,1
2043-08-27,3,0,1,1.7,2,0
2043-08-28,5,1,1,4.74,2,0
2043-08-29,6,2,0,4.36,4,0
2043-08-30,3,5,4,3.81,8,1
2043-08-31,8,4,5,2.15,9,1
2043-09-01,11,5,5,2.13,9,1
2043-09-02,2,4,4,4.37,11,1
2043-09-03,2,5,5,4.61,8,1
2043-09-04,9,2,1,3.81,3,0
2043-09-05,8,2,0,1.65,4,0
2043-09-06,5,0,1,4.19,3,0
2043-09-07,4,5,4,3.06,10,1
2043-09-08,1,0,1,3.14,6,0
2043-09-09,3,0,2,4.27,4,0
2043-09-10,2,0,0,4.02,6,0
2043-09-11,9,2,2,2.5,5,0
2043-09-12,5,0,1,4.67,6,0
2043-09-13,3,2,2,1.98,6,0
2043-09-14,7,1,2,4.97,6,0
2043-09-15,2,1,2,2.73,5,0
2043-09-16,6,1,2,4.35,6,0
2043-09-17,4,0,2,1.68,3,1
2043-09-18,5,0,2,4.55,2,0
2043-09-19,4,0,0,2.16,3,0
2043-09-20,2,1,0,2.82,6,0
2043-09-21,6,5,4,2.02,8,1
2043-09-22,3,1,0,2.16,4,0
2043-09-23,3,0,1,2.08,2,0
2043-09-24,3,1,1,2.97,4,0
2043-09-25,5,1,1,1.89,6,0
2043-09-26,5,0,2,4.55,2,0
2043-09-27,2,2,0,3.16,4,0
2043-09-28,10,1,2,3.38,2,0
2043-09-29,6,2,0,4.15,3,0
2043-09-30,4,3,5,2.44,9,1
2043-10-01,8,5,5,3.7,11,1
2043-10-02,5,1,0,3.54,5,0
2043-10-03,4,5,4,3.98,9,1
2043-10-04,7,0,2,2.42,2,0
2043-10-05,4,3,5,1.57,9,1
2043-10-06,4,0,1,4.58,2,0
2043-10-07,2,2,1,2.78,2,0
2043-10-08,3,1,0,3.53,6,0
2043-10-09,3,1,0,3.97,3,1
2043-10-10,8,5,4,3.04,9,1
2043-10-11,3,1,0,4.85,3,0
2043-10-12,2,3,4,4.15,10,1
2043-10-13,4,2,0,2.62,2,0
2043-10-14,5,2,1,1.98,2,0
2043-10-15,3,3,4,2.1,8,1
2043-10-16,6,2,2,4.67,2,0
2043-10-17,4,2,1,4.26,3,0
2043-10-18,4,1,0,2.47,2,0
2043-10-19,2,0,1,3.92,2,0
2043-10-20,6,4,5,3.79,8,1
2043-10-21,6,1,2,2.77,3,1
2043-10-22,4,2,2,3.78,5,0
2043-10-23,1,4,3,4.52,10,1
2043-10-24,6,5,4,3.44,11,1
2043-10-25,4,1,2,4.96,2,0
2043-10-26,8,3,4,3.49,9,1
2043-10-27,5,0,2,4.37,2,0
2043-10-28,1,2,1,4.49,6,0
2043-10-29,3,5,5,2.15,11,1
2043-10-30,5,2,2,4.74,6,0
2043-10-31,2,2,2,2.23,4,0
2043-11-01,4,3,3,4.0,10,1
2043-11-02,2,1,2,4.24,2,0
2043-11-03,5,3,4,3.67,11,1
2043-11-04,4,5,3,4.18,10,1
2043-11-05,3,0,0,1.64,3,0
2043-11-06,2,1,1,4.37,4,0
2043-11-07,2,3,3,4.83,9,1
2043-11-08,3,1,1,2.93,2,0
2043-11-09,7,2,1,3.8,2,0
2043-11-10,3,0,1,3.18,2,0
2043-11-11,3,3,4,3.35,9,1
2043-11-12,7,2,2,2.03,2,0
2043-11-13,2,0,0,2.0,6,0
2043-11-14,6,2,2,4.62,2,0
2043-11-15,3,0,1,3.3,3,0
2043-11-16,6,4,4,1.8,11,1
2043-11-17,3,2,2,1.65,3,0
2043-11-18,6,0,0,2.49,4,0
2043-11-19,5,5,4,1.6,10,1
2043-11-20,6,1,1,4.5,2,0
2043-11-21,4,1,0,4.97,4,0
2043-11-22,3,5,3,1.89,9,1
2043-11-23,3,1,0,1.59,2,0
2043-11-24,1,4,5,1.57,10,1
2043-11-25,3,5,3,4.02,8,1
2043-11-26,4,0,1,3.11,3,0
2043-11-27,3,2,1,3.94,6,0
2043-11-28,7,0,1,4.35,3,0
2043-11-29,5,0,0,1.75,3,0
2043-11-30,5,5,4,3.31,9,1
2043-12-01,3,0,1,3.78,2,1
2043-12-02,7,0,1,4.91,2,0
2043-12-03,4,0,1,4.89,5,0
2043-12-04,4,2,0,3.15,2,0
2043-12-05,4,4,5,1.51,11,1
2043-12-06,4,0,2,2.05,2,0
2043-12-07,5,4,4,3.53,11,1
2043-12-08,5,4,4,2.78,9,1
2043-12-09,6,2,1,4.09,3,1
2043-12-10,6,0,0,4.73,4,0
2043-12-11,3,4,3,3.06,10,1
2043-12-12,4,2,1,4.49,2,1
2043-12-13,4,2,1,2.22,2,0
2043-12-14,7,0,0,5.0,3,0
2043-12-15,6,1,1,2.71,4,0
2043-12-16,5,0,2,3.67,3,0
2043-12-17,4,5,3,4.86,11,1
2043-12-18,4,5,5,3.64,9,1
2043-12-19,4,1,1,2.84,2,0
2043-12-20,3,0,2,4.36,5,1
2043-12-21,3,5,5,2.68,9,1
2043-12-22,7,4,4,2.77,11,1
2043-12-23,4,1,0,4.52,6,0
2043-12-24,3,1,1,4.08,2,0
2043-12-25,2,1,1,4.0,5,0
2043-12-26,5,2,1,4.28,5,0
2043-12-27,5,0,2,4.07,4,0
2043-12-28,7,0,0,4.56,2,0
2043-12-29,3,2,0,2.79,6,0
2043-12-30,10,1,1,3.43,4,1
2043-12-31,2,5,4,2.09,10,1
2044-01-01,1,4,3,3.42,8,1
2044-01-02,4,5,3,3.18,11,1
2044-01-03,4,0,0,1.87,6,0
2044-01-04,4,2,2,2.01,2,0
2044-01-05,1,1,0,4.41,4,0
2044-01-06,5,4,5,2.94,10,1
2044-01-07,2,1,0,2.09,6,0
2044-01-08,2,3,4,2.95,9,1
2044-01-09,9,1,2,4.95,5,0
2044-01-10,6,5,4,4.58,9,1
2044-01-11,3,2,0,1.55,4,0
2044-01-12,5,3,4,3.47,8,1
2044-01-13,1,4,3,2.26,11,1
2044-01-14,3,5,5,1.79,8,1
2044-01-15,1,2,2,1.77,3,1
2044-01-16,7,3,5,3.72,9,1
2044-01-17,2,4,3,2.31,8,1
2044-01-18,1,5,5,4.78,10,1
2044-01-19,5,2,1,3.0,4,0
2044-01-20,4,0,0,2.2,4,0
2044-01-21,5,3,4,3.47,11,1
2044-01-22,9,2,2,3.52,3,1
2044-01-23,4,0,0,3.22,6,0
2044-01-24,2,2,0,4.36,2,0
2044-01-25,6,4,3,3.64,8,1
2044-01-26,6,4,3,3.2,8,1
2044-01-27,7,2,2,3.71,2,0
2044-01-28,1,0,1,3.29,2,0
2044-01-29,4,3,4,1.99,8,1
2044-01-30,3,2,1,3.33,5,0
2044-01-31,5,0,0,4.76,3,1
2044-02-01,2,4,5,1.88,11,1
2044-02-02,2,1,2,2.7,4,0
2044-02-03,3,3,3,4.78,11,1
2044-02-04,3,3,3,4.29,10,1
2044-02-05,4,2,2,3.39,4,0
2044-02-06,2,3,3,1.84,9,1
2044-02-07,5,0,2,1.85,3,0
2044-02-08,2,2,1,3.11,6,0
2044-02-09,4,2,0,4.89,3,0
2044-02-10,3,0,1,2.43,6,0
2044-02-11,2,1,1,2.83,5,0
2044-02-12,3,2,2,4.26,4,0
2044-02-13,2,1,1,3.13,4,0
2044-02-14,1,4,5,3.97,9,1
2044-02-15,3,2,1,4.33,3,1
2044-02-16,5,4,3,4.27,11,1
2044-02-17,9,1,1,3.54,4,0
2044-02-18,6,0,1,4.46,2,0
2044-02-19,6,1,0,4.32,4,0
2044-02-20,6,2,1,2.92,2,0
2044-02-21,2,2,1,4.98,3,0
2044-02-22,2,1,1,4.24,5,0
2044-02-23,4,3,3,4.44,11,1
2044-02-24,2,3,5,2.35,10,1
2044-02-25,2,5,4,4.71,8,1
2044-02-26,8,4,3,3.42,8,1
2044-02-27,4,1,0,4.98,5,0
2044-02-28,2,2,2,4.93,3,0
2044-02-29,0,3,4,2.13,11,1
2044-03-01,1,3,3,2.11,11,1
2044-03-02,3,0,0,2.18,6,0
2044-03-03,4,3,3,2.65,11,1
2044-03-04,4,3,4,2.42,9,1
2044-03-05,9,0,1,2.76,4,0
2044-03-06,4,2,1,2.74,5,0
2044-03-07,8,4,3,4.43,11,1
2044-03-08,2,2,2,4.51,5,0
2044-03-09,6,4,3,3.34,9,1
2044-03-10,4,1,2,3.65,2,0
2044-03-11,7,4,5,3.39,10,1
2044-03-12,5,0,2,2.95,3,1
2044-03-13,5,0,1,3.16,6,0
2044-03-14,4,2,0,3.42,2,0
2044-03-15,1,3,4,4.35,8,1
2044-03-16,5,1,1,4.46,2,0
2044-03-17,3,0,1,4.85,3,0
2044-03-18,6,0,1,3.59,5,0
2044-03-19,5,2,0,1.63,2,0
2044-03-20,6,0,1,3.43,6,0
2044-03-21,8,2,0,3.54,3,0
2044-03-22,5,0,0,2.21,4,0
2044-03-23,4,1,0,2.28,2,0
2044-03-24,0,2,1,4.72,6,0
2044-03-25,3,5,5,2.23,11,1
2044-03-26,4,1,1,2.52,4,0
2044-03-27,2,1,0,2.32,4,0
2044-03-28,5,4,3,4.22,8,1
2044-03-29,2,4,3,3.55,9,1
2044-03-30,1,5,4,2.94,8,1
2044-03-31,2,4,3,2.76,8,1
2044-04-01,5,1,1,2.2,3,0
2044-04-02,1,1,0,2.26,6,0
2044-04-03,4,0,0,1.73,2,0
2044-04-04,2,5,3,2.14,8,1
2044-04-05,2,0,2,4.64,5,0
2044-04-06,6,1,1,4.52,6,0
2044-04-07,5,5,3,1.53,8,1
2044-04-08,6,1,1,2.19,3,0
2044-04-09,5,5,5,4.67,9,1
2044-04-10,2,0,0,2.05,5,0
2044-04-11,6,1,0,4.46,4,0
2044-04-12,1,4,3,4.16,10,1
2044-04-13,6,1,1,4.52,6,0
2044-04-14,1,2,2,2.44,2,0
2044-04-15,7,2,1,3.62,6,0
2044-04-16,5,1,2,4.31,2,0
2044-04-17,1,5,4,3.44,10,1
2044-04-18,4,4,4,2.48,11,1
2044-04-19,6,4,3,3.26,9,1
2044-04-20,8,2,0,4.84,6,0
2044-04-21,6,4,3,1.68,10,1
2044-04-22,3,3,5,1.89,8,1
2044-04-23,3,0,1,4.72,2,0
2044-04-24,4,2,1,3.16,4,0
2044-04-25,4,2,0,2.04,5,0
2044-04-26,6,1,0,3.65,4,0
2044-04-27,2,5,5,3.05,11,1
2044-04-28,5,0,0,2.68,3,0
2044-04-29,4,2,0,4.89,4,0
2044-04-30,3,0,0,3.68,3,0
2044-05-01,4,1,2,4.34,2,0
2044-05-02,2,1,0,4.09,3,0
2044-05-03,3,1,0,2.79,4,0
2044-05-04,6,0,1,4.21,5,1
2044-05-05,1,0,1,2.66,2,0
2044-05-06,3,1,2,1.91,6,0
2044-05-07,3,1,2,3.83,2,0
2044-05-08,9,2,1,2.69,5,0
2044-05-09,3,0,1,4.72,5,1
2044-05-10,2,0,2,4.27,3,0
2044-05-11,4,5,3,3.69,9,1
2044-05-12,6,2,1,3.74,4,1
2044-05-13,6,3,5,3.4,10,1
2044-05-14,9,2,1,2.64,4,0
2044-05-15,6,1,2,3.69,4,0
2044-05-16,5,2,0,1.99,5,0
2044-05-17,6,1,0,2.68,4,0
2044-05-18,7,2,1,1.83,2,0
2044-05-19,3,1,2,2.64,4,0
2044-05-20,1,0,1,4.88,2,0
2044-05-21,2,0,2,1.52,3,0
2044-05-22,8,3,3,1.65,9,1
2044-05-23,4,0,2,2.1,2,1
2044-05-24,3,1,2,4.41,3,0
2044-05-25,6,2,0,1.76,2,0
2044-05-26,2,0,2,2.67,2,0
2044-05-27,4,4,5,3.71,10,1
2044-05-28,5,3,3,1.69,9,1
2044-05-29,6,1,1,4.6,3,0
2044-05-30,2,4,4,4.31,9,1
2044-05-31,2,0,2,3.48,4,0
2044-06-01,5,5,5,4.99,11,1
2044-06-02,8,3,3,4.63,9,1
2044-06-03,7,4,3,1.84,10,1
2044-06-04,4,2,1,3.07,4,0
2044-06-05,5,3,4,3.29,10,1
2044-06-06,0,0,2,3.69,2,0
2044-06-07,3,1,1,3.27,5,0
2044-06-08,4,1,1,2.74,3,0
2044-06-09,2,1,1,4.64,3,0
2044-06-10,6,0,0,3.97,3,0
2044-06-11,0,0,0,3.46,2,0
2044-06-12,1,1,2,4.54,3,0
2044-06-13,2,0,0,4.41,6,0
2044-06-14,11,0,1,2.16,4,0
2044-06-15,4,4,4,2.63,8,1
2044-06-16,4,2,1,3.02,6,0
2044-06-17,1,3,3,3.76,10,1
2044-06-18,2,0,2,3.41,4,1
2044-06-19,5,1,1,3.26,5,1
2044-06-20,4,0,2,3.55,2,0
2044-06-21,4,2,1,2.28,3,0
2044-06-22,5,0,0,3.13,5,0
2044-06-23,1,2,2,3.07,2,0
2044-06-24,6,5,5,1.77,8,1
2044-06-25,5,2,2,2.23,3,0
2044-06-26,3,3,4,4.13,9,1
2044-06-27,3,0,0,1.7,2,0
2044-06-28,8,2,0,3.04,3,0
2044-06-29,1,5,5,4.62,10,1
2044-06-30,4,3,4,2.51,8,1
2044-07-01,4,2,0,2.1,5,0
2044-07-02,2,1,1,2.48,6,1
2044-07-03,5,1,0,4.59,6,0
2044-07-04,4,2,1,1.53,6,0
2044-07-05,5,2,1,3.15,3,0
2044-07-06,6,5,3,4.59,11,1
2044-07-07,3,3,5,4.46,9,1
2044-07-08,7,0,0,4.67,5,0
2044-07-09,7,1,1,4.25,6,0
2044-07-10,3,0,2,2.85,2,0
2044-07-11,2,5,3,4.76,10,1
2044-07-12,4,2,2,3.08,4,0
2044-07-13,4,0,2,2.46,6,0
2044-07-14,4,0,0,4.51,6,0
2044-07-15,4,4,3,2.17,10,1
2044-07-16,2,0,1,3.66,2,0
2044-07-17,4,3,3,3.68,9,1
2044-07-18,4,2,2,3.75,6,0
2044-07-19,4,2,1,4.03,5,0
2044-07-20,4,2,0,3.24,6,0
2044-07-21,5,3,4,3.95,11,1
2044-07-22,5,1,0,4.26,3,0
2044-07-23,4,1,1,1.72,4,0
2044-07-24,1,4,4,3.09,11,1
2044-07-25,3,2,0,4.11,4,0
2044-07-26,4,0,2,2.44,6,0
2044-07-27,4,2,2,3.7,5,0
2044-07-28,5,4,3,4.42,11,1
2044-07-29,4,5,5,1.52,10,1
2044-07-30,7,3,5,3.72,11,1
2044-07-31,4,1,0,4.52,5,0
2044-08-01,1,0,0,4.6,2,0
2044-08-02,3,3,3,2.83,8,1
2044-08-03,6,1,1,2.85,2,1
2044-08-04,7,1,1,3.47,3,0
2044-08-05,6,1,2,2.39,2,0
2044-08-06,5,5,3,2.32,8,1
2044-08-07,5,2,2,3.22,4,0
2044-08-08,3,2,0,4.18,3,0
2044-08-09,9,4,3,2.24,9,1
2044-08-10,2,4,3,4.61,9,1
2044-08-11,6,2,2,4.09,3,0
2044-08-12,3,2,0,1.56,6,0
2044-08-13,4,4,4,3.54,9,1
2044-08-14,2,0,2,1.75,6,0
2044-08-15,2,3,4,4.9,8,1
2044-08-16,5,2,1,3.36,2,0
2044-08-17,3,0,2,2.25,3,0
2044-08-18,7,0,2,4.57,2,0
2044-08-19,1,2,0,4.79,3,0
2044-08-20,3,5,4,1.93,9,1
2044-08-21,7,4,3,4.33,9,1
2044-08-22,3,5,4,2.56,9,1
2044-08-23,5,0,2,3.56,5,0
2044-08-24,4,1,1,4.52,6,0
2044-08-25,4,0,1,1.54,3,1
2044-08-26,7,1,0,1.63,4,0
2044-08-27,4,1,1,3.32,6,0
2044-08-28,5,5,3,4.85,9,1
2044-08-29,7,0,0,4.73,6,0
2044-08-30,3,1,1,2.62,6,0
2044-08-31,4,0,2,3.42,5,0
2044-09-01,4,0,0,4.98,5,0
2044-09-02,7,3,5,3.95,10,1
2044-09-03,3,3,5,2.49,8,1
2044-09-04,7,4,4,3.65,11,1
2044-09-05,3,4,5,4.6,9,1
2044-09-06,1,0,0,2.55,2,0
2044-09-07,2,0,1,4.22,4,0
2044-09-08,1,3,5,4.0,8,1
2044-09-09,2,1,0,2.08,4,0
2044-09-10,7,1,1,3.99,2,0
2044-09-11,8,0,0,1.54,4,0
2044-09-12,6,1,0,4.98,4,0
2044-09-13,4,3,4,4.77,10,1
2044-09-14,2,3,3,2.33,10,1
2044-09-15,7,4,3,4.82,10,1
2044-09-16,5,0,0,3.72,3,1
2044-09-17,3,3,5,4.55,9,1
2044-09-18,7,0,1,4.37,4,0
2044-09-19,2,5,5,3.19,8,1
2044-09-20,8,0,2,1.78,5,0
2044-09-21,1,5,5,4.56,9,1
2044-09-22,2,0,1,2.64,5,0
2044-09-23,2,1,2,3.43,3,0
2044-09-24,3,1,2,1.73,5,0
2044-09-25,3,1,1,2.37,5,0
2044-09-26,4,1,0,3.95,4,0
2044-09-27,1,5,3,4.62,11,1
2044-09-28,1,0,0,2.1,2,0
2044-09-29,2,3,5,2.43,10,1
2044-09-30,3,2,0,4.67,4,0
2044-10-01,1,0,1,3.15,5,0
2044-10-02,5,4,5,2.72,11,1
2044-10-03,3,1,2,3.72,3,0
2044-10-04,7,0,2,1.51,3,0
2044-10-05,4,0,1,4.39,6,0
2044-10-06,4,3,3,3.28,9,1
2044-10-07,3,5,4,2.94,10,1
2044-10-08,2,1,1,2.93,4,0
2044-10-09,8,5,4,4.47,10,1
2044-10-10,6,1,1,3.82,2,1
2044-10-11,8,3,5,1.86,10,1
2044-10-12,3,3,5,2.26,11,1
2044-10-13,5,4,4,2.96,11,1
2044-10-14,2,0,2,3.69,4,0
2044-10-15,2,1,1,3.46,3,0
2044-10-16,7,0,0,3.09,4,0
2044-10-17,2,4,5,1.92,9,1
2044-10-18,1,4,3,3.19,8,1
2044-10-19,3,1,1,4.94,3,0
2044-10-20,4,0,1,4.28,3,0
2044-10-21,3,2,0,3.57,5,0
2044-10-22,5,4,3,2.94,8,1
2044-10-23,5,5,3,2.36,9,1
2044-10-24,3,0,2,3.29,2,1
2044-10-25,3,0,2,4.1,5,0
2044-10-26,3,0,2,2.86,6,0
2044-10-27,8,1,0,4.53,6,0
2044-10-28,5,2,0,4.97,3,0
2044-10-29,3,5,5,3.76,9,1
2044-10-30,7,4,5,4.96,10,1
2044-10-31,4,1,2,2.73,2,0
2044-11-01,2,2,2,4.71,5,0
2044-11-02,5,0,2,3.68,5,0
2044-11-03,4,0,1,3.31,4,0
2044-11-04,3,1,1,2.06,4,1
2044-11-05,3,5,4,4.44,10,1
2044-11-06,2,4,5,3.7,10,1
2044-11-07,4,4,5,4.44,10,1
2044-11-08,7,3,3,3.71,9,1
2044-11-09,6,2,1,2.51,6,0
2044-11-10,4,0,0,2.03,5,0
2044-11-11,4,0,2,4.31,2,0
2044-11-12,0,1,0,3.24,6,0
2044-11-13,5,0,1,1.6,2,0
2044-11-14,3,0,0,3.8,5,0
2044-11-15,6,0,0,2.7,5,0
2044-11-16,3,2,2,1.82,6,0
2044-11-17,4,2,1,2.28,2,0
2044-11-18,4,1,1,4.05,6,0
2044-11-19,6,3,3,3.02,8,1
2044-11-20,4,2,2,4.75,3,0
2044-11-21,13,2,0,4.24,4,0
2044-11-22,4,4,5,1.81,10,1
2044-11-23,2,0,2,2.1,3,0
2044-11-24,3,2,1,2.71,5,0
2044-11-25,5,3,4,4.76,10,1
2044-11-26,4,2,2,2.31,3,0
2044-11-27,3,2,2,4.73,6,0
2044-11-28,5,4,4,4.93,9,1
2044-11-29,0,4,4,2.49,9,1
2044-11-30,5,1,0,2.41,2,0
2044-12-01,6,2,1,4.56,3,0
2044-12-02,6,5,4,1.99,10,1
2044-12-03,4,2,1,2.0,3,0
2044-12-04,1,5,3,3.85,8,1
2044-12-05,4,2,0,3.74,4,0
2044-12-06,6,0,1,4.19,2,0
2044-12-07,5,1,1,2.08,3,0
2044-12-08,3,0,0,3.01,2,0
2044-12-09,0,1,2,1.59,5,0
2044-12-10,5,2,2,4.56,2,0
2044-12-11,4,1,2,1.82,3,0
2044-12-12,4,0,1,3.14,3,0
2044-12-13,5,2,1,3.75,3,0
2044-12-14,5,0,2,2.25,6,0
2044-12-15,11,5,5,4.92,8,1
2044-12-16,7,0,0,3.64,2,0
2044-12-17,1,4,5,4.71,10,1
2044-12-18,8,2,2,2.99,6,0
2044-12-19,9,5,4,4.8,10,1
2044-12-20,4,0,1,3.31,5,0
2044-12-21,2,1,2,4.55,6,0
2044-12-22,3,3,4,1.72,10,1
2044-12-23,4,2,0,4.76,5,0
2044-12-24,6,0,2,1.92,4,0
2044-12-25,4,0,0,3.23,2,0
2044-12-26,1,1,1,2.46,4,0
2044-12-27,4,3,5,4.67,9,1
2044-12-28,5,1,2,3.95,3,0
2044-12-29,5,3,5,2.54,11,1
2044-12-30,6,1,0,2.41,6,1
2044-12-31,7,2,1,4.79,4,0
2045-01-01,8,0,0,4.94,2,0
2045-01-02,4,4,4,3.49,11,1
2045-01-03,4,2,2,1.86,4,0
2045-01-04,5,4,4,3.97,8,1
2045-01-05,1,5,4,4.84,10,1
2045-01-06,2,1,1,4.4,6,0
2045-01-07,6,4,3,1.71,8,1
2045-01-08,3,0,1,2.49,2,0
2045-01-09,3,1,0,2.95,3,0
2045-01-10,5,2,2,2.98,2,1
2045-01-11,4,3,3,2.69,9,1
2045-01-12,6,0,2,2.51,3,0
2045-01-13,9,1,1,4.35,3,0
2045-01-14,5,2,0,3.27,6,0
2045-01-15,5,5,3,2.38,10,1
2045-01-16,3,2,0,2.95,2,1
2045-01-17,4,2,0,3.09,3,0
2045-01-18,1,2,0,2.08,4,0
2045-01-19,2,2,1,1.55,2,0
2045-01-20,3,4,5,3.02,10,1
2045-01-21,4,3,4,4.32,10,1
2045-01-22,2,1,2,2.71,2,0
2045-01-23,3,4,3,2.18,8,1
2045-01-24,5,5,5,1.99,8,1
2045-01-25,3,1,2,2.47,5,0
2045-01-26,5,5,4,2.94,10,1
2045-01-27,3,0,0,3.32,3,0
2045-01-28,5,0,1,4.8,5,1
2045-01-29,2,4,4,2.83,8,1
2045-01-30,3,0,2,2.95,2,0
2045-01-31,8,1,2,2.04,5,0
2045-02-01,5,2,1,3.11,5,1
2045-02-02,4,0,0,2.34,3,0
2045-02-03,5,0,2,3.86,3,0
2045-02-04,4,0,0,2.83,4,1
2045-02-05,3,1,2,3.59,6,1
2045-02-06,1,4,4,4.47,8,1
2045-02-07,6,0,0,3.51,5,1
2045-02-08,2,2,2,4.21,6,0
2045-02-09,2,1,0,2.45,3,0
2045-02-10,3,3,3,4.25,10,1
2045-02-11,1,0,1,2.02,2,0
2045-02-12,2,0,0,2.98,6,0
2045-02-13,2,4,3,4.16,11,1
2045-02-14,1,2,1,3.46,3,0
2045-02-15,3,5,5,1.85,10,1
2045-02-16,1,4,4,2.38,8,1
2045-02-17,5,0,2,4.59,4,0
2045-02-18,6,1,2,3.81,5,0
2045-02-19,3,1,0,3.2,2,0
2045-02-20,11,0,1,1.58,5,0
2045-02-21,5,3,5,2.63,9,1
2045-02-22,5,2,1,2.5,4,0
2045-02-23,4,0,0,2.67,4,0
2045-02-24,9,1,0,3.82,4,0
2045-02-25,2,2,1,2.44,6,1
2045-02-26,3,3,3,3.95,11,1
2045-02-27,9,2,1,2.05,3,0
2045-02-28,2,3,3,2.86,8,1
2045-03-01,2,2,0,1.65,2,0
2045-03-02,4,2,1,3.08,6,1
2045-03-03,3,5,4,2.28,9,1
2045-03-04,3,0,2,3.69,2,0
2045-03-05,3,2,1,2.48,2,0
2045-03-06,4,0,2,3.93,4,0
2045-03-07,1,5,4,3.72,8,1
2045-03-08,2,4,5,2.48,10,1
2045-03-09,5,3,3,2.42,9,1
2045-03-10,6,3,4,3.77,11,1
2045-03-11,7,2,2,3.81,4,0
2045-03-12,4,4,4,4.18,11,1
2045-03-13,5,1,1,4.89,2,0
2045-03-14,5,0,2,4.5,3,0
2045-03-15,1,2,0,3.35,5,0
2045-03-16,2,2,2,1.52,5,0
2045-03-17,4,4,4,1.64,11,1
2045-03-18,0,3,5,3.8,9,1
2045-03-19,4,0,2,4.5,3,0
2045-03-20,2,2,2,3.28,3,0
2045-03-21,4,1,2,2.68,6,0
2045-03-22,1,2,2,1.57,5,0
2045-03-23,3,0,1,4.84,6,0
2045-03-24,7,5,3,2.38,9,1
2045-03-25,2,1,0,2.89,2,0
2045-03-26,2,4,5,2.86,9,1
2045-03-27,5,0,2,2.87,4,0
2045-03-28,4,0,0,3.94,3,0
2045-03-29,5,5,3,4.0,10,1
2045-03-30,2,5,5,2.8,10,1
2045-03-31,3,5,5,2.47,10,1
2045-04-01,4,3,5,2.62,9,1
2045-04-02,3,5,4,1.76,10,1
2045-04-03,7,1,2,4.91,4,0
2045-04-04,3,1,2,2.39,6,0
2045-04-05,9,1,2,4.25,4,0
2045-04-06,6,0,2,1.92,4,0
2045-04-07,5,5,3,1.99,9,1
2045-04-08,3,1,1,2.81,6,0
2045-04-09,2,1,2,5.0,2,0
2045-04-10,4,0,1,2.05,6,0
2045-04-11,1,5,3,1.52,10,1
2045-04-12,1,2,0,2.99,6,0
2045-04-13,1,3,5,3.42,9,1
2045-04-14,3,1,2,2.63,2,0
2045-04-15,6,2,0,4.43,4,0
2045-04-16,2,0,2,4.32,4,0
2045-04-17,0,5,3,4.29,10,1
2045-04-18,4,1,1,2.18,3,0
2045-04-19,6,0,1,4.12,6,0
2045-04-20,5,1,1,4.83,5,0
2045-04-21,5,4,4,1.9,9,1
2045-04-22,4,0,2,4.24,5,0
2045-04-23,3,3,3,3.57,10,1
2045-04-24,3,0,1,3.26,2,0
2045-04-25,3,0,0,3.37,2,0
2045-04-26,0,0,2,3.72,2,0
2045-04-27,3,3,5,1.9,10,1
2045-04-28,3,4,4,2.14,10,1
2045-04-29,3,4,5,2.52,9,1
2045-04-30,5,5,3,2.18,11,1
2045-05-01,8,0,1,3.74,3,0
2045-05-02,4,4,4,2.08,11,1
2045-05-03,4,3,4,1.51,9,1
2045-05-04,5,4,4,3.78,8,1
2045-05-05,6,5,3,2.76,8,1
2045-05-06,5,5,3,2.47,9,1
2045-05-07,4,0,1,4.89,2,0
2045-05-08,1,1,0,4.76,6,0
2045-05-09,3,0,2,3.48,5,0
2045-05-10,1,0,2,2.87,4,0
2045-05-11,6,0,1,2.27,3,0
2045-05-12,2,2,0,4.13,4,0
2045-05-13,6,1,1,4.6,3,0
2045-05-14,4,1,0,1.81,6,0
2045-05-15,2,3,3,3.96,9,1
2045-05-16,4,5,4,3.24,10,1
2045-05-17,4,2,0,4.63,6,0
2045-05-18,3,0,0,4.61,4,0
2045-05-19,4,0,0,3.18,4,0
2045-05-20,5,2,2,4.82,3,0
2045-05-21,3,0,1,2.64,6,0
2045-05-22,5,2,0,1.57,6,1
2045-05-23,3,0,1,4.49,3,0
2045-05-24,3,0,0,2.64,2,0
2045-05-25,4,3,3,4.44,10,1
2045-05-26,1,0,2,3.94,6,0
2045-05-27,1,2,0,3.11,6,1
2045-05-28,3,5,5,3.47,8,1
2045-05-29,1,1,1,2.92,3,0
2045-05-30,2,0,1,3.57,4,0
2045-05-31,3,3,3,2.23,10,1
2045-06-01,4,0,1,4.56,6,0
2045-06-02,6,1,1,2.57,6,0
2045-06-03,2,4,5,3.36,8,1
2045-06-04,5,0,2,1.94,4,0
2045-06-05,4,0,0,2.61,2,0
2045-06-06,2,5,5,4.81,10,1
2045-06-07,2,2,1,4.09,6,0
2045-06-08,6,3,5,4.16,9,1
2045-06-09,7,5,3,4.07,9,1
2045-06-10,8,5,4,4.17,8,1
2045-06-11,3,2,0,4.32,3,0
2045-06-12,3,2,0,3.53,2,1
2045-06-13,4,1,0,2.28,4,0
2045-06-14,2,5,5,2.26,9,1
2045-06-15,7,1,1,3.54,2,0
2045-06-16,3,1,0,2.53,3,0
2045-06-17,5,1,0,4.81,5,0
2045-06-18,2,0,0,1.77,5,0
2045-06-19,1,0,2,3.8,3,0
2045-06-20,1,3,4,3.19,9,1
2045-06-21,7,1,1,3.69,2,0
2045-06-22,4,2,1,4.8,6,0
2045-06-23,5,3,5,1.62,11,1
2045-06-24,2,4,3,3.12,9,1
2045-06-25,2,1,1,1.85,3,0
2045-06-26,7,5,3,1.97,9,1
2045-06-27,4,2,2,2.97,6,0
2045-06-28,5,3,5,2.71,10,1
2045-06-29,2,5,4,2.76,10,1
2045-06-30,3,1,0,2.88,3,1
2045-07-01,5,0,1,3.66,2,0
2045-07-02,4,3,5,4.33,9,1
2045-07-03,7,5,3,4.42,8,1
2045-07-04,8,2,2,1.56,5,0
2045-07-05,2,2,0,4.98,4,0
2045-07-06,6,0,1,3.08,5,0
2045-07-07,10,0,0,3.64,6,0
2045-07-08,5,4,5,4.95,9,1
2045-07-09,7,0,2,1.6,4,0
2045-07-10,2,3,5,4.96,10,1
2045-07-11,4,1,0,4.82,2,0
2045-07-12,5,1,2,4.03,6,0
2045-07-13,3,0,1,3.84,6,0
2045-07-14,2,0,2,4.23,5,0
2045-07-15,4,2,0,2.88,4,0
2045-07-16,5,0,0,4.79,5,0
2045-07-17,6,0,0,4.78,5,0
2045-07-18,2,2,0,4.27,5,0
2045-07-19,3,4,3,4.67,11,1
2045-07-20,4,3,4,2.86,10,1
2045-07-21,8,0,0,3.87,6,0
2045-07-22,2,0,0,2.68,3,0
2045-07-23,2,1,1,3.31,4,1
2045-07-24,2,2,1,3.31,2,0
2045-07-25,5,4,4,4.71,8,1
2045-07-26,3,0,1,3.52,4,0
2045-07-27,2,5,4,2.7,8,1
2045-07-28,4,2,2,3.46,6,0
2045-07-29,4,1,0,3.86,5,1
2045-07-30,4,0,2,4.14,6,0
2045-07-31,4,1,1,1.8,5,0
2045-08-01,1,1,2,3.11,4,0
2045-08-02,3,2,0,4.75,3,1
2045-08-03,3,3,5,2.72,10,1
2045-08-04,6,2,0,1.86,6,0
2045-08-05,2,2,1,3.03,2,0
2045-08-06,3,4,5,3.4,10,1
2045-08-07,8,0,1,2.02,3,0
2045-08-08,2,5,3,4.61,8,1
2045-08-09,2,5,4,3.55,9,1
2045-08-10,3,2,2,4.38,5,0
2045-08-11,4,3,5,4.12,10,1
2045-08-12,5,0,2,4.91,4,0
2045-08-13,4,3,3,4.79,9,1
2045-08-14,4,3,5,3.18,8,1
2045-08-15,4,1,1,3.65,5,0
2045-08-16,3,1,0,3.0,4,0
2045-08-17,5,0,0,3.12,5,0
2045-08-18,1,4,3,2.14,10,1
2045-08-19,6,0,2,2.38,6,0
2045-08-20,5,1,1,2.39,5,0
2045-08-21,5,5,5,3.78,8,1
2045-08-22,5,0,2,4.66,3,0
2045-08-23,6,1,1,2.66,5,0
2045-08-24,9,2,0,4.49,6,0
2045-08-25,4,2,1,2.53,4,0
2045-08-26,6,5,5,3.1,8,1
2045-08-27,6,3,3,1.58,8,1
2045-08-28,6,0,1,3.01,2,0
2045-08-29,2,5,3,2.43,10,1
2045-08-30,2,1,0,4.09,6,0
2045-08-31,4,1,0,3.77,6,0
2045-09-01,0,2,1,2.79,6,0
2045-09-02,4,0,2,2.44,4,0
2045-09-03,7,1,2,3.08,5,1
2045-09-04,2,3,5,4.39,10,1
2045-09-05,2,2,0,3.18,6,0
2045-09-06,4,2,0,3.55,5,1
2045-09-07,4,0,1,2.34,2,0
2045-09-08,2,2,2,2.55,2,0
2045-09-09,5,1,1,3.03,6,0
2045-09-10,2,0,2,2.36,2,0
2045-09-11,2,2,0,2.53,3,1
2045-09-12,3,2,1,4.61,2,0
2045-09-13,3,4,3,1.94,10,1
2045-09-14,1,5,3,2.25,11,1
2045-09-15,2,1,2,1.54,2,0
2045-09-16,6,4,4,2.62,8,1
2045-09-17,3,2,2,3.86,6,0
2045-09-18,4,4,3,4.03,9,1
2045-09-19,8,4,5,2.77,9,1
2045-09-20,3,3,5,3.23,11,1
2045-09-21,6,1,2,1.53,5,0
2045-09-22,5,2,1,3.78,3,0
2045-09-23,6,5,3,4.95,9,1
2045-09-24,5,2,0,3.26,3,0
2045-09-25,2,1,2,4.89,2,0
2045-09-26,2,3,3,3.78,9,1
2045-09-27,5,3,5,4.12,10,1
2045-09-28,3,1,2,4.77,5,0
2045-09-29,2,2,2,4.66,2,0
2045-09-30,3,1,2,3.59,5,0
2045-10-01,3,5,5,3.19,11,1
2045-10-02,5,2,1,2.26,6,0
2045-10-03,5,4,3,2.81,9,1
2045-10-04,4,2,1,3.27,6,0
2045-10-05,3,4,4,2.52,10,1
2045-10-06,5,0,1,1.7,2,0
2045-10-07,2,2,1,2.03,2,0
2045-10-08,1,1,0,1.92,2,1
2045-10-09,4,3,3,4.55,11,1
2045-10-10,2,0,0,4.63,6,0
2045-10-11,4,2,1,2.06,3,0
2045-10-12,5,0,2,4.32,3,0
2045-10-13,7,2,2,2.31,4,0
2045-10-14,4,2,1,3.78,6,0
2045-10-15,2,1,2,4.09,4,0
2045-10-16,1,0,0,3.33,3,0
2045-10-17,3,0,0,1.87,3,0
2045-10-18,4,3,5,4.98,11,1
2045-10-19,6,4,3,2.48,9,1
2045-10-20,5,4,5,2.98,10,1
2045-10-21,6,0,1,3.72,4,0
2045-10-22,4,1,2,3.25,6,0
2045-10-23,3,1,1,2.7,3,0
2045-10-24,3,5,3,2.23,9,1
2045-10-25,6,4,4,4.38,10,1
2045-10-26,2,3,4,1.61,8,1
2045-10-27,2,2,2,1.96,3,0
2045-10-28,2,0,0,3.01,6,0
2045-10-29,4,1,0,4.65,5,0
2045-10-30,2,3,4,2.62,11,1
2045-10-31,5,0,2,2.03,4,0
2045-11-01,4,1,2,2.32,3,1
2045-11-02,1,1,0,1.96,3,0
2045-11-03,3,2,1,2.13,2,0
2045-11-04,4,4,4,1.88,9,1
2045-11-05,3,2,1,4.81,2,0
2045-11-06,10,1,1,2.97,3,1
2045-11-07,4,2,0,3.94,4,0
2045-11-08,8,3,4,3.19,8,1
2045-11-09,5,2,0,3.53,3,0
2045-11-10,3,3,5,3.74,9,1
2045-11-11,4,2,1,3.87,4,0
2045-11-12,4,0,0,3.7,3,0
2045-11-13,7,0,0,1.87,5,0
2045-11-14,5,3,5,3.29,8,1
2045-11-15,3,1,1,2.62,3,0
2045-11-16,5,0,0,2.8,4,0
2045-11-17,2,0,1,2.07,4,0
2045-11-18,3,0,2,4.58,6,0
2045-11-19,4,0,2,4.44,6,0
2045-11-20,4,0,1,3.61,6,0
2045-11-21,8,2,1,2.88,5,0
2045-11-22,3,2,2,2.43,6,0
2045-11-23,1,4,4,1.99,10,1
2045-11-24,5,3,4,1.64,8,1
2045-11-25,2,0,0,3.91,4,0
2045-11-26,7,2,0,2.87,2,0
2045-11-27,3,1,2,4.48,6,0
2045-11-28,4,3,3,1.71,8,1
2045-11-29,3,1,1,4.6,2,0
2045-11-30,4,3,3,3.7,10,1
2045-12-01,6,5,3,4.76,10,1
2045-12-02,5,1,0,4.71,4,0
2045-12-03,4,1,2,2.21,5,0
2045-12-04,3,2,0,4.69,6,0
2045-12-05,3,3,5,3.87,9,1
2045-12-06,7,0,1,3.06,4,0
2045-12-07,3,1,0,4.31,6,0
2045-12-08,10,5,3,1.61,10,1
2045-12-09,2,2,1,3.37,5,0
2045-12-10,4,2,2,3.95,4,0
2045-12-11,6,0,0,2.52,4,0
2045-12-12,0,2,0,2.84,6,0
2045-12-13,3,1,2,3.39,3,0
2045-12-14,8,3,4,4.01,8,1
2045-12-15,4,1,1,3.39,4,1
2045-12-16,5,1,1,2.49,2,0
2045-12-17,0,2,2,3.85,3,0
2045-12-18,8,5,5,4.44,9,1
2045-12-19,5,4,4,2.21,11,1
2045-12-20,5,1,0,4.26,4,0
2045-12-21,3,2,2,3.21,4,0
2045-12-22,4,4,3,3.38,9,1
2045-12-23,3,0,2,3.72,3,0
2045-12-24,5,0,0,3.04,2,0
2045-12-25,3,1,1,4.7,5,0
2045-12-26,8,5,4,4.47,8,1
2045-12-27,2,2,2,2.96,2,0
2045-12-28,2,5,5,3.3,9,1
2045-12-29,8,0,1,2.93,2,0
2045-12-30,5,1,2,1.53,3,0
2045-12-31,6,2,1,2.0,5,0
2046-01-01,3,1,0,4.51,3,0
2046-01-02,4,2,2,4.47,5,0
2046-01-03,4,2,1,1.94,4,0
2046-01-04,7,5,3,4.07,9,1
2046-01-05,3,1,0,1.58,2,0
2046-01-06,6,1,0,1.69,3,0
2046-01-07,10,4,5,2.4,11,1
2046-01-08,4,3,4,1.64,11,1
2046-01-09,4,0,0,4.13,6,0
2046-01-10,3,4,3,2.41,11,1
2046-01-11,4,1,0,1.94,5,0
2046-01-12,5,1,1,1.6,6,0
2046-01-13,1,4,5,4.84,8,1
2046-01-14,5,0,2,4.9,4,1
2046-01-15,4,4,3,2.24,11,1
2046-01-16,4,1,2,3.02,2,0
2046-01-17,5,1,0,4.31,5,0
2046-01-18,2,5,4,3.24,11,1
2046-01-19,3,2,0,4.49,4,0
2046-01-20,5,5,4,2.5,10,1
2046-01-21,2,0,2,2.48,3,0
2046-01-22,4,3,5,2.52,10,1
2046-01-23,3,4,4,3.68,10,1
2046-01-24,7,1,0,4.51,5,1
2046-01-25,3,5,3,3.27,10,1
2046-01-26,3,0,0,3.45,5,0
2046-01-27,4,4,4,4.82,10,1
2046-01-28,5,2,0,2.2,3,0
2046-01-29,3,2,0,3.78,2,0
2046-01-30,4,4,5,3.32,8,1
2046-01-31,2,5,4,3.5,8,1
2046-02-01,3,0,1,2.89,2,0
2046-02-02,4,0,2,4.58,4,0
2046-02-03,5,2,1,1.59,2,0
2046-02-04,3,2,2,3.64,5,0
2046-02-05,1,0,0,3.82,2,0
2046-02-06,4,0,0,3.08,6,0
2046-02-07,7,1,1,3.74,5,0
2046-02-08,4,4,5,2.03,10,1
2046-02-09,5,5,5,4.5,11,1
2046-02-10,6,2,0,3.69,2,0
2046-02-11,5,4,4,4.35,11,1
2046-02-12,4,1,1,3.07,3,0
2046-02-13,4,2,1,4.25,3,0
2046-02-14,3,4,4,3.54,8,1
2046-02-15,4,5,5,4.04,10,1
2046-02-16,5,2,0,2.17,5,0
2046-02-17,5,2,1,1.57,2,0
2046-02-18,5,4,4,3.21,9,1
2046-02-19,5,0,0,3.47,2,0
2046-02-20,2,0,0,2.82,4,0
2046-02-21,4,3,5,2.31,10,1
2046-02-22,5,0,1,2.98,6,0
2046-02-23,3,4,3,2.37,8,1
2046-02-24,2,1,1,2.59,5,0
2046-02-25,4,3,3,3.72,11,1
2046-02-26,1,2,2,4.54,2,0
2046-02-27,2,1,2,1.75,3,0
2046-02-28,3,2,0,4.42,3,1
2046-03-01,3,0,2,3.87,3,0
2046-03-02,5,3,5,2.62,8,1
2046-03-03,2,0,2,4.28,4,0
2046-03-04,5,4,4,4.79,8,1
2046-03-05,4,2,1,1.52,4,0
2046-03-06,7,1,1,3.82,6,0
2046-03-07,4,3,4,3.59,8,1
2046-03-08,2,2,2,4.19,4,1
2046-03-09,5,4,3,4.27,10,1
2046-03-10,3,3,3,4.53,8,1
2046-03-11,5,2,2,1.97,2,0
2046-03-12,2,5,5,1.63,9,1
2046-03-13,8,3,3,2.01,8,1
2046-03-14,6,5,5,4.42,11,1
2046-03-15,11,1,2,3.59,4,0
2046-03-16,2,0,2,4.36,3,0
2046-03-17,4,1,0,2.9,2,0
2046-03-18,5,1,2,3.82,5,0
2046-03-19,3,5,5,3.16,9,1
2046-03-20,2,1,0,2.37,3,0
2046-03-21,2,2,0,4.05,6,0
2046-03-22,2,1,1,3.3,2,0
2046-03-23,2,2,1,4.25,6,0
2046-03-24,1,2,1,4.57,3,0
2046-03-25,6,0,1,4.67,3,1
2046-03-26,8,1,1,4.58,4,0
2046-03-27,7,5,3,4.46,10,1
2046-03-28,4,5,5,1.9,11,1
2046-03-29,4,1,2,3.92,5,0
2046-03-30,1,1,2,2.17,5,0
2046-03-31,4,3,5,2.44,10,1
2046-04-01,3,1,0,1.77,4,0
2046-04-02,2,0,0,2.4,2,0
2046-04-03,5,1,1,1.9,5,0
2046-04-04,6,0,1,2.67,2,0
2046-04-05,4,2,2,4.69,6,0
2046-04-06,2,2,0,3.19,4,0
2046-04-07,1,2,2,2.73,3,0
2046-04-08,3,0,2,3.05,3,0
2046-04-09,4,2,0,3.6,5,0
2046-04-10,8,0,0,4.91,6,0
2046-04-11,2,3,4,2.89,8,1
2046-04-12,2,0,0,2.97,3,0
2046-04-13,6,4,5,4.82,11,1
2046-04-14,8,4,4,3.83,10,1
2046-04-15,4,1,1,1.63,3,1
2046-04-16,3,3,5,3.64,8,1
2046-04-17,2,1,0,3.09,2,0
2046-04-18,2,0,1,3.19,3,0
2046-04-19,3,4,4,4.72,9,1
2046-04-20,3,2,0,1.56,3,0
2046-04-21,1,0,2,3.06,2,0
2046-04-22,3,2,0,3.03,2,0
2046-04-23,4,1,2,4.2,3,0
2046-04-24,4,1,0,4.18,3,0
2046-04-25,4,2,0,2.27,5,0
2046-04-26,4,3,5,1.99,9,1
2046-04-27,3,2,1,2.29,5,0
2046-04-28,5,3,3,2.44,8,1
2046-04-29,3,2,0,1.62,2,0
2046-04-30,4,2,1,3.98,2,0
2046-05-01,6,0,0,4.97,3,0
2046-05-02,2,1,2,2.7,6,0
2046-05-03,4,5,4,3.73,11,1
2046-05-04,1,0,2,4.93,6,0
2046-05-05,1,1,1,2.63,4,0
2046-05-06,2,0,1,3.18,5,0
2046-05-07,5,4,4,4.5,9,1
2046-05-08,1,0,1,2.49,6,0
2046-05-09,5,2,2,3.4,6,0
2046-05-10,7,2,2,3.8,5,0
2046-05-11,2,1,1,2.06,2,0
2046-05-12,4,1,2,3.73,3,0
2046-05-13,4,2,2,3.35,4,0
2046-05-14,2,1,1,3.75,5,0
2046-05-15,5,0,1,4.24,2,0
2046-05-16,3,5,4,1.78,10,1
2046-05-17,6,1,2,3.44,2,0
2046-05-18,4,1,1,1.7,2,0
2046-05-19,5,4,5,3.54,8,1
2046-05-20,3,5,5,1.78,8,1
2046-05-21,6,1,0,3.61,6,0
2046-05-22,2,0,0,1.66,4,0
2046-05-23,3,1,2,2.3,2,0
2046-05-24,4,5,5,3.38,10,1
2046-05-25,1,2,0,2.55,6,0
2046-05-26,6,0,0,1.98,4,0
2046-05-27,6,0,2,4.61,2,0
2046-05-28,3,0,1,3.65,6,0
2046-05-29,2,1,1,4.82,6,0
2046-05-30,1,2,2,1.83,2,0
2046-05-31,1,2,2,2.09,5,0
2046-06-01,2,0,0,4.33,3,0
2046-06-02,2,3,5,2.59,10,1
2046-06-03,5,0,1,3.71,2,0
2046-06-04,2,3,4,4.54,10,1
2046-06-05,7,1,2,2.66,6,0
2046-06-06,9,3,4,3.66,9,1
2046-06-07,2,0,0,4.87,4,0
2046-06-08,5,2,2,3.75,6,0
2046-06-09,4,2,1,1.73,2,0
2046-06-10,7,1,1,4.25,2,0
2046-06-11,2,1,0,4.51,2,1
2046-06-12,6,0,0,4.02,4,0
2046-06-13,4,4,4,2.47,11,1
2046-06-14,3,0,1,4.86,3,0
2046-06-15,2,1,1,4.22,3,0
2046-06-16,2,1,2,3.48,2,0
2046-06-17,8,3,3,3.18,10,1
2046-06-18,4,5,5,4.75,8,1
2046-06-19,2,3,3,3.15,9,1
2046-06-20,1,1,1,4.89,6,0
2046-06-21,3,1,2,2.6,2,1
2046-06-22,2,0,1,2.72,3,0
2046-06-23,5,0,1,3.92,3,0
2046-06-24,5,2,1,4.94,4,1
2046-06-25,5,4,4,4.8,10,1
2046-06-26,0,3,3,3.93,9,1
2046-06-27,3,4,4,4.94,8,1
2046-06-28,8,2,0,2.03,3,0
2046-06-29,1,1,0,2.24,3,0
2046-06-30,4,0,2,3.77,6,0
2046-07-01,0,4,3,1.6,10,1
2046-07-02,3,4,3,4.53,9,1
2046-07-03,2,2,1,3.72,6,0
2046-07-04,2,0,0,4.98,2,0
2046-07-05,7,0,1,1.62,6,0
2046-07-06,3,1,2,4.31,2,0
2046-07-07,0,1,2,1.93,6,0
2046-07-08,5,0,1,1.98,3,0
2046-07-09,5,3,3,3.3,10,1
2046-07-10,5,0,0,1.97,5,0
2046-07-11,3,5,4,1.91,11,1
2046-07-12,1,4,3,3.34,11,1
2046-07-13,3,3,5,1.99,8,1
2046-07-14,5,1,0,3.4,3,0
2046-07-15,2,0,1,3.29,2,0
2046-07-16,4,1,2,2.72,2,0
2046-07-17,5,0,1,2.36,5,0
2046-07-18,2,1,0,4.01,6,0
2046-07-19,2,2,2,4.1,6,0
2046-07-20,1,1,2,4.46,4,0
2046-07-21,7,1,1,4.14,5,0
2046-07-22,3,0,1,3.94,3,0
2046-07-23,5,1,0,2.12,2,0
2046-07-24,2,2,0,3.89,4,1
2046-07-25,6,1,1,1.96,6,0
2046-07-26,3,5,5,4.36,11,1
2046-07-27,4,5,3,4.82,9,1
2046-07-28,8,2,2,3.64,3,0
2046-07-29,3,0,0,2.5,5,0
2046-07-30,3,3,3,1.98,11,1
2046-07-31,4,1,2,3.11,6,0
2046-08-01,0,1,0,4.57,2,0
2046-08-02,4,0,0,1.64,5,0
2046-08-03,7,1,0,2.6,6,0
2046-08-04,3,2,2,4.46,2,0
2046-08-05,1,1,2,4.4,2,0
2046-08-06,3,3,5,3.22,8,1
2046-08-07,2,3,3,3.61,10,1
2046-08-08,3,2,1,2.76,3,0
2046-08-09,3,4,3,2.55,11,1
2046-08-10,5,0,2,4.49,2,0
2046-08-11,6,0,0,3.88,4,0
2046-08-12,4,0,1,2.76,3,0
2046-08-13,6,2,0,2.41,4,0
2046-08-14,2,0,2,1.57,2,0
2046-08-15,3,5,3,2.4,11,1
2046-08-16,5,0,1,1.79,4,0
2046-08-17,7,0,0,4.98,3,0
2046-08-18,6,2,0,4.8,5,0
2046-08-19,4,0,0,3.71,6,0
2046-08-20,3,2,1,2.77,6,0
2046-08-21,0,4,3,3.94,9,1
2046-08-22,2,2,2,1.83,2,0
2046-08-23,3,0,2,3.62,3,0
2046-08-24,3,0,0,1.52,2,0
2046-08-25,4,0,0,3.06,3,0
2046-08-26,4,1,2,1.86,3,0
2046-08-27,2,2,0,4.13,4,0
2046-08-28,3,1,2,3.37,2,0
2046-08-29,3,0,1,3.32,2,0
2046-08-30,5,3,3,3.44,9,1
2046-08-31,6,1,0,2.48,5,0
2046-09-01,1,1,1,4.42,6,0
2046-09-02,2,1,1,3.67,2,0
2046-09-03,2,3,3,1.66,10,1
2046-09-04,4,5,4,3.71,9,1
2046-09-05,2,4,4,4.96,10,1
2046-09-06,6,2,1,3.65,2,0
2046-09-07,3,1,1,4.08,6,0
2046-09-08,9,5,5,4.62,11,1
2046-09-09,2,4,4,3.07,11,1
2046-09-10,3,0,0,2.9,3,0
2046-09-11,4,2,1,4.08,5,0
2046-09-12,1,1,1,1.58,2,0
2046-09-13,3,1,1,2.46,6,0
2046-09-14,3,0,1,3.01,4,0
2046-09-15,5,2,1,2.55,3,0
2046-09-16,5,4,4,2.84,11,1
2046-09-17,3,1,2,3.94,6,1
2046-09-18,2,0,1,3.89,4,0
2046-09-19,5,0,1,4.61,2,0
2046-09-20,3,0,0,2.58,2,0
2046-09-21,2,1,0,4.76,6,0
2046-09-22,5,0,0,4.8,3,0
2046-09-23,5,4,5,1.53,9,1
2046-09-24,2,2,1,2.18,2,0
2046-09-25,4,2,0,2.8,3,0
2046-09-26,3,2,1,1.62,5,0
2046-09-27,4,0,0,2.69,2,0
2046-09-28,3,0,0,4.76,5,0
2046-09-29,2,0,1,4.97,2,0
2046-09-30,6,4,4,4.3,8,1
2046-10-01,2,1,0,4.58,5,0
2046-10-02,7,1,0,1.88,2,0
2046-10-03,8,2,2,2.77,6,0
2046-10-04,5,3,4,1.87,10,1
2046-10-05,5,3,3,1.76,10,1
2046-10-06,3,5,3,2.58,10,1
2046-10-07,2,0,0,1.94,3,0
2046-10-08,3,0,0,4.63,4,0
2046-10-09,5,5,4,1.89,11,1
2046-10-10,0,0,1,3.19,5,0
2046-10-11,2,1,0,3.57,4,0
2046-10-12,9,4,4,3.84,9,1
2046-10-13,1,1,2,2.47,2,0
2046-10-14,1,1,2,1.53,4,0
2046-10-15,4,0,0,2.15,5,0
2046-10-16,4,4,4,3.93,9,1
2046-10-17,5,1,1,1.95,4,1
2046-10-18,2,2,0,2.91,4,0
2046-10-19,6,3,3,4.99,11,1
2046-10-20,4,4,4,3.93,9,1
2046-10-21,7,2,2,3.6,6,0
2046-10-22,7,0,2,1.52,4,0
2046-10-23,3,1,2,2.31,3,0
2046-10-24,3,4,5,3.2,9,1
2046-10-25,0,4,3,4.04,11,1
2046-10-26,5,0,0,3.88,3,0
2046-10-27,3,5,3,2.24,9,1
2046-10-28,7,2,0,2.03,3,1
2046-10-29,0,2,0,4.77,4,1
2046-10-30,1,0,0,2.42,5,0
2046-10-31,3,1,2,1.83,6,0
2046-11-01,10,2,1,3.89,5,0
2046-11-02,4,0,0,4.26,6,0
2046-11-03,1,1,2,3.76,3,0
2046-11-04,4,3,4,3.73,11,1
2046-11-05,4,2,2,2.0,5,0
2046-11-06,3,1,2,3.43,4,0
2046-11-07,4,0,1,2.39,4,0
2046-11-08,3,4,4,1.88,8,1
2046-11-09,5,5,4,1.73,9,1
2046-11-10,2,1,2,3.77,4,0
2046-11-11,3,3,4,2.36,9,1
2046-11-12,2,0,2,2.74,3,0
2046-11-13,5,1,1,4.66,6,0
2046-11-14,5,4,5,2.26,8,1
2046-11-15,4,1,1,2.17,5,1
2046-11-16,5,1,1,1.92,2,0
2046-11-17,5,2,1,1.73,3,0
2046-11-18,1,1,2,4.65,2,0
2046-11-19,2,4,3,1.69,9,1
2046-11-20,1,0,1,4.44,5,0
2046-11-21,5,0,1,3.87,4,0
2046-11-22,1,0,1,4.45,4,0
2046-11-23,1,4,4,3.99,10,1
2046-11-24,5,2,0,3.03,6,0
2046-11-25,0,0,2,3.73,3,0
2046-11-26,4,5,4,3.34,10,1
2046-11-27,6,3,4,2.8,8,1
2046-11-28,4,0,0,2.23,4,0
2046-11-29,4,1,0,3.52,6,0
2046-11-30,3,5,3,4.79,10,1
2046-12-01,1,5,4,1.98,8,1
2046-12-02,5,0,2,3.63,2,0
2046-12-03,5,4,4,2.33,10,1
2046-12-04,6,4,5,2.98,11,1
2046-12-05,4,5,3,4.82,11,1
2046-12-06,5,3,4,2.62,9,1
2046-12-07,4,1,2,4.45,2,0
2046-12-08,5,5,4,3.72,11,1
2046-12-09,4,3,5,4.43,8,1
2046-12-10,5,0,1,3.04,2,0
2046-12-11,4,2,0,3.72,3,0
2046-12-12,1,2,2,1.77,3,0
2046-12-13,10,1,2,4.42,3,0
2046-12-14,1,3,4,3.87,8,1
2046-12-15,3,0,2,4.51,2,0
2046-12-16,4,1,2,3.76,4,0
2046-12-17,5,1,0,3.04,5,0
2046-12-18,5,4,3,4.88,8,1
2046-12-19,2,1,1,3.48,6,0
2046-12-20,6,4,4,4.06,10,1
2046-12-21,4,5,4,4.85,11,1
2046-12-22,2,2,0,3.63,2,0
2046-12-23,2,5,4,2.84,10,1
2046-12-24,4,5,4,1.8,10,1
2046-12-25,3,1,2,2.92,2,0
2046-12-26,5,4,3,4.98,10,1
2046-12-27,3,1,2,2.41,6,0
2046-12-28,3,0,2,1.88,5,0
2046-12-29,4,3,3,4.26,10,1
2046-12-30,3,2,1,3.14,6,0
2046-12-31,6,2,0,2.18,2,0
2047-01-01,3,2,2,4.61,5,0
2047-01-02,4,5,4,4.82,9,1
2047-01-03,7,1,1,2.13,6,0
2047-01-04,2,2,0,3.49,2,0
2047-01-05,5,1,0,3.93,3,0
2047-01-06,3,3,4,2.45,11,1
2047-01-07,6,5,3,3.14,9,1
2047-01-08,3,2,0,2.87,5,0
2047-01-09,4,3,4,4.04,11,1
2047-01-10,6,5,5,3.79,9,1
2047-01-11,5,0,0,3.58,3,0
2047-01-12,2,3,3,4.61,9,1
2047-01-13,7,4,3,4.51,9,1
2047-01-14,3,3,3,4.66,8,1
2047-01-15,4,0,2,4.63,3,0
2047-01-16,3,2,2,4.61,4,0
2047-01-17,1,4,4,1.66,9,1
2047-01-18,3,0,1,4.76,2,0
2047-01-19,2,2,0,1.63,6,0
2047-01-20,1,0,1,1.6,4,0
2047-01-21,6,1,2,3.54,3,0
2047-01-22,2,5,4,3.63,9,1
2047-01-23,3,0,1,3.37,3,1
2047-01-24,4,2,2,1.93,5,0
2047-01-25,3,1,2,3.65,5,0
2047-01-26,6,2,2,4.7,2,0
2047-01-27,3,2,1,3.44,4,0
2047-01-28,3,0,1,2.56,6,0
2047-01-29,4,1,0,3.76,2,0
2047-01-30,2,2,1,1.69,5,0
2047-01-31,5,0,2,3.1,3,0
2047-02-01,5,0,2,2.12,2,0
2047-02-02,6,5,4,4.58,8,1
2047-02-03,6,5,3,3.13,9,1
2047-02-04,2,0,0,3.67,5,0
2047-02-05,7,0,2,4.83,3,0
2047-02-06,3,5,5,3.04,9,1
2047-02-07,3,0,0,1.64,5,0
2047-02-08,3,0,2,2.52,6,0
2047-02-09,5,4,3,2.71,10,1
2047-02-10,1,5,5,3.93,8,1
2047-02-11,4,2,0,3.57,5,0
2047-02-12,6,4,3,4.26,9,1
2047-02-13,4,1,1,1.56,4,0
2047-02-14,5,3,5,2.31,10,1
2047-02-15,10,3,5,1.97,10,1
2047-02-16,4,1,1,2.79,3,0
2047-02-17,3,2,1,3.53,2,0
2047-02-18,7,2,1,4.24,3,0
2047-02-19,4,1,0,4.7,3,0
2047-02-20,7,1,0,2.65,6,0
2047-02-21,6,1,1,2.67,6,0
2047-02-22,5,3,5,2.03,8,1
2047-02-23,5,3,4,4.0,8,1
2047-02-24,4,5,4,4.95,11,1
2047-02-25,2,2,0,3.27,2,0
2047-02-26,7,0,0,4.14,5,0
2047-02-27,4,0,1,2.04,5,1
2047-02-28,2,0,2,4.4,5,0
2047-03-01,3,4,4,2.59,9,1
2047-03-02,4,0,0,3.83,6,0
2047-03-03,9,2,2,4.08,3,0
2047-03-04,3,3,5,3.51,9,1
2047-03-05,5,2,2,4.79,5,0
2047-03-06,4,3,3,2.39,10,1
2047-03-07,3,3,4,4.62,9,1
2047-03-08,6,0,2,1.98,5,1
2047-03-09,5,2,2,4.15,4,0
2047-03-10,5,3,3,2.37,10,1
2047-03-11,3,1,2,2.66,2,0
2047-03-12,4,2,1,2.93,5,0
2047-03-13,6,2,1,1.67,2,0
2047-03-14,6,3,3,4.06,8,1
2047-03-15,2,1,2,3.96,6,0
2047-03-16,5,2,2,2.67,3,1
2047-03-17,5,2,1,2.69,5,0
2047-03-18,2,3,4,2.67,9,1
2047-03-19,3,1,2,3.02,4,1
2047-03-20,4,2,2,4.49,4,0
2047-03-21,3,2,1,1.88,2,0
2047-03-22,4,0,1,1.55,6,1
2047-03-23,6,2,1,4.38,3,0
2047-03-24,1,1,2,4.0,3,0
2047-03-25,3,0,0,4.31,4,0
2047-03-26,4,5,4,4.28,11,1
2047-03-27,6,4,3,1.97,10,1
2047-03-28,6,0,2,3.34,2,0
2047-03-29,2,1,1,4.88,6,0
2047-03-30,3,4,4,3.08,10,1
2047-03-31,3,5,4,2.21,11,1
2047-04-01,4,5,3,2.52,11,1
2047-04-02,3,5,3,2.22,10,1
2047-04-03,2,5,3,3.08,11,1
2047-04-04,3,3,5,2.22,11,1
2047-04-05,2,4,5,3.99,8,1
2047-04-06,6,0,0,1.68,4,0
2047-04-07,2,0,2,3.82,3,0
2047-04-08,1,1,1,1.86,5,0
2047-04-09,2,1,1,4.86,3,1
2047-04-10,6,2,0,1.95,5,0
2047-04-11,3,2,0,4.7,2,0
2047-04-12,7,5,3,2.87,10,1
2047-04-13,2,4,3,3.39,10,1
2047-04-14,4,0,1,2.18,2,0
2047-04-15,3,2,1,4.11,4,0
2047-04-16,3,1,0,2.52,2,0
2047-04-17,3,1,0,2.2,5,0
2047-04-18,0,1,0,2.53,4,0
2047-04-19,7,3,3,4.46,10,1
2047-04-20,2,2,1,2.51,6,0
2047-04-21,2,1,0,3.7,2,0
2047-04-22,5,5,4,1.6,9,1
2047-04-23,6,5,5,4.43,8,1
2047-04-24,2,5,4,2.17,10,1
2047-04-25,3,4,4,3.22,9,1
2047-04-26,2,1,0,4.55,6,0
2047-04-27,5,5,5,2.27,10,1
2047-04-28,5,5,4,3.23,10,1
2047-04-29,1,0,2,1.92,5,0
2047-04-30,3,3,3,4.21,9,1
2047-05-01,4,1,2,4.55,3,0
2047-05-02,3,2,2,2.89,6,0
2047-05-03,3,1,2,3.17,6,0
2047-05-04,8,2,1,4.6,4,0
2047-05-05,4,2,2,3.72,6,0
2047-05-06,3,2,2,4.84,5,0
2047-05-07,3,1,2,3.16,2,0
2047-05-08,5,5,3,2.33,8,1
2047-05-09,2,1,0,4.54,2,0
2047-05-10,2,5,4,1.66,10,1
2047-05-11,2,0,2,3.64,6,0
2047-05-12,5,0,2,2.49,5,0
2047-05-13,4,1,0,3.0,3,0
2047-05-14,4,0,2,3.99,4,0
2047-05-15,1,5,5,4.5,9,1
2047-05-16,3,3,4,3.73,10,1
2047-05-17,4,1,2,3.62,4,0
2047-05-18,3,4,4,3.05,9,1
2047-05-19,3,0,1,3.82,2,0
2047-05-20,4,0,1,2.62,6,0
2047-05-21,1,3,5,2.68,9,1
2047-05-22,3,0,1,3.29,4,0
2047-05-23,7,3,5,3.39,8,1
2047-05-24,3,2,1,3.76,5,0
2047-05-25,4,5,3,4.98,10,1
2047-05-26,5,2,0,1.73,4,0
2047-05-27,3,5,3,3.2,8,1
2047-05-28,3,1,2,3.45,5,0
2047-05-29,3,2,0,4.97,3,0
2047-05-30,1,0,1,2.14,2,0
2047-05-31,7,3,3,3.15,9,1
2047-06-01,9,3,3,4.35,9,1
2047-06-02,2,2,2,4.88,5,0
2047-06-03,4,4,3,2.52,11,1
2047-06-04,2,2,1,2.46,6,0
2047-06-05,6,0,0,4.28,2,0
2047-06-06,3,1,2,3.16,6,0
2047-06-07,6,0,1,3.73,5,0
2047-06-08,2,2,2,2.84,3,0
2047-06-09,2,2,0,2.18,2,0
2047-06-10,3,1,2,4.87,3,0
2047-06-11,6,1,1,1.63,4,0
2047-06-12,1,3,5,3.55,8,1
2047-06-13,3,1,1,4.8,6,0
2047-06-14,1,0,0,4.46,3,0
2047-06-15,4,2,1,1.88,6,0
2047-06-16,2,5,3,2.98,8,1
2047-06-17,5,2,2,4.04,4,1
2047-06-18,4,0,0,2.83,5,0
2047-06-19,2,2,0,2.13,6,0
2047-06-20,4,0,1,3.78,2,0
2047-06-21,8,0,1,4.88,5,0
2047-06-22,6,1,2,1.8,4,1
2047-06-23,3,2,2,4.18,2,0
2047-06-24,10,0,0,4.7,4,0
2047-06-25,3,1,2,2.7,3,0
2047-06-26,3,2,1,4.36,3,0
2047-06-27,4,0,0,4.49,4,0
2047-06-28,3,2,1,4.55,3,0
2047-06-29,3,5,3,3.72,10,1
2047-06-30,6,0,2,2.27,4,0
2047-07-01,8,1,1,3.58,6,0
2047-07-02,3,4,5,2.49,8,1
2047-07-03,4,0,2,3.36,6,0
2047-07-04,5,1,1,4.06,6,0
2047-07-05,1,0,1,4.31,5,0
2047-07-06,8,0,0,2.38,5,0
2047-07-07,2,2,1,4.96,3,0
2047-07-08,3,4,5,2.91,8,1
2047-07-09,5,1,0,1.77,3,0
2047-07-10,3,2,2,3.11,2,0
2047-07-11,4,0,0,3.22,6,0
2047-07-12,5,5,5,2.82,9,1
2047-07-13,2,1,0,4.2,4,0
2047-07-14,4,1,1,4.69,6,0
2047-07-15,5,1,2,3.47,6,0
2047-07-16,2,2,0,2.59,2,1
2047-07-17,1,3,3,1.8,11,1
2047-07-18,3,5,4,2.75,10,1
2047-07-19,5,4,4,2.97,10,1
2047-07-20,1,0,1,3.62,4,0
2047-07-21,8,0,2,4.42,4,0
2047-07-22,5,2,0,1.82,4,0
2047-07-23,4,3,4,3.29,8,1
2047-07-24,5,2,0,4.55,5,0
2047-07-25,0,2,1,1.86,2,0
2047-07-26,4,2,2,1.86,5,0
2047-07-27,5,2,0,1.52,2,0
2047-07-28,1,2,1,1.76,5,0
2047-07-29,2,2,1,1.51,2,0
2047-07-30,1,2,1,3.57,4,0
2047-07-31,4,2,0,4.12,3,0
2047-08-01,5,0,1,2.54,2,0
2047-08-02,2,3,3,4.63,9,1
2047-08-03,2,0,0,4.73,5,0
2047-08-04,1,2,2,2.76,4,1
2047-08-05,8,4,4,4.55,10,1
2047-08-06,2,2,1,1.51,2,0
2047-08-07,1,0,1,3.99,2,0
2047-08-08,6,0,1,3.88,5,0
2047-08-09,3,5,3,3.65,11,1
2047-08-10,6,1,2,2.7,6,0
2047-08-11,2,0,2,2.32,4,0
2047-08-12,2,0,1,4.84,6,0
2047-08-13,3,1,0,4.3,5,0
2047-08-14,5,0,1,3.76,5,0
2047-08-15,4,1,1,4.66,6,0
2047-08-16,6,0,2,4.52,4,0
2047-08-17,5,2,0,3.28,5,0
2047-08-18,6,5,3,3.96,11,1
2047-08-19,3,1,1,4.03,6,1
2047-08-20,1,2,0,2.36,3,0
2047-08-21,5,2,2,3.42,4,0
2047-08-22,4,2,0,4.28,5,0
2047-08-23,2,1,2,2.14,3,1
2047-08-24,6,2,0,3.22,2,0
2047-08-25,4,0,0,2.54,4,0
2047-08-26,2,0,1,2.03,4,0
2047-08-27,3,4,5,1.51,11,1
2047-08-28,3,1,0,2.95,3,0
2047-08-29,1,2,2,2.26,3,0
2047-08-30,8,2,1,4.34,5,1
2047-08-31,1,2,2,4.59,4,0
2047-09-01,5,2,1,2.52,3,0
2047-09-02,6,2,2,2.43,3,0
2047-09-03,2,4,4,4.22,10,1
2047-09-04,3,2,1,4.72,4,0
2047-09-05,0,2,0,3.9,3,0
2047-09-06,5,5,5,3.78,9,1
2047-09-07,1,2,2,4.09,5,0
2047-09-08,3,1,0,4.38,2,1
2047-09-09,5,0,1,4.21,2,0
2047-09-10,5,5,4,3.7,11,1
2047-09-11,5,2,1,1.99,3,0
2047-09-12,3,1,0,3.36,2,1
2047-09-13,6,4,5,3.01,10,1
2047-09-14,3,2,1,1.89,6,0
2047-09-15,1,3,5,2.71,10,1
2047-09-16,4,1,0,4.13,4,0
2047-09-17,3,5,3,3.21,9,1
2047-09-18,1,5,3,4.51,8,1
2047-09-19,4,2,1,2.24,4,0
2047-09-20,6,2,2,3.57,6,0
2047-09-21,5,1,1,4.22,5,0
2047-09-22,8,2,0,2.26,2,0
2047-09-23,6,5,4,4.88,9,1
2047-09-24,6,5,3,1.89,11,1
2047-09-25,5,5,4,4.19,10,1
2047-09-26,4,3,3,1.9,9,1
2047-09-27,8,0,1,4.56,6,0
2047-09-28,4,0,1,1.52,4,0
2047-09-29,3,2,1,1.7,3,0
2047-09-30,3,0,0,1.78,5,0
2047-10-01,7,4,3,1.51,9,1
2047-10-02,3,2,2,2.0,4,0
2047-10-03,5,0,0,4.26,6,0
2047-10-04,1,3,4,2.55,9,1
2047-10-05,5,1,1,4.03,5,0
2047-10-06,3,0,2,2.32,2,0
2047-10-07,5,5,5,2.14,8,1
2047-10-08,2,5,4,4.75,10,1
2047-10-09,4,1,2,2.04,4,0
2047-10-10,3,1,1,1.52,6,0
2047-10-11,4,2,1,2.21,6,0
2047-10-12,7,3,4,3.6,9,1
2047-10-13,5,3,3,1.89,10,1
2047-10-14,4,3,3,3.14,10,1
2047-10-15,3,1,1,4.19,3,0
2047-10-16,7,0,2,3.34,6,0
2047-10-17,7,3,3,3.12,10,1
2047-10-18,3,0,0,3.67,2,0
2047-10-19,5,0,2,4.01,3,0
2047-10-20,4,0,2,1.75,6,0
2047-10-21,6,2,0,1.87,4,0
2047-10-22,3,0,1,1.55,5,0
2047-10-23,5,5,5,2.68,9,1
2047-10-24,4,5,3,3.84,10,1
2047-10-25,3,4,4,3.42,10,1
2047-10-26,2,4,5,4.6,8,1
2047-10-27,2,2,1,2.01,4,0
2047-10-28,1,3,5,2.06,11,1
2047-10-29,8,0,1,2.61,6,0
2047-10-30,4,1,0,2.73,3,0
2047-10-31,5,1,0,3.04,2,1
2047-11-01,3,4,3,4.28,10,1
2047-11-02,3,0,0,2.67,6,0
2047-11-03,2,5,3,3.38,9,1
2047-11-04,6,2,1,3.74,5,0
2047-11-05,3,5,5,4.08,11,1
2047-11-06,3,5,4,3.85,9,1
2047-11-07,4,2,2,2.33,2,0
2047-11-08,2,2,0,2.63,6,0
2047-11-09,4,1,1,3.25,5,0
2047-11-10,6,2,0,2.2,5,0
2047-11-11,5,1,2,1.65,6,0
2047-11-12,4,4,5,2.56,10,1
2047-11-13,6,2,2,4.55,5,1
2047-11-14,5,1,2,2.75,6,0
2047-11-15,2,2,0,2.02,3,0
2047-11-16,5,1,2,3.49,6,0
2047-11-17,3,2,0,4.67,6,0
2047-11-18,5,1,1,2.61,5,0
2047-11-19,6,0,2,4.52,3,0
2047-11-20,3,2,0,4.42,6,0
2047-11-21,6,0,2,2.73,3,1
2047-11-22,4,3,3,4.82,11,1
2047-11-23,5,2,0,3.13,4,1
2047-11-24,5,1,2,1.73,4,0
2047-11-25,2,0,1,3.81,2,0
2047-11-26,3,5,4,2.5,10,1
2047-11-27,3,2,1,3.29,6,0
2047-11-28,3,4,3,1.62,11,1
2047-11-29,6,1,2,4.7,3,0
2047-11-30,3,1,1,3.66,6,0
2047-12-01,4,2,0,3.72,6,0
2047-12-02,3,4,4,2.04,8,1
2047-12-03,6,4,5,2.9,9,1
2047-12-04,5,2,0,4.93,6,0
2047-12-05,4,3,4,4.59,10,1
2047-12-06,3,0,1,4.44,6,1
2047-12-07,4,3,3,3.48,11,1
2047-12-08,3,0,0,4.34,4,0
2047-12-09,9,1,1,4.65,6,0
2047-12-10,3,2,0,4.84,2,0
2047-12-11,3,5,5,2.03,9,1
2047-12-12,4,2,1,3.53,3,0
2047-12-13,3,0,1,2.54,6,0
2047-12-14,5,0,1,3.64,4,0
2047-12-15,5,0,1,2.64,3,0
2047-12-16,2,5,5,4.84,8,1
2047-12-17,3,0,0,4.52,3,0
2047-12-18,4,1,1,2.95,5,0
2047-12-19,4,2,2,2.54,4,0
2047-12-20,6,1,0,2.74,3,0
2047-12-21,6,2,1,3.58,5,0
2047-12-22,6,4,5,3.05,10,1
2047-12-23,5,0,0,3.25,5,0
2047-12-24,3,5,5,3.42,10,1
2047-12-25,2,0,0,2.46,6,0
2047-12-26,3,4,4,1.5,9,1
2047-12-27,3,1,0,2.47,5,0
2047-12-28,1,4,3,2.15,10,1
2047-12-29,2,2,1,2.47,2,0
2047-12-30,7,2,2,4.18,6,0
2047-12-31,2,2,0,2.57,2,0
2048-01-01,2,2,2,4.79,3,0
2048-01-02,4,2,1,2.48,2,0
2048-01-03,6,1,2,4.28,3,0
2048-01-04,5,1,0,2.87,3,0
2048-01-05,8,3,3,1.58,8,1
2048-01-06,3,5,5,3.22,8,1
2048-01-07,3,4,5,2.43,9,1
2048-01-08,6,4,3,1.87,8,1
2048-01-09,6,0,1,1.68,6,0
2048-01-10,5,1,1,3.77,5,0
2048-01-11,5,2,0,3.3,3,0
2048-01-12,2,4,5,3.34,11,1
2048-01-13,5,0,1,2.76,3,0
2048-01-14,6,2,2,2.91,4,0
2048-01-15,2,0,2,1.96,6,0
2048-01-16,4,4,3,1.97,10,1
2048-01-17,2,4,5,3.22,10,1
2048-01-18,3,3,4,2.06,10,1
2048-01-19,5,3,5,2.75,9,1
2048-01-20,2,2,0,4.83,4,0
2048-01-21,8,4,3,2.52,8,1
2048-01-22,5,0,0,3.94,6,0
2048-01-23,8,0,1,3.59,3,0
2048-01-24,3,3,4,3.77,9,1
2048-01-25,5,1,2,3.36,6,0
2048-01-26,2,0,2,2.85,4,0
2048-01-27,8,1,2,3.32,2,1
2048-01-28,1,2,1,4.63,5,1
2048-01-29,1,1,0,4.7,5,0
2048-01-30,8,2,2,4.19,5,0
2048-01-31,2,0,2,3.24,3,0
2048-02-01,2,3,5,4.07,9,1
2048-02-02,6,2,0,2.8,2,0
2048-02-03,7,0,0,3.94,4,0
2048-02-04,2,1,1,3.65,4,0
2048-02-05,8,5,3,3.59,11,1
2048-02-06,4,3,5,3.01,10,1
2048-02-07,5,5,3,3.28,10,1
2048-02-08,2,1,0,1.74,4,1
2048-02-09,8,0,2,3.55,4,0
2048-02-10,6,1,1,1.64,3,0
2048-02-11,8,0,2,3.21,4,0
2048-02-12,6,5,5,1.91,11,1
2048-02-13,7,5,4,2.51,11,1
2048-02-14,4,1,0,3.24,2,0
2048-02-15,6,1,0,3.52,2,0
2048-02-16,6,3,4,3.58,11,1
2048-02-17,2,0,0,1.97,3,0
2048-02-18,3,3,5,2.96,9,1
2048-02-19,3,0,1,2.99,2,0
2048-02-20,2,1,0,3.33,2,0
2048-02-21,5,2,0,2.25,2,1
2048-02-22,1,1,0,2.47,5,0
2048-02-23,2,5,3,2.25,11,1
2048-02-24,4,2,1,2.97,4,1
2048-02-25,4,2,0,2.26,2,0
2048-02-26,2,0,2,3.14,5,0
2048-02-27,5,3,3,3.57,9,1
2048-02-28,3,5,5,2.43,8,1
2048-02-29,8,2,0,2.91,3,0
2048-03-01,6,3,3,4.84,9,1
2048-03-02,8,4,3,3.78,11,1
2048-03-03,6,0,2,4.79,6,0
2048-03-04,10,4,4,4.93,9,1
2048-03-05,3,4,3,2.8,10,1
2048-03-06,1,1,0,3.9,6,0
2048-03-07,2,3,5,1.83,8,1
2048-03-08,3,5,5,2.5,8,1
2048-03-09,3,5,3,2.09,9,1
2048-03-10,7,0,1,4.81,2,0
2048-03-11,4,2,1,1.61,3,0
2048-03-12,2,2,0,2.37,2,0
2048-03-13,4,1,1,3.57,4,0
2048-03-14,2,4,4,4.87,11,1
2048-03-15,3,1,2,4.42,5,0
2048-03-16,2,2,0,3.31,3,0
2048-03-17,7,1,1,4.89,3,0
2048-03-18,6,1,2,2.76,4,0
2048-03-19,3,5,4,3.88,11,1
2048-03-20,7,0,0,3.17,6,1
2048-03-21,2,3,4,4.44,10,1
2048-03-22,2,1,1,4.66,3,0
2048-03-23,3,5,3,4.43,11,1
2048-03-24,6,1,1,4.96,2,0
2048-03-25,5,1,1,4.28,6,0
2048-03-26,6,1,0,3.9,2,0
2048-03-27,7,4,3,4.44,8,1
2048-03-28,3,1,1,3.7,5,1
2048-03-29,4,2,2,2.94,4,0
2048-03-30,2,1,2,3.93,6,0
2048-03-31,9,2,0,3.75,2,0
2048-04-01,7,4,4,3.78,8,1
2048-04-02,2,1,1,3.54,5,0
2048-04-03,4,2,1,3.34,3,0
2048-04-04,2,2,0,3.73,6,0
2048-04-05,3,1,2,2.07,4,1
2048-04-06,5,3,5,2.93,10,1
2048-04-07,4,5,3,1.81,11,1
2048-04-08,4,1,1,2.24,2,0
2048-04-09,2,0,1,4.58,5,0
2048-04-10,3,0,0,4.96,2,0
2048-04-11,5,2,1,4.66,2,0
2048-04-12,4,4,3,4.52,10,1
2048-04-13,3,2,2,3.42,3,0
2048-04-14,3,1,2,2.69,6,0
2048-04-15,3,4,3,2.69,10,1
2048-04-16,6,3,4,2.08,9,1
2048-04-17,2,3,4,1.96,8,1
2048-04-18,2,0,0,3.91,3,0
2048-04-19,6,5,5,2.33,10,1
2048-04-20,5,3,5,3.95,8,1
2048-04-21,2,2,2,1.65,2,0
2048-04-22,2,2,0,3.56,3,0
2048-04-23,6,4,5,2.19,9,1
2048-04-24,5,2,1,4.17,3,1
2048-04-25,2,0,2,4.03,2,0
2048-04-26,5,5,4,2.56,9,1
2048-04-27,7,0,2,2.15,5,1
2048-04-28,5,0,0,2.32,5,1
2048-04-29,4,1,1,3.07,2,0
2048-04-30,6,4,3,2.33,8,1
2048-05-01,8,0,1,4.62,3,0
2048-05-02,2,5,5,4.5,9,1
2048-05-03,2,1,2,2.2,2,0
2048-05-04,2,1,0,3.14,5,0
2048-05-05,7,5,5,4.3,8,1
2048-05-06,6,2,1,4.35,2,0
2048-05-07,6,3,5,1.52,9,1
2048-05-08,4,1,2,2.12,4,1
2048-05-09,5,2,1,4.61,2,0
2048-05-10,1,2,2,3.94,5,0
2048-05-11,6,2,2,2.83,2,0
2048-05-12,7,1,0,4.73,6,0
2048-05-13,4,1,1,4.26,3,0
2048-05-14,8,0,2,1.64,6,0
2048-05-15,2,1,2,4.92,5,0
2048-05-16,4,4,4,3.95,11,1
2048-05-17,8,4,3,1.99,11,1
2048-05-18,3,2,1,3.32,2,0
2048-05-19,3,4,5,2.78,9,1
2048-05-20,1,1,1,1.96,3,0
2048-05-21,7,3,5,4.2,9,1
2048-05-22,6,5,4,3.21,9,1
2048-05-23,2,4,4,1.75,8,1
2048-05-24,2,5,5,2.01,8,1
2048-05-25,6,1,2,3.61,4,0
2048-05-26,5,2,2,2.13,3,0
2048-05-27,3,2,2,1.94,3,0
2048-05-28,2,0,2,2.11,3,0
2048-05-29,3,1,0,3.63,4,0
2048-05-30,6,2,1,4.63,2,0
2048-05-31,2,0,0,2.53,3,0
2048-06-01,4,2,0,4.13,2,0
2048-06-02,4,5,5,2.37,10,1
2048-06-03,3,5,3,4.13,9,1
2048-06-04,3,1,1,2.68,6,0
2048-06-05,3,0,2,2.35,5,0
2048-06-06,4,4,4,2.32,8,1
2048-06-07,2,0,2,3.29,3,0
2048-06-08,6,1,0,4.99,6,0
2048-06-09,1,5,4,2.09,9,1
2048-06-10,4,0,2,2.65,5,0
2048-06-11,3,0,2,4.51,2,0
2048-06-12,6,2,2,2.03,2,0
2048-06-13,3,2,1,2.32,6,0
2048-06-14,0,2,2,4.51,3,0
2048-06-15,1,2,1,1.93,5,0
2048-06-16,7,5,5,3.17,11,1
2048-06-17,5,2,2,2.03,2,0
2048-06-18,4,0,0,3.16,4,1
2048-06-19,3,1,1,2.94,3,1
2048-06-20,7,2,1,1.82,4,0
2048-06-21,1,0,1,4.49,5,0
2048-06-22,4,5,5,4.21,9,1
2048-06-23,6,3,4,3.83,9,1
2048-06-24,3,0,0,4.1,5,0
2048-06-25,7,2,0,2.39,4,0
2048-06-26,8,2,2,3.31,4,1
2048-06-27,2,1,1,2.91,4,0
2048-06-28,6,3,5,1.86,11,1
2048-06-29,4,5,3,1.57,11,1
2048-06-30,4,1,2,4.92,2,0
2048-07-01,1,0,2,1.71,2,0
2048-07-02,2,2,2,2.1,4,0
2048-07-03,4,2,0,2.59,4,0
2048-07-04,4,1,2,3.8,3,1
2048-07-05,3,1,2,4.61,3,0
2048-07-06,2,1,1,1.73,5,0
2048-07-07,4,1,1,1.88,6,0
2048-07-08,5,4,5,4.98,9,1
2048-07-09,2,0,2,3.23,2,1
2048-07-10,10,3,4,2.27,11,1
2048-07-11,4,2,0,2.98,4,0
2048-07-12,3,5,5,1.63,10,1
2048-07-13,3,1,1,4.75,6,0
2048-07-14,4,5,4,4.3,8,1
2048-07-15,3,1,1,4.93,2,0
2048-07-16,9,2,2,2.88,2,0
2048-07-17,3,3,3,4.5,8,1
2048-07-18,7,4,5,2.96,11,1
2048-07-19,1,5,5,1.67,8,1
2048-07-20,7,1,1,3.05,4,0
2048-07-21,2,0,2,3.3,4,0
2048-07-22,2,1,1,4.72,5,0
2048-07-23,2,2,2,4.3,4,0
2048-07-24,9,1,2,2.21,3,0
2048-07-25,4,1,2,3.02,6,0
2048-07-26,4,1,2,4.5,3,0
2048-07-27,8,4,4,3.55,10,1
2048-07-28,1,1,1,2.18,4,0
2048-07-29,6,0,0,3.37,5,0
2048-07-30,5,2,2,2.66,6,0
2048-07-31,2,0,1,2.24,5,0
2048-08-01,5,1,0,5.0,2,0
2048-08-02,3,3,5,3.99,11,1
2048-08-03,4,1,1,2.02,6,0
2048-08-04,1,2,1,3.13,2,0
2048-08-05,5,2,0,4.01,6,1
2048-08-06,5,5,4,3.04,11,1
2048-08-07,3,1,1,4.82,3,0
2048-08-08,4,5,4,3.4,10,1
2048-08-09,2,2,2,3.87,3,0
2048-08-10,8,4,5,3.32,10,1
2048-08-11,2,2,1,3.67,3,0
2048-08-12,7,2,0,4.45,2,0
2048-08-13,3,2,0,2.73,4,0
2048-08-14,3,3,3,4.53,10,1
2048-08-15,0,1,2,2.28,4,0
2048-08-16,3,2,1,1.57,4,0
2048-08-17,8,2,1,2.84,6,0
2048-08-18,4,0,1,4.24,6,0
2048-08-19,2,3,5,2.67,9,1
2048-08-20,3,1,0,3.51,5,0
2048-08-21,1,2,1,1.65,6,0
2048-08-22,5,1,1,4.88,3,0
2048-08-23,2,0,0,4.45,2,0
2048-08-24,4,1,0,3.27,4,0
2048-08-25,4,2,0,3.42,5,1
2048-08-26,2,2,1,3.98,6,0
2048-08-27,4,3,5,3.78,10,1
2048-08-28,1,1,0,2.73,4,0
2048-08-29,2,0,0,4.76,5,1
2048-08-30,4,1,1,4.23,4,0
2048-08-31,2,1,2,3.24,4,1
2048-09-01,5,0,1,3.89,4,0
2048-09-02,3,0,2,2.55,6,0
2048-09-03,3,4,4,3.72,11,1
2048-09-04,2,3,4,3.28,10,1
2048-09-05,6,1,0,2.42,2,0
2048-09-06,4,1,0,4.31,2,0
2048-09-07,1,2,2,3.2,3,0
2048-09-08,4,4,4,3.31,8,1
2048-09-09,5,0,1,3.04,6,0
2048-09-10,5,1,0,1.94,2,0
2048-09-11,9,1,1,4.23,4,0
2048-09-12,3,1,1,4.99,2,0
2048-09-13,7,2,1,2.52,2,0
2048-09-14,3,0,2,3.59,6,0
2048-09-15,3,0,1,2.2,5,0
2048-09-16,7,1,0,4.96,4,0
2048-09-17,4,0,1,4.91,3,0
2048-09-18,3,3,4,2.11,10,1
2048-09-19,1,2,2,3.57,5,0
2048-09-20,6,4,5,2.84,11,1
2048-09-21,3,3,4,2.37,9,1
2048-09-22,3,4,5,1.81,10,1
2048-09-23,4,2,2,3.53,5,0
2048-09-24,4,4,3,1.98,8,1
2048-09-25,7,2,1,4.49,6,0
2048-09-26,6,3,5,2.43,8,1
2048-09-27,4,1,1,1.93,4,0
2048-09-28,7,1,0,4.13,2,0
2048-09-29,5,1,2,2.35,5,0
2048-09-30,7,2,2,4.53,4,0
2048-10-01,6,1,1,2.7,2,0
2048-10-02,5,0,1,3.01,2,0
2048-10-03,5,4,3,2.54,9,1
2048-10-04,3,2,2,4.04,5,1
2048-10-05,3,5,4,2.03,11,1
2048-10-06,3,1,1,1.94,2,0
2048-10-07,6,0,1,2.05,2,0
2048-10-08,6,0,1,2.83,6,0
2048-10-09,7,5,3,3.39,9,1
2048-10-10,5,2,0,3.23,5,0
2048-10-11,2,4,4,1.98,8,1
2048-10-12,2,1,0,4.21,4,0
2048-10-13,7,4,4,2.63,11,1
2048-10-14,3,0,2,3.42,6,0
2048-10-15,5,4,5,3.51,9,1
2048-10-16,2,2,1,3.1,6,0
2048-10-17,2,5,4,3.25,10,1
2048-10-18,3,5,5,2.81,9,1
2048-10-19,4,3,4,3.69,10,1
2048-10-20,2,2,2,3.87,6,0
2048-10-21,3,0,0,3.89,4,1
2048-10-22,4,1,1,3.33,2,0
2048-10-23,1,5,5,1.87,10,1
2048-10-24,4,0,1,3.05,3,0
2048-10-25,2,5,5,4.86,11,1
2048-10-26,3,1,1,1.51,5,0
2048-10-27,7,2,1,1.65,5,0
2048-10-28,4,3,3,4.26,8,1
2048-10-29,7,1,1,4.08,5,0
2048-10-30,5,1,2,4.17,2,0
2048-10-31,2,4,4,4.83,8,1
2048-11-01,4,3,3,4.71,10,1
2048-11-02,4,0,1,2.59,4,0
2048-11-03,7,0,0,3.87,6,0
2048-11-04,4,2,2,2.92,2,0
2048-11-05,1,1,0,4.57,6,0
2048-11-06,6,3,3,2.61,9,1
2048-11-07,1,2,0,2.74,3,0
2048-11-08,4,4,5,1.91,11,1
2048-11-09,1,1,1,2.97,2,0
2048-11-10,0,2,0,3.96,5,0
2048-11-11,7,2,0,2.31,4,0
2048-11-12,3,2,0,1.88,4,0
2048-11-13,8,4,4,4.83,11,1
2048-11-14,4,3,4,1.65,10,1
2048-11-15,9,1,1,3.03,6,0
2048-11-16,5,3,5,1.87,8,1
2048-11-17,5,0,2,3.65,6,0
2048-11-18,7,4,4,3.67,8,1
2048-11-19,5,4,3,4.92,11,1
2048-11-20,4,0,2,2.44,5,0
2048-11-21,2,0,2,3.57,5,0
2048-11-22,7,2,1,3.71,3,0
2048-11-23,4,0,2,2.08,3,1
2048-11-24,4,0,0,3.55,3,0
2048-11-25,6,2,2,4.08,4,0
2048-11-26,5,4,4,1.52,10,1
2048-11-27,6,2,0,4.83,4,0
2048-11-28,3,2,0,3.03,3,0
2048-11-29,2,0,1,3.73,6,0
2048-11-30,6,1,2,3.14,2,0
2048-12-01,2,3,4,1.53,8,1
2048-12-02,5,2,1,2.08,5,0
2048-12-03,3,5,5,3.07,11,1
2048-12-04,7,4,4,4.22,8,1
2048-12-05,7,0,1,2.76,2,0
2048-12-06,1,0,0,2.67,2,0
2048-12-07,6,1,0,4.67,3,0
2048-12-08,3,0,0,4.47,6,0
2048-12-09,6,1,2,4.18,6,0
2048-12-10,4,2,0,2.23,5,0
2048-12-11,3,1,1,2.26,4,0
2048-12-12,2,1,2,4.97,3,0
2048-12-13,3,0,0,2.34,6,0
2048-12-14,6,3,3,3.42,8,1
2048-12-15,2,2,0,3.09,2,0
2048-12-16,3,1,2,3.43,3,0
2048-12-17,5,3,5,3.44,10,1
2048-12-18,1,0,1,3.27,2,0
2048-12-19,0,5,4,2.53,11,1
2048-12-20,3,3,5,3.59,8,1
2048-12-21,5,2,1,1.81,6,0
2048-12-22,4,2,0,2.02,4,0
2048-12-23,2,0,2,4.63,3,0
2048-12-24,7,1,0,2.41,2,0
2048-12-25,5,2,2,3.57,5,0
2048-12-26,3,5,3,2.01,8,1
2048-12-27,0,2,0,2.31,3,0
2048-12-28,11,2,0,1.67,5,0
2048-12-29,6,1,2,4.61,5,0
2048-12-30,5,2,2,2.51,3,0
2048-12-31,4,2,1,3.87,3,0
2049-01-01,2,3,3,2.98,8,1
2049-01-02,3,0,1,2.42,4,0
2049-01-03,5,1,0,1.83,3,0
2049-01-04,4,5,3,3.32,10,1
2049-01-05,1,1,0,1.51,6,0
2049-01-06,5,1,2,2.86,3,0
2049-01-07,6,2,2,2.27,6,0
2049-01-08,3,0,0,4.31,4,1
2049-01-09,5,1,1,2.43,4,0
2049-01-10,5,4,4,3.44,10,1
2049-01-11,5,2,0,3.37,2,0
2049-01-12,4,2,1,3.62,6,1
2049-01-13,4,3,5,3.89,10,1
2049-01-14,4,0,0,4.34,4,0
2049-01-15,3,0,1,1.82,6,0
2049-01-16,3,3,3,3.76,8,1
2049-01-17,6,0,2,4.26,2,0
2049-01-18,4,0,0,4.95,4,0
2049-01-19,3,1,1,3.91,5,0
2049-01-20,5,2,0,2.84,3,0
2049-01-21,0,1,2,4.01,2,0
2049-01-22,1,2,1,4.85,6,0
2049-01-23,5,1,2,4.43,6,0
2049-01-24,6,2,0,2.48,3,0
2049-01-25,2,4,3,3.53,8,1
2049-01-26,12,0,0,2.19,2,0
2049-01-27,3,5,4,4.83,11,1
2049-01-28,6,3,3,2.97,11,1
2049-01-29,6,2,1,4.96,2,0
2049-01-30,6,0,0,3.03,2,0
2049-01-31,2,1,1,4.36,5,0
2049-02-01,2,3,3,3.63,9,1
2049-02-02,7,2,0,4.7,3,0
2049-02-03,4,0,1,3.44,6,0
2049-02-04,3,0,1,2.16,3,0
2049-02-05,6,0,2,2.27,3,0
2049-02-06,5,0,0,2.53,5,0
2049-02-07,5,5,4,2.82,11,1
2049-02-08,3,1,0,4.09,6,0
2049-02-09,3,1,2,2.67,3,0
2049-02-10,4,2,0,3.87,3,0
2049-02-11,2,0,2,3.29,6,0
2049-02-12,4,3,3,2.14,10,1
2049-02-13,4,4,5,3.16,8,1
2049-02-14,4,1,1,4.23,2,0
2049-02-15,3,1,2,3.54,4,1
2049-02-16,6,0,1,4.39,4,0
2049-02-17,1,3,5,4.15,8,1
2049-02-18,5,1,2,4.9,3,0
2049-02-19,1,5,4,4.99,9,1
2049-02-20,0,0,1,1.89,2,0
2049-02-21,7,5,5,3.49,8,1
2049-02-22,1,2,2,3.34,2,1
2049-02-23,2,0,2,4.4,4,0
2049-02-24,4,0,0,4.5,3,0
2049-02-25,4,1,1,1.76,2,1
2049-02-26,2,2,0,4.41,3,0
2049-02-27,5,3,4,4.97,10,1
2049-02-28,7,1,1,4.95,3,0
2049-03-01,4,3,5,4.86,9,1
2049-03-02,8,0,1,3.17,6,1
2049-03-03,8,5,3,3.25,9,1
2049-03-04,3,2,1,1.97,6,1
2049-03-05,4,1,2,3.76,3,0
2049-03-06,3,0,2,2.39,2,0
2049-03-07,1,2,0,2.12,5,1
2049-03-08,5,5,4,3.38,10,1
2049-03-09,3,1,1,1.95,4,0
2049-03-10,4,2,2,1.72,6,0
2049-03-11,4,0,0,3.1,5,0
2049-03-12,4,0,0,4.43,4,0
2049-03-13,4,3,4,1.83,9,1
2049-03-14,6,1,1,2.97,3,0
2049-03-15,6,2,1,1.68,3,0
2049-03-16,2,2,0,3.45,6,0
2049-03-17,2,4,3,3.02,11,1
2049-03-18,3,2,2,4.06,2,0
2049-03-19,3,1,1,2.13,2,0
2049-03-20,3,5,4,2.57,11,1
2049-03-21,3,4,5,4.91,11,1
2049-03-22,5,0,0,3.12,2,0
2049-03-23,5,4,3,4.12,11,1
2049-03-24,6,2,2,4.75,5,0
2049-03-25,4,1,2,4.53,3,0
2049-03-26,2,0,2,4.64,2,0
2049-03-27,4,4,4,3.98,9,1
2049-03-28,3,3,4,2.42,9,1
2049-03-29,1,2,0,1.88,5,0
2049-03-30,4,3,3,2.19,9,1
2049-03-31,3,2,0,2.7,3,0
2049-04-01,4,1,2,1.71,6,0
2049-04-02,5,2,2,4.4,6,1
2049-04-03,4,5,4,3.29,11,1
2049-04-04,3,2,2,3.3,2,0
2049-04-05,3,3,3,3.12,9,1
2049-04-06,3,1,0,4.43,4,0
2049-04-07,6,0,2,2.46,4,0
2049-04-08,3,2,0,3.33,4,0
2049-04-09,1,3,4,2.28,11,1
2049-04-10,3,2,0,4.71,2,0
2049-04-11,3,0,1,4.49,3,0
2049-04-12,4,1,2,4.64,6,0
2049-04-13,3,5,5,2.84,9,1
2049-04-14,3,2,1,4.26,4,0
2049-04-15,4,3,5,4.27,8,1
2049-04-16,5,0,1,4.92,4,0
2049-04-17,5,1,0,4.97,2,1
2049-04-18,3,1,2,4.92,2,0
2049-04-19,11,4,3,1.68,8,1
2049-04-20,5,2,2,1.88,2,0
2049-04-21,1,1,0,3.92,4,0
2049-04-22,1,0,1,4.19,5,0
2049-04-23,11,0,0,3.53,2,0
2049-04-24,5,1,0,3.41,6,0
2049-04-25,2,1,1,4.72,2,0
2049-04-26,4,0,0,1.69,2,0
2049-04-27,2,0,2,3.02,6,0
2049-04-28,2,0,2,4.23,3,0
2049-04-29,2,3,5,4.44,10,1
2049-04-30,4,2,1,2.99,4,0
2049-05-01,3,2,0,3.11,6,0
2049-05-02,4,0,2,1.69,4,0
2049-05-03,1,2,0,2.17,5,1
2049-05-04,4,5,5,4.67,8,1
2049-05-05,6,2,2,2.95,5,0
2049-05-06,3,2,2,4.45,6,0
2049-05-07,5,2,1,4.96,2,0
2049-05-08,6,0,2,4.29,5,0
2049-05-09,5,4,3,4.19,11,1
2049-05-10,4,3,4,3.1,9,1
2049-05-11,4,3,3,3.54,9,1
2049-05-12,2,3,5,2.85,9,1
2049-05-13,4,1,2,4.64,2,0
2049-05-14,4,1,2,3.92,4,0
2049-05-15,2,0,0,1.63,6,0
2049-05-16,5,2,2,3.77,3,0
2049-05-17,2,2,2,1.75,2,0
2049-05-18,9,0,2,2.83,2,0
2049-05-19,4,3,3,3.15,9,1
2049-05-20,3,2,2,1.88,2,0
2049-05-21,3,1,2,2.05,4,0
2049-05-22,4,1,2,4.34,2,0
2049-05-23,1,0,1,2.03,2,0
2049-05-24,2,2,1,3.52,4,0
2049-05-25,2,1,1,2.75,3,0
2049-05-26,3,2,0,1.5,4,0
2049-05-27,8,5,5,1.92,11,1
2049-05-28,5,0,2,3.28,6,0
2049-05-29,2,0,2,3.96,2,0
2049-05-30,3,1,0,4.6,6,0
2049-05-31,8,2,1,1.54,5,0
2049-06-01,1,0,1,3.63,6,0
2049-06-02,5,4,4,2.41,8,1
2049-06-03,4,1,2,1.94,5,0
2049-06-04,3,4,4,4.72,9,1
2049-06-05,5,2,0,3.92,4,0
2049-06-06,3,2,2,4.55,3,0
2049-06-07,5,3,4,3.17,8,1
2049-06-08,3,1,2,2.4,5,0
2049-06-09,5,2,2,3.57,3,0
2049-06-10,4,4,5,4.61,11,1
2049-06-11,5,4,3,4.67,11,1
2049-06-12,2,0,2,4.43,3,0
2049-06-13,7,0,2,1.56,6,0
2049-06-14,4,4,3,2.53,8,1
2049-06-15,6,5,4,1.57,11,1
2049-06-16,3,1,0,4.15,5,1
2049-06-17,2,1,1,2.72,6,0
2049-06-18,6,2,2,4.56,3,0
2049-06-19,2,2,2,2.87,5,0
2049-06-20,5,1,1,4.51,4,0
2049-06-21,6,2,2,4.75,5,0
2049-06-22,3,0,0,2.98,3,1
2049-06-23,4,1,0,3.29,2,0
2049-06-24,3,3,4,3.11,9,1
2049-06-25,4,2,0,3.8,5,0
2049-06-26,2,0,1,1.81,3,0
2049-06-27,3,3,5,4.36,9,1
2049-06-28,4,3,3,4.71,9,1
2049-06-29,3,2,0,1.78,3,0
2049-06-30,5,1,0,4.3,5,0
2049-07-01,5,5,4,2.9,9,1
2049-07-02,7,0,0,4.29,4,0
2049-07-03,2,5,3,3.15,8,1
2049-07-04,4,2,1,2.71,5,0
2049-07-05,1,2,1,4.53,5,0
2049-07-06,7,2,0,1.92,6,0
2049-07-07,2,1,0,2.74,6,0
2049-07-08,5,4,3,3.41,8,1
2049-07-09,2,2,1,4.24,3,0
2049-07-10,1,2,0,1.54,5,0
2049-07-11,2,1,2,4.95,4,0
2049-07-12,3,3,3,4.96,11,1
2049-07-13,7,0,0,4.82,4,0
2049-07-14,6,2,1,3.69,4,0
2049-07-15,7,1,1,3.08,5,0
2049-07-16,2,2,2,1.76,2,0
2049-07-17,3,3,4,2.97,9,1
2049-07-18,7,1,1,3.07,6,0
2049-07-19,4,4,5,4.19,10,1
2049-07-20,7,1,2,3.91,5,0
2049-07-21,5,0,0,4.1,6,0
2049-07-22,4,0,0,2.7,2,0
2049-07-23,5,1,0,4.8,6,0
2049-07-24,5,1,1,3.31,3,0
2049-07-25,7,5,5,2.33,10,1
2049-07-26,3,5,3,3.67,11,1
2049-07-27,8,0,0,4.26,4,0
2049-07-28,5,1,1,3.45,4,1
2049-07-29,3,2,1,2.08,4,0
2049-07-30,5,1,2,4.04,4,0
2049-07-31,4,1,1,3.02,3,0
2049-08-01,4,1,0,2.52,3,0
2049-08-02,5,2,2,1.65,4,0
2049-08-03,3,0,1,1.55,2,0
2049-08-04,4,2,1,3.61,2,0
2049-08-05,3,2,2,4.99,5,0
2049-08-06,6,1,0,2.99,5,0
2049-08-07,7,1,2,2.96,3,0
2049-08-08,3,4,3,4.69,11,1
2049-08-09,5,4,3,4.65,8,1
2049-08-10,6,3,5,2.72,10,1
2049-08-11,4,3,3,3.65,8,1
2049-08-12,2,0,1,2.75,2,0
2049-08-13,3,1,2,2.14,4,0
2049-08-14,4,0,2,4.81,4,0
2049-08-15,5,4,5,2.92,10,1
2049-08-16,5,0,2,4.84,4,0
2049-08-17,3,4,4,3.04,11,1
2049-08-18,5,0,1,1.69,3,0
2049-08-19,4,0,0,2.42,2,0
2049-08-20,5,2,2,4.17,4,0
2049-08-21,6,2,2,2.97,3,0
2049-08-22,6,3,3,2.01,10,1
2049-08-23,4,1,0,1.78,3,0
2049-08-24,4,1,2,4.96,6,0
2049-08-25,6,1,2,2.33,6,1
2049-08-26,5,2,2,3.45,6,0
2049-08-27,5,2,1,2.72,5,0
2049-08-28,5,1,2,3.52,5,0
2049-08-29,2,5,3,1.58,8,1
2049-08-30,3,0,2,2.52,3,1
2049-08-31,5,1,1,3.27,4,0
2049-09-01,3,0,1,2.82,5,0
2049-09-02,3,5,5,2.64,11,1
2049-09-03,5,2,0,2.47,3,0
2049-09-04,6,5,5,3.57,10,1
2049-09-05,4,1,2,3.24,5,0
2049-09-06,7,1,2,2.39,3,0
2049-09-07,5,1,2,3.33,6,0
2049-09-08,4,1,1,4.09,5,0
2049-09-09,1,2,0,3.9,6,0
2049-09-10,5,1,1,3.61,5,0
2049-09-11,2,3,3,3.81,9,1
2049-09-12,7,0,0,4.83,6,0
2049-09-13,3,0,2,4.88,2,0
2049-09-14,2,1,2,2.81,5,0
2049-09-15,7,2,0,2.29,5,0
2049-09-16,6,0,2,2.41,5,1
2049-09-17,2,2,1,2.54,3,0
2049-09-18,3,0,1,3.74,4,0
2049-09-19,3,4,5,2.06,9,1
2049-09-20,3,0,1,3.96,5,0
2049-09-21,6,5,3,1.8,10,1
2049-09-22,4,2,1,3.68,2,0
2049-09-23,4,0,1,3.61,3,0
2049-09-24,4,1,2,4.32,5,0
2049-09-25,5,1,0,1.79,4,0
2049-09-26,5,2,2,3.24,6,0
2049-09-27,8,1,2,1.66,6,0
2049-09-28,8,1,1,4.28,6,0
2049-09-29,7,1,0,2.2,5,0
2049-09-30,5,4,4,2.53,8,1
2049-10-01,3,1,1,3.16,5,0
2049-10-02,4,0,0,4.99,2,1
2049-10-03,4,2,2,3.8,6,0
2049-10-04,7,0,2,2.21,3,0
2049-10-05,6,1,2,3.74,6,1
2049-10-06,6,0,2,2.28,4,0
2049-10-07,3,2,1,4.13,5,0
2049-10-08,3,0,0,2.06,5,0
2049-10-09,7,5,5,4.24,11,1
2049-10-10,4,4,4,1.85,8,1
2049-10-11,5,5,5,4.88,8,1
2049-10-12,3,2,0,2.55,4,0
2049-10-13,4,2,2,1.71,5,0
2049-10-14,4,1,0,4.52,5,0
2049-10-15,5,3,5,4.7,10,1
2049-10-16,3,5,4,1.64,9,1
2049-10-17,9,0,0,2.45,3,0
2049-10-18,3,5,4,4.97,9,1
2049-10-19,7,1,0,3.11,6,0
2049-10-20,3,1,0,3.96,3,1
2049-10-21,2,0,2,3.33,5,0
2049-10-22,8,1,0,4.85,3,0
2049-10-23,4,2,1,1.71,5,0
2049-10-24,6,4,3,1.73,11,1
2049-10-25,2,2,1,2.78,6,0
2049-10-26,2,1,0,2.93,4,0
2049-10-27,1,1,0,4.7,6,0
2049-10-28,1,0,0,4.63,4,1
2049-10-29,5,3,5,1.58,10,1
2049-10-30,7,1,0,4.97,5,0
2049-10-31,3,3,4,4.87,11,1
2049-11-01,6,4,3,3.74,10,1
2049-11-02,4,2,0,2.24,3,0
2049-11-03,6,2,2,4.36,6,0
2049-11-04,4,1,0,1.79,2,0
2049-11-05,4,0,1,3.11,3,0
2049-11-06,4,0,1,4.81,4,0
2049-11-07,7,1,2,4.96,4,0
2049-11-08,4,5,4,3.77,9,1
2049-11-09,1,0,1,3.81,5,0
2049-11-10,7,1,1,2.95,3,0
2049-11-11,5,3,5,3.85,8,1
2049-11-12,4,0,1,2.77,6,0
2049-11-13,2,0,1,4.32,2,0
2049-11-14,3,0,0,4.54,6,0
2049-11-15,4,2,2,4.23,5,0
2049-11-16,3,0,0,2.36,5,0
2049-11-17,2,2,1,2.37,5,0
2049-11-18,6,5,4,4.64,10,1
2049-11-19,3,1,0,3.5,6,1
2049-11-20,2,3,3,2.04,10,1
2049-11-21,4,2,2,3.33,5,0
2049-11-22,5,1,1,2.62,6,0
2049-11-23,7,0,1,2.2,3,0
2049-11-24,3,4,3,2.04,10,1
2049-11-25,4,2,2,4.74,3,0
2049-11-26,6,5,4,2.49,8,1
2049-11-27,3,1,0,3.29,5,0
2049-11-28,2,5,3,4.16,9,1
2049-11-29,6,2,0,1.7,5,0
2049-11-30,5,2,1,4.38,3,0
2049-12-01,4,2,1,2.58,5,0
2049-12-02,5,2,1,4.16,2,0
2049-12-03,5,5,4,4.4,10,1
2049-12-04,6,1,2,1.54,6,0
2049-12-05,6,2,1,4.41,6,0
2049-12-06,8,5,4,2.44,8,1
2049-12-07,2,2,1,4.5,2,0
2049-12-08,2,0,2,3.28,6,0
2049-12-09,7,5,3,2.41,8,1
2049-12-10,2,0,2,4.38,6,0
2049-12-11,5,0,1,2.72,3,0
2049-12-12,4,2,1,2.03,4,1
2049-12-13,3,0,0,1.67,4,1
2049-12-14,2,3,4,3.81,10,1
2049-12-15,7,0,1,2.73,5,1
2049-12-16,2,2,1,4.54,5,0
2049-12-17,2,2,2,3.12,6,0
2049-12-18,8,2,0,4.26,3,0
2049-12-19,3,1,0,2.5,4,0
2049-12-20,2,0,1,3.71,6,0
2049-12-21,7,1,0,1.74,4,0
2049-12-22,3,0,1,1.9,5,0
2049-12-23,2,5,3,3.27,8,1
2049-12-24,5,4,5,2.5,10,1
2049-12-25,3,2,2,4.34,2,0
2049-12-26,10,3,3,1.65,10,1
2049-12-27,4,2,0,3.31,5,0
2049-12-28,6,0,0,1.72,5,0
2049-12-29,4,1,1,4.54,5,0
2049-12-30,9,4,3,2.21,11,1
2049-12-31,6,1,1,3.64,5,0
2050-01-01,6,2,0,4.62,5,0
2050-01-02,4,0,0,2.43,6,0
2050-01-03,0,2,2,2.72,3,1
2050-01-04,4,1,1,3.77,3,0
2050-01-05,5,0,0,3.61,6,0
2050-01-06,7,0,1,1.94,4,0
2050-01-07,3,5,4,4.21,10,1
2050-01-08,3,2,2,3.63,2,0
2050-01-09,0,0,2,3.91,5,0
2050-01-10,3,5,5,1.93,11,1
2050-01-11,3,0,1,2.59,2,0
2050-01-12,4,0,1,3.21,4,0
2050-01-13,5,2,2,4.32,4,0
2050-01-14,11,0,1,3.04,4,0
2050-01-15,4,5,3,4.83,8,1
2050-01-16,4,4,5,3.84,8,1
2050-01-17,8,2,2,4.15,3,1
2050-01-18,4,0,2,1.79,6,0
2050-01-19,3,1,0,2.48,2,0
2050-01-20,7,5,4,2.51,9,1
2050-01-21,5,2,0,2.85,5,0
2050-01-22,0,2,2,3.37,4,0
2050-01-23,1,0,0,3.8,5,0
2050-01-24,4,1,0,4.81,6,1
2050-01-25,4,5,4,3.38,10,1
2050-01-26,7,3,5,4.3,10,1
2050-01-27,4,2,0,3.0,5,0
2050-01-28,3,2,0,4.14,5,0
2050-01-29,7,4,5,4.37,10,1
2050-01-30,0,0,1,4.99,4,0
2050-01-31,2,0,1,2.26,4,0
2050-02-01,4,1,2,2.84,6,0
2050-02-02,10,0,0,1.7,4,0
2050-02-03,5,3,5,3.0,9,1
2050-02-04,6,5,4,3.1,10,1
2050-02-05,2,5,4,1.7,9,1
2050-02-06,4,2,1,4.97,3,0
2050-02-07,5,0,1,3.39,5,0
2050-02-08,5,2,1,3.41,3,0
2050-02-09,4,1,0,4.96,3,0
2050-02-10,4,1,2,1.79,3,0
2050-02-11,5,5,5,3.92,10,1
2050-02-12,8,1,1,2.48,3,0
2050-02-13,2,0,1,3.79,2,0
2050-02-14,5,0,2,2.83,2,1
2050-02-15,2,3,3,4.96,10,1
2050-02-16,6,3,4,2.13,11,1
2050-02-17,5,5,3,4.04,11,1
2050-02-18,5,4,4,3.23,9,1
2050-02-19,4,3,5,2.54,9,1
2050-02-20,1,3,4,3.32,11,1
2050-02-21,7,0,0,2.2,5,1
2050-02-22,2,2,1,1.89,3,0
2050-02-23,4,2,0,3.18,4,0
2050-02-24,2,5,4,2.24,11,1
2050-02-25,2,1,1,2.27,4,0
2050-02-26,7,2,2,4.29,5,0
2050-02-27,3,0,1,3.77,5,0
2050-02-28,2,3,3,2.39,11,1
2050-03-01,1,0,0,4.98,5,0
2050-03-02,5,0,1,4.46,3,0
2050-03-03,4,2,1,3.47,6,0
2050-03-04,6,1,1,3.56,6,0
2050-03-05,6,1,2,2.21,4,1
2050-03-06,3,0,1,2.88,6,0
2050-03-07,7,3,5,3.09,9,1
2050-03-08,5,4,3,4.33,10,1
2050-03-09,5,1,2,4.62,6,1
2050-03-10,5,2,1,4.5,2,0
2050-03-11,2,0,0,2.71,3,0
2050-03-12,3,0,2,4.89,6,0
2050-03-13,4,5,3,3.77,9,1
2050-03-14,3,5,5,2.72,10,1
2050-03-15,3,2,1,2.66,5,0
2050-03-16,5,1,1,3.85,5,0
2050-03-17,1,2,1,4.61,6,0
2050-03-18,3,0,0,4.93,6,0
2050-03-19,2,2,2,3.56,4,0
2050-03-20,3,2,2,1.98,4,1
2050-03-21,4,0,1,2.52,4,0
2050-03-22,4,1,0,2.54,2,0
2050-03-23,1,1,1,4.8,2,1
2050-03-24,3,0,2,4.75,5,0
2050-03-25,2,1,2,3.02,6,0
2050-03-26,2,4,5,2.01,11,1
2050-03-27,7,2,1,4.22,2,0
2050-03-28,2,0,0,4.01,2,0
2050-03-29,3,3,4,4.64,10,1
2050-03-30,5,0,2,2.39,6,1
2050-03-31,1,2,1,4.46,4,0
2050-04-01,2,0,1,2.29,6,0
2050-04-02,1,2,0,4.5,5,0
2050-04-03,7,0,1,3.2,2,0
2050-04-04,4,2,1,2.29,2,0
2050-04-05,6,2,2,2.42,2,0
2050-04-06,5,4,4,1.76,9,1
2050-04-07,4,0,2,1.85,2,0
2050-04-08,6,0,2,3.5,5,0
2050-04-09,3,5,3,3.94,11,1
2050-04-10,2,4,5,4.81,9,1
2050-04-11,3,4,4,4.91,10,1
2050-04-12,4,2,2,3.99,6,0
2050-04-13,4,5,3,4.51,9,1
2050-04-14,5,2,2,2.02,4,0
2050-04-15,7,2,0,3.34,2,0
2050-04-16,1,1,2,1.89,5,0
2050-04-17,5,5,4,4.95,9,1
2050-04-18,3,2,1,4.78,5,0
2050-04-19,5,5,4,2.52,11,1
2050-04-20,4,2,0,2.84,4,0
2050-04-21,3,1,0,4.5,5,0
2050-04-22,2,5,3,2.73,10,1
2050-04-23,3,5,4,3.91,9,1
2050-04-24,2,4,5,3.88,11,1
2050-04-25,3,5,5,4.68,8,1
2050-04-26,5,0,2,2.14,6,0
2050-04-27,5,3,4,1.89,8,1
2050-04-28,4,2,2,2.15,6,0
2050-04-29,1,0,1,3.28,2,0
2050-04-30,7,1,1,2.44,6,0
2050-05-01,8,0,1,4.16,3,0
2050-05-02,1,5,4,3.74,10,1
2050-05-03,5,3,3,1.58,11,1
2050-05-04,4,2,2,4.77,6,0
2050-05-05,6,1,0,2.54,5,0
2050-05-06,4,5,4,4.38,9,1
2050-05-07,4,0,0,2.42,6,0
2050-05-08,2,2,1,1.52,5,0
2050-05-09,2,1,0,1.63,3,0
2050-05-10,5,5,3,3.75,10,1
2050-05-11,8,2,0,4.61,3,0
2050-05-12,6,0,1,3.91,5,0
2050-05-13,3,4,4,2.14,9,1
2050-05-14,5,3,5,3.84,9,1
2050-05-15,3,5,4,3.3,8,1
2050-05-16,2,0,0,4.25,3,0
2050-05-17,3,1,0,4.74,3,0
2050-05-18,5,1,2,4.74,3,1
2050-05-19,4,0,2,4.9,4,0
2050-05-20,6,1,1,4.06,4,0
2050-05-21,2,0,0,4.25,4,0
2050-05-22,3,0,0,4.44,4,0
2050-05-23,5,3,3,3.59,10,1
2050-05-24,1,1,1,2.8,3,0
2050-05-25,4,1,1,4.84,6,0
2050-05-26,3,1,0,4.38,3,1
2050-05-27,6,2,1,3.41,5,0
2050-05-28,8,1,1,2.23,5,0
2050-05-29,2,5,3,4.94,11,1
2050-05-30,3,5,5,1.96,10,1
2050-05-31,4,4,4,3.27,11,1
2050-06-01,7,4,3,4.97,11,1
2050-06-02,6,5,5,3.33,9,1
2050-06-03,4,0,2,3.5,2,0
2050-06-04,2,0,0,2.87,4,0
2050-06-05,1,3,4,4.11,9,1
2050-06-06,2,2,1,2.55,3,0
2050-06-07,2,3,5,2.93,11,1
2050-06-08,6,5,5,1.74,8,1
2050-06-09,3,0,1,4.5,4,0
2050-06-10,6,1,1,3.8,3,0
2050-06-11,3,1,0,2.62,5,0
2050-06-12,5,5,5,4.61,8,1
2050-06-13,9,2,2,3.8,6,0
2050-06-14,2,4,3,4.54,11,1
2050-06-15,4,1,1,2.74,2,1
2050-06-16,5,1,0,4.12,4,0
2050-06-17,3,0,1,3.14,4,1
2050-06-18,5,2,0,4.89,2,0
2050-06-19,6,3,3,3.29,10,1
2050-06-20,5,2,0,2.16,5,0
2050-06-21,3,3,5,1.63,10,1
2050-06-22,3,1,2,2.49,3,0
2050-06-23,2,2,0,3.56,5,0
2050-06-24,7,2,2,3.78,6,0
2050-06-25,2,0,2,3.6,2,0
2050-06-26,6,5,3,4.84,10,1
2050-06-27,2,1,2,3.41,4,1
2050-06-28,3,1,0,4.47,6,0
2050-06-29,6,2,0,1.62,2,0
2050-06-30,7,1,1,1.57,4,0
2050-07-01,2,2,1,2.9,4,0
2050-07-02,3,4,3,2.14,11,1
2050-07-03,6,4,3,3.35,8,1
2050-07-04,3,1,2,2.46,5,0
2050-07-05,4,2,1,2.14,5,0
2050-07-06,6,3,5,3.36,8,1
2050-07-07,3,0,2,4.92,4,0
2050-07-08,4,5,5,3.77,8,1
2050-07-09,3,2,1,3.07,6,0
2050-07-10,3,2,2,2.13,3,0
2050-07-11,5,3,5,4.69,9,1
2050-07-12,3,1,0,1.75,2,0
2050-07-13,4,0,1,4.61,6,0
2050-07-14,5,1,0,1.82,6,0
2050-07-15,4,1,2,4.2,6,0
2050-07-16,6,2,1,4.0,3,0
2050-07-17,6,2,0,3.05,6,0
2050-07-18,2,0,2,4.94,2,0
2050-07-19,5,1,0,2.86,6,0
2050-07-20,7,1,2,4.97,2,0
2050-07-21,7,5,5,4.02,10,1
2050-07-22,4,1,0,4.85,5,1
2050-07-23,5,0,0,1.76,2,0
2050-07-24,5,1,0,2.46,3,0
2050-07-25,4,3,3,1.79,9,1
2050-07-26,8,0,2,2.89,5,0
2050-07-27,5,0,2,3.88,2,0
2050-07-28,4,2,0,2.4,6,0
2050-07-29,4,2,2,4.42,3,0
2050-07-30,3,3,4,4.75,8,1
2050-07-31,4,2,2,4.99,3,0
2050-08-01,6,2,0,3.08,5,0
2050-08-02,3,4,3,4.84,9,1
2050-08-03,5,2,1,2.73,3,0
2050-08-04,5,5,4,1.75,10,1
2050-08-05,6,2,2,2.46,2,0
2050-08-06,4,4,4,3.66,8,1
2050-08-07,3,0,0,4.99,6,0
2050-08-08,5,1,1,4.07,6,0
2050-08-09,6,0,1,4.0,4,0
2050-08-10,3,1,1,3.99,3,0
2050-08-11,5,3,5,3.85,9,1
2050-08-12,2,1,2,4.8,6,0
2050-08-13,5,5,4,3.8,10,1
2050-08-14,5,4,3,3.6,10,1
2050-08-15,6,2,1,4.52,2,0
2050-08-16,3,0,2,3.52,4,0
2050-08-17,4,1,1,3.38,2,0
2050-08-18,5,5,4,3.73,9,1
2050-08-19,3,2,0,4.73,6,0
2050-08-20,5,2,2,4.85,6,0
2050-08-21,4,2,2,1.86,4,0
2050-08-22,1,1,1,4.71,6,0
2050-08-23,5,4,4,4.88,9,1
2050-08-24,3,3,5,2.88,9,1
2050-08-25,1,4,3,3.88,9,1
2050-08-26,5,0,0,1.82,4,0
2050-08-27,4,0,1,4.72,6,0
2050-08-28,5,1,2,2.37,3,0
2050-08-29,1,0,2,3.26,5,0
2050-08-30,0,2,1,3.04,5,1
2050-08-31,3,2,0,1.95,2,0
2050-09-01,8,2,2,1.71,4,0
2050-09-02,3,2,1,4.38,2,0
2050-09-03,5,5,3,2.0,8,1
2050-09-04,4,3,3,3.97,10,1
2050-09-05,4,1,0,4.44,5,0
2050-09-06,1,5,5,4.05,11,1
2050-09-07,4,0,0,3.74,5,0
2050-09-08,4,3,4,4.19,11,1
2050-09-09,2,2,0,2.8,4,0
2050-09-10,4,0,1,4.1,5,0
2050-09-11,4,0,2,2.35,4,0
2050-09-12,0,0,0,3.15,3,0
2050-09-13,8,0,2,1.61,6,0
2050-09-14,2,0,2,4.97,6,0
2050-09-15,3,0,1,4.88,3,0
2050-09-16,8,5,5,1.9,10,1
2050-09-17,2,2,1,3.89,3,0
2050-09-18,3,1,2,4.98,2,0
2050-09-19,3,0,2,1.54,2,0
2050-09-20,0,5,5,2.42,10,1
2050-09-21,5,0,2,3.39,4,0
2050-09-22,2,0,2,2.16,2,0
2050-09-23,3,2,1,2.86,4,0
2050-09-24,2,0,0,3.83,2,0
2050-09-25,5,5,3,4.41,9,1
2050-09-26,2,0,2,3.65,6,0
2050-09-27,4,3,3,2.75,10,1
2050-09-28,2,0,0,3.23,5,1
2050-09-29,4,2,1,2.4,5,0
2050-09-30,3,2,1,4.18,6,0
2050-10-01,3,2,2,1.51,6,0
2050-10-02,5,5,5,2.08,8,1
2050-10-03,3,0,0,2.99,6,0
2050-10-04,1,2,2,3.91,5,1
2050-10-05,2,3,4,1.53,11,1
2050-10-06,6,2,1,3.76,3,0
2050-10-07,5,1,0,1.79,5,0
2050-10-08,8,2,2,3.19,6,0
2050-10-09,3,1,1,4.63,4,0
2050-10-10,7,4,5,3.16,10,1
2050-10-11,6,0,1,3.47,3,0
2050-10-12,3,4,4,3.77,10,1
2050-10-13,3,2,2,3.59,3,1
2050-10-14,2,5,5,2.42,9,1
2050-10-15,3,5,4,2.77,8,1
2050-10-16,1,1,0,3.98,6,0
2050-10-17,6,2,1,2.69,6,0
2050-10-18,6,2,1,3.02,2,0
2050-10-19,3,2,0,2.48,6,0
2050-10-20,3,3,3,1.94,10,1
2050-10-21,5,2,1,2.44,4,0
2050-10-22,2,5,3,3.08,8,1
2050-10-23,3,4,5,2.17,11,1
2050-10-24,3,0,1,4.16,2,0
2050-10-25,6,0,1,1.99,5,0
2050-10-26,4,1,1,2.21,5,1
2050-10-27,3,4,5,4.95,11,1
2050-10-28,4,3,4,3.16,11,1
2050-10-29,6,4,4,4.6,10,1
2050-10-30,2,4,5,4.0,10,1
2050-10-31,3,4,3,4.12,10,1
2050-11-01,3,2,2,4.46,4,0
2050-11-02,0,4,3,4.19,11,1
2050-11-03,1,5,3,4.89,11,1
2050-11-04,7,1,2,4.92,3,0
2050-11-05,3,1,0,4.17,4,0
2050-11-06,3,2,1,4.26,5,0
2050-11-07,5,0,0,4.48,5,0
2050-11-08,4,2,0,4.55,3,0
2050-11-09,2,3,4,2.15,10,1
2050-11-10,7,3,4,4.24,10,1
2050-11-11,3,1,1,4.2,6,0
2050-11-12,6,5,4,3.66,10,1
2050-11-13,8,0,1,2.73,6,0
2050-11-14,5,4,5,1.78,8,1
2050-11-15,3,2,2,3.23,5,0
2050-11-16,2,5,3,3.91,11,1
2050-11-17,4,4,4,2.89,11,1
2050-11-18,4,3,5,3.53,10,1
2050-11-19,4,0,2,3.32,6,0
2050-11-20,2,2,2,2.22,3,0
2050-11-21,4,5,5,2.27,8,1
2050-11-22,0,2,2,2.98,4,0
2050-11-23,8,2,2,2.23,4,0
2050-11-24,6,1,1,2.64,5,0
2050-11-25,4,2,1,3.95,5,0
2050-11-26,2,2,2,2.89,2,0
2050-11-27,3,3,3,3.4,9,1
2050-11-28,3,1,0,3.0,6,0
2050-11-29,4,0,1,1.91,6,0
2050-11-30,7,0,1,4.2,4,0
2050-12-01,3,3,3,4.78,10,1
2050-12-02,3,4,3,2.37,11,1
2050-12-03,13,1,1,4.74,6,0
2050-12-04,4,5,4,1.77,11,1
2050-12-05,2,1,2,1.99,6,0
2050-12-06,2,5,5,3.78,8,1
2050-12-07,4,3,4,3.78,9,1
2050-12-08,6,1,0,2.67,2,0
2050-12-09,4,0,1,1.83,4,0
2050-12-10,3,0,0,4.28,2,0
2050-12-11,4,3,3,2.37,10,1
2050-12-12,3,0,2,2.7,6,1
2050-12-13,6,0,2,2.29,3,0
2050-12-14,2,4,3,3.34,8,1
2050-12-15,4,2,1,2.24,3,0
2050-12-16,2,2,1,4.08,3,0
2050-12-17,3,2,2,2.38,6,0
2050-12-18,3,1,0,3.3,6,0
2050-12-19,5,1,1,4.11,4,0
2050-12-20,3,3,4,4.27,10,1
2050-12-21,4,1,1,2.71,3,0
2050-12-22,3,0,1,3.32,2,0
2050-12-23,2,4,3,1.55,11,1
2050-12-24,3,4,3,1.89,8,1
2050-12-25,3,2,0,4.8,3,0
2050-12-26,4,1,1,5.0,4,0
2050-12-27,3,2,0,4.78,5,0
2050-12-28,8,4,5,1.62,8,1
2050-12-29,3,3,5,2.58,8,1
2050-12-30,3,3,4,1.73,8,1
2050-12-31,6,1,1,3.56,5,0
2051-01-01,2,1,0,2.11,2,0
2051-01-02,4,2,2,2.32,2,0
2051-01-03,3,1,0,3.03,3,0
2051-01-04,4,0,2,4.51,6,0
2051-01-05,2,5,3,4.15,11,1
2051-01-06,4,2,0,2.92,6,0
2051-01-07,5,3,5,3.58,10,1
2051-01-08,4,1,0,3.63,4,0
2051-01-09,2,2,2,2.95,4,0
2051-01-10,5,3,4,4.44,9,1
2051-01-11,5,4,4,3.17,9,1
2051-01-12,3,4,4,3.19,10,1
2051-01-13,2,0,0,2.05,5,0
2051-01-14,5,3,3,2.63,8,1
2051-01-15,1,0,0,1.72,6,0
2051-01-16,6,0,0,2.59,3,0
2051-01-17,5,3,3,4.96,8,1
2051-01-18,2,1,0,4.08,6,1
2051-01-19,2,1,0,4.36,6,0
2051-01-20,5,0,0,1.85,4,0
2051-01-21,6,3,4,3.7,9,1
2051-01-22,5,1,1,2.61,2,0
2051-01-23,5,5,5,4.08,11,1
2051-01-24,5,2,0,3.54,5,1
2051-01-25,4,2,0,4.9,3,0
2051-01-26,1,4,3,1.99,11,1
2051-01-27,0,1,0,3.41,4,0
2051-01-28,3,1,0,4.43,2,1
2051-01-29,4,2,1,1.59,3,0
2051-01-30,2,1,2,2.65,3,0
2051-01-31,8,5,4,3.74,8,1
2051-02-01,5,0,0,3.17,6,0
2051-02-02,4,2,0,2.18,5,0
2051-02-03,6,0,2,3.5,4,0
2051-02-04,4,2,0,3.45,4,0
2051-02-05,9,3,3,2.69,10,1
2051-02-06,3,0,0,2.45,4,0
2051-02-07,4,1,2,1.66,4,0
2051-02-08,9,1,1,3.04,5,0
2051-02-09,3,5,4,3.05,9,1
2051-02-10,1,1,1,2.5,5,0
2051-02-11,4,4,4,2.08,11,1
2051-02-12,5,1,2,4.9,2,0
2051-02-13,8,1,0,3.64,3,0
2051-02-14,4,2,2,4.91,6,1
2051-02-15,3,2,1,4.58,4,0
2051-02-16,3,2,2,4.92,3,0
2051-02-17,3,1,2,4.44,5,0
2051-02-18,5,0,1,3.4,2,0
2051-02-19,5,2,0,2.38,2,0
2051-02-20,7,5,4,4.12,9,1
2051-02-21,6,0,1,2.92,4,0
2051-02-22,2,3,4,4.98,9,1
2051-02-23,1,5,5,2.65,10,1
2051-02-24,6,2,0,4.97,3,0
2051-02-25,5,1,1,4.97,4,0
2051-02-26,2,0,0,4.82,3,0
2051-02-27,4,1,1,4.74,3,0
2051-02-28,4,5,5,2.61,8,1
2051-03-01,4,1,1,2.01,5,0
2051-03-02,6,0,1,3.52,5,0
2051-03-03,3,4,5,1.93,10,1
2051-03-04,0,0,2,4.28,6,0
2051-03-05,5,3,5,1.8,9,1
2051-03-06,2,2,1,4.7,4,0
2051-03-07,1,1,2,4.21,2,0
2051-03-08,4,0,2,2.31,4,0
2051-03-09,4,3,5,1.73,9,1
2051-03-10,8,3,4,4.83,11,1
2051-03-11,5,5,4,1.69,8,1
2051-03-12,5,2,0,3.78,4,0
2051-03-13,5,0,0,4.05,4,0
2051-03-14,7,5,4,4.0,9,1
2051-03-15,4,1,0,4.96,4,0
2051-03-16,2,0,2,1.85,5,0
2051-03-17,3,2,2,4.35,4,0
2051-03-18,5,1,1,1.76,3,0
2051-03-19,5,5,4,3.45,11,1
2051-03-20,5,1,1,2.04,5,0
2051-03-21,4,0,0,4.89,4,0
2051-03-22,2,3,3,3.43,8,1
2051-03-23,3,3,4,2.45,10,1
2051-03-24,2,5,5,2.32,8,1
2051-03-25,4,2,1,3.51,2,0
2051-03-26,5,5,5,2.95,11,1
2051-03-27,4,1,2,1.94,4,0
2051-03-28,3,0,0,2.71,6,0
2051-03-29,3,2,0,3.25,6,0
2051-03-30,5,3,5,3.73,8,1
2051-03-31,3,4,5,2.09,9,1
2051-04-01,3,0,1,4.14,6,0
2051-04-02,7,1,0,1.56,4,0
2051-04-03,4,2,1,3.45,2,0
2051-04-04,4,4,5,1.53,11,1
2051-04-05,4,2,1,3.72,2,0
2051-04-06,3,1,1,4.36,2,0
2051-04-07,5,2,0,4.53,4,0
2051-04-08,8,0,1,4.98,3,0
2051-04-09,4,1,1,3.51,6,0
2051-04-10,5,3,4,2.7,9,1
2051-04-11,1,2,0,4.34,4,0
2051-04-12,2,2,1,3.33,5,1
2051-04-13,5,0,2,1.88,3,0
2051-04-14,7,3,5,3.87,8,1
2051-04-15,2,0,1,3.33,6,0
2051-04-16,1,2,1,4.47,5,0
2051-04-17,4,1,1,4.56,3,0
2051-04-18,11,2,2,1.83,5,0
2051-04-19,3,1,2,4.51,3,0
2051-04-20,9,2,0,3.9,4,0
2051-04-21,7,0,1,3.96,5,0
2051-04-22,6,3,4,3.22,8,1
2051-04-23,3,0,2,4.43,6,0
2051-04-24,8,0,1,2.9,6,0
2051-04-25,2,2,1,4.44,3,0
2051-04-26,1,4,5,1.55,11,1
2051-04-27,5,1,1,3.31,6,0
2051-04-28,4,2,1,3.41,5,0
2051-04-29,3,1,1,2.77,5,1
2051-04-30,4,3,3,2.16,11,1
2051-05-01,3,2,1,3.44,5,0
2051-05-02,2,0,0,3.37,6,0
2051-05-03,2,0,0,3.42,3,0
2051-05-04,3,2,1,3.67,6,1
2051-05-05,4,3,3,4.97,9,1
2051-05-06,4,0,0,4.8,4,0
2051-05-07,0,1,1,3.32,2,0
2051-05-08,2,4,5,3.25,8,1
2051-05-09,8,5,5,4.44,11,1
2051-05-10,5,1,1,4.13,4,0
2051-05-11,2,1,2,4.81,6,0
2051-05-12,5,0,0,4.72,6,0
2051-05-13,2,3,5,4.17,10,1
2051-05-14,6,5,4,2.5,9,1
2051-05-15,3,1,2,3.29,5,0
2051-05-16,1,1,1,4.68,2,0
2051-05-17,4,3,5,2.8,10,1
2051-05-18,2,4,3,3.31,9,1
2051-05-19,3,5,4,1.94,11,1
2051-05-20,7,1,1,3.2,2,1
2051-05-21,4,2,0,3.22,4,0
2051-05-22,2,0,1,3.36,5,0
2051-05-23,6,0,0,1.64,4,0
2051-05-24,8,0,2,4.22,4,0
2051-05-25,5,0,2,2.72,6,0
2051-05-26,4,4,3,3.53,10,1
2051-05-27,3,2,0,3.18,4,0
2051-05-28,9,1,2,2.21,3,0
2051-05-29,8,4,3,4.11,9,1
2051-05-30,4,4,3,4.56,10,1
2051-05-31,7,4,4,1.89,8,1
2051-06-01,6,1,1,3.03,6,0
2051-06-02,5,3,5,2.3,10,1
2051-06-03,9,5,4,4.11,9,1
2051-06-04,4,5,3,2.34,8,1
2051-06-05,2,0,2,2.31,2,0
2051-06-06,6,5,5,2.63,11,1
2051-06-07,2,1,1,2.33,4,0
2051-06-08,5,2,0,3.06,5,0
2051-06-09,5,2,1,4.37,4,0
2051-06-10,5,0,0,2.96,3,0
2051-06-11,1,1,2,3.5,6,0
2051-06-12,0,3,4,3.52,10,1
2051-06-13,0,1,1,4.74,2,0
2051-06-14,6,4,5,2.23,8,1
2051-06-15,3,0,1,2.99,2,0
2051-06-16,6,5,4,3.35,8,1
2051-06-17,2,3,4,2.96,11,1
2051-06-18,5,5,3,3.63,11,1
2051-06-19,4,5,4,3.14,8,1
2051-06-20,4,3,4,5.0,10,1
2051-06-21,4,0,1,3.86,4,0
2051-06-22,4,4,4,1.63,11,1
2051-06-23,6,0,2,2.72,3,0
2051-06-24,4,0,1,2.3,2,0
2051-06-25,3,5,3,4.45,8,1
2051-06-26,6,1,1,3.88,4,0
2051-06-27,5,2,0,4.5,2,0
2051-06-28,7,3,4,2.03,8,1
2051-06-29,3,1,2,2.73,4,0
2051-06-30,8,0,2,3.81,4,0
2051-07-01,3,3,5,4.17,9,1
2051-07-02,4,0,2,3.85,2,0
2051-07-03,5,3,4,3.14,9,1
2051-07-04,1,5,4,2.78,11,1
2051-07-05,8,1,2,3.02,2,0
2051-07-06,10,1,2,1.78,4,0
2051-07-07,6,4,5,1.72,10,1
2051-07-08,5,1,1,2.97,4,0
2051-07-09,2,2,0,2.1,3,0
2051-07-10,5,1,1,2.19,6,0
2051-07-11,2,0,0,2.09,4,0
2051-07-12,4,0,2,1.89,4,0
2051-07-13,3,2,2,2.35,3,0
2051-07-14,4,3,5,3.08,8,1
2051-07-15,4,2,0,3.22,5,0
2051-07-16,4,2,0,3.24,4,0
2051-07-17,5,2,2,3.42,3,0
2051-07-18,2,2,2,4.76,3,0
2051-07-19,3,0,1,2.29,2,0
2051-07-20,6,3,5,2.13,8,1
2051-07-21,10,0,1,2.4,3,0
2051-07-22,7,1,0,1.92,6,0
2051-07-23,4,2,0,4.65,5,0
2051-07-24,2,1,2,2.41,4,0
2051-07-25,3,5,4,3.33,9,1
2051-07-26,2,3,3,1.83,10,1
2051-07-27,4,1,0,3.35,5,1
2051-07-28,2,3,4,4.67,10,1
2051-07-29,2,1,1,3.55,3,0
2051-07-30,2,5,5,1.58,9,1
2051-07-31,5,5,4,2.98,9,1
2051-08-01,4,1,2,4.72,4,0
2051-08-02,7,0,2,2.98,4,0
2051-08-03,7,0,0,2.54,2,1
2051-08-04,4,0,2,4.01,2,0
2051-08-05,1,0,2,2.01,6,0
2051-08-06,5,2,1,2.45,4,0
2051-08-07,3,1,2,3.61,4,0
2051-08-08,4,1,1,4.12,3,0
2051-08-09,3,1,2,4.08,4,0
2051-08-10,0,2,2,3.08,4,0
2051-08-11,1,1,0,2.83,3,0
2051-08-12,5,4,3,2.05,11,1
2051-08-13,3,1,2,4.56,4,0
2051-08-14,4,4,4,1.75,11,1
2051-08-15,5,2,0,2.74,5,0
2051-08-16,1,2,2,1.56,3,0
2051-08-17,4,4,5,4.49,9,1
2051-08-18,5,0,2,2.38,2,0
2051-08-19,4,2,0,3.46,3,1
2051-08-20,2,3,5,3.93,11,1
2051-08-21,5,2,0,3.9,4,0
2051-08-22,6,2,2,1.7,5,0
2051-08-23,5,3,5,3.5,11,1
2051-08-24,5,2,0,3.83,5,0
2051-08-25,2,1,2,2.25,3,0
2051-08-26,5,1,0,3.39,3,0
2051-08-27,2,2,0,2.76,5,0
2051-08-28,3,0,1,4.62,6,0
2051-08-29,4,1,0,2.48,2,0
2051-08-30,4,0,2,3.26,3,0
2051-08-31,3,2,1,1.89,2,0
2051-09-01,6,0,2,2.39,2,0
2051-09-02,2,4,5,4.56,11,1
2051-09-03,2,5,4,2.8,11,1
2051-09-04,3,3,5,3.27,9,1
2051-09-05,2,3,3,3.39,11,1
2051-09-06,4,1,2,2.03,5,0
2051-09-07,5,2,1,3.11,5,0
2051-09-08,4,3,5,3.4,10,1
2051-09-09,4,1,2,4.43,5,0
2051-09-10,3,0,2,2.12,2,0
2051-09-11,5,4,3,4.83,8,1
2051-09-12,6,0,1,1.72,2,0
2051-09-13,2,3,3,2.72,10,1
2051-09-14,8,1,0,3.92,3,0
2051-09-15,1,0,1,4.1,3,0
2051-09-16,4,0,2,1.89,3,0
2051-09-17,5,0,1,3.63,2,0
2051-09-18,4,4,4,3.61,9,1
2051-09-19,3,1,2,2.96,4,0
2051-09-20,3,5,3,1.58,11,1
2051-09-21,6,5,3,2.58,8,1
2051-09-22,2,4,4,1.92,8,1
2051-09-23,3,1,1,1.82,4,0
2051-09-24,5,4,5,1.89,8,1
2051-09-25,2,1,0,3.34,4,0
2051-09-26,8,3,4,4.82,8,1
2051-09-27,6,3,5,4.14,8,1
2051-09-28,4,0,0,2.36,3,0
2051-09-29,4,0,2,2.77,5,0
2051-09-30,1,5,3,3.62,11,1
2051-10-01,8,0,2,2.85,2,0
2051-10-02,4,5,3,3.07,10,1
2051-10-03,3,3,5,3.62,11,1
2051-10-04,4,1,2,2.63,3,0
2051-10-05,3,0,2,3.17,6,0
2051-10-06,6,2,0,2.41,5,0
2051-10-07,4,2,1,2.39,5,0
2051-10-08,4,0,2,4.03,2,0
2051-10-09,1,0,0,3.34,6,0
2051-10-10,5,3,5,4.1,9,1
2051-10-11,4,0,0,3.36,5,0
2051-10-12,5,3,3,2.65,8,1
2051-10-13,1,2,0,3.98,5,0
2051-10-14,1,1,0,2.43,2,0
2051-10-15,3,5,5,3.6,10,1
2051-10-16,7,0,2,1.71,4,0
2051-10-17,2,1,2,2.93,2,0
2051-10-18,5,1,2,2.99,2,0
2051-10-19,2,1,2,2.06,3,0
2051-10-20,4,1,2,2.39,5,0
2051-10-21,5,3,5,4.81,10,1
2051-10-22,5,2,0,3.68,6,1
2051-10-23,4,1,2,1.52,6,0
2051-10-24,6,0,1,3.47,2,0
2051-10-25,5,2,0,3.64,5,0
2051-10-26,3,1,1,3.86,3,0
2051-10-27,6,2,0,4.06,5,1
2051-10-28,3,0,2,4.77,5,0
2051-10-29,6,1,0,3.12,6,0
2051-10-30,6,5,3,1.64,9,1
2051-10-31,2,1,0,3.42,2,0
2051-11-01,3,4,5,2.25,8,1
2051-11-02,3,1,0,4.43,4,0
2051-11-03,3,2,0,1.57,2,1
2051-11-04,3,1,0,3.88,2,0
2051-11-05,2,5,4,2.42,8,1
2051-11-06,4,1,1,1.75,4,0
2051-11-07,6,0,0,3.39,5,0
2051-11-08,5,4,4,4.33,11,1
2051-11-09,3,1,2,2.04,3,0
2051-11-10,7,2,2,4.38,5,1
2051-11-11,1,4,4,1.62,8,1
2051-11-12,4,1,2,2.53,5,0
2051-11-13,2,0,0,3.17,3,0
2051-11-14,6,2,0,3.71,6,1
2051-11-15,4,2,1,3.7,4,0
2051-11-16,3,4,5,3.67,10,1
2051-11-17,6,3,5,4.49,8,1
2051-11-18,4,2,1,4.36,6,0
2051-11-19,2,1,0,3.68,4,0
2051-11-20,3,0,2,2.52,5,0
2051-11-21,4,3,4,2.0,8,1
2051-11-22,4,2,0,2.12,2,0
2051-11-23,3,0,2,3.47,2,0
2051-11-24,7,0,1,4.83,5,1
2051-11-25,3,5,3,4.33,9,1
2051-11-26,1,2,1,3.51,6,0
2051-11-27,5,0,2,1.51,2,1
2051-11-28,2,2,0,2.34,2,0
2051-11-29,3,1,1,4.73,5,0
2051-11-30,5,3,3,3.78,9,1
2051-12-01,6,4,3,1.97,11,1
2051-12-02,2,5,5,1.53,10,1
2051-12-03,5,0,2,4.32,5,0
2051-12-04,7,0,2,3.49,2,0
2051-12-05,6,4,4,1.53,10,1
2051-12-06,1,2,1,3.02,3,0
2051-12-07,6,5,5,4.11,8,1
2051-12-08,4,1,1,4.53,2,0
2051-12-09,3,0,2,3.49,4,0
2051-12-10,3,3,4,2.98,11,1
2051-12-11,2,3,5,1.78,8,1
2051-12-12,4,2,1,2.9,4,0
2051-12-13,2,3,5,2.46,10,1
2051-12-14,2,2,1,4.68,2,0
2051-12-15,1,2,0,3.29,4,0
2051-12-16,3,5,4,3.65,9,1
2051-12-17,5,0,2,2.16,3,0
2051-12-18,4,4,3,1.56,10,1
2051-12-19,3,2,0,4.23,3,0
2051-12-20,2,2,0,2.77,5,0
2051-12-21,4,2,2,4.52,6,0
2051-12-22,3,2,0,1.71,3,0
2051-12-23,7,1,0,3.96,6,0
2051-12-24,4,4,3,4.05,8,1
2051-12-25,1,0,0,3.58,6,0
2051-12-26,3,0,1,2.8,3,0
2051-12-27,5,2,2,3.7,5,0
2051-12-28,1,5,4,2.5,9,1
2051-12-29,6,0,1,1.64,4,0
2051-12-30,0,1,2,4.75,2,0
2051-12-31,4,1,0,4.67,6,1
2052-01-01,2,4,4,2.05,9,1
2052-01-02,2,3,3,2.62,10,1
2052-01-03,8,1,2,3.67,2,0
2052-01-04,3,5,5,4.37,11,1
2052-01-05,3,1,1,4.18,2,0
2052-01-06,3,4,5,3.6,10,1
2052-01-07,4,4,5,4.22,10,1
2052-01-08,3,1,2,3.73,4,1
2052-01-09,2,2,0,3.53,6,0
2052-01-10,4,1,1,2.19,4,0
2052-01-11,4,3,5,4.13,8,1
2052-01-12,3,0,2,3.82,3,0
2052-01-13,4,2,0,3.79,6,0
2052-01-14,5,2,1,3.82,2,0
2052-01-15,4,2,2,4.97,5,0
2052-01-16,4,5,4,2.04,10,1
2052-01-17,2,0,1,1.57,3,0
2052-01-18,1,2,0,2.15,6,1
2052-01-19,6,4,4,3.3,9,1
2052-01-20,2,0,2,1.59,3,0
2052-01-21,4,4,4,3.31,9,1
2052-01-22,4,0,1,3.42,4,1
2052-01-23,3,0,0,1.78,4,0
2052-01-24,2,0,2,2.91,5,0
2052-01-25,4,2,1,4.97,4,1
2052-01-26,2,4,3,4.83,9,1
2052-01-27,3,1,0,3.94,3,0
2052-01-28,2,3,5,4.98,10,1
2052-01-29,5,2,1,3.44,2,0
2052-01-30,6,2,2,3.33,2,0
2052-01-31,7,1,2,2.16,3,0
2052-02-01,10,1,0,4.41,5,0
2052-02-02,5,0,2,4.53,3,0
2052-02-03,5,0,1,3.6,5,0
2052-02-04,5,2,1,4.4,4,0
2052-02-05,4,1,0,3.62,6,0
2052-02-06,3,3,3,4.12,9,1
2052-02-07,5,2,0,2.13,5,1
2052-02-08,4,0,1,4.17,2,0
2052-02-09,3,0,2,4.62,3,0
2052-02-10,5,4,4,4.52,11,1
2052-02-11,6,2,2,4.72,2,0
2052-02-12,3,4,4,2.04,8,1
2052-02-13,2,0,1,3.8,4,0
2052-02-14,7,0,2,2.32,6,0
2052-02-15,8,2,1,1.99,3,0
2052-02-16,3,2,0,3.87,5,0
2052-02-17,5,0,1,4.95,3,0
2052-02-18,8,2,2,1.82,2,1
2052-02-19,5,3,4,2.48,11,1
2052-02-20,5,4,4,4.74,10,1
2052-02-21,2,0,2,2.51,6,0
2052-02-22,3,2,0,3.14,3,0
2052-02-23,4,0,1,2.78,5,0
2052-02-24,7,5,5,2.53,11,1
2052-02-25,4,5,4,2.63,10,1
2052-02-26,2,4,4,1.5,10,1
2052-02-27,6,0,1,2.56,5,0
2052-02-28,3,4,5,4.02,11,1
2052-02-29,5,0,1,4.11,2,0
2052-03-01,5,1,2,4.93,3,0
2052-03-02,6,1,2,2.75,2,0
2052-03-03,3,2,0,2.44,5,0
2052-03-04,5,0,2,4.88,5,0
2052-03-05,6,0,0,3.9,2,0
2052-03-06,5,2,1,4.31,3,0
2052-03-07,2,3,3,3.49,9,1
2052-03-08,2,1,1,4.13,5,1
2052-03-09,2,0,0,4.05,4,0
2052-03-10,1,0,1,4.96,5,0
2052-03-11,5,0,0,2.29,5,1
2052-03-12,1,0,1,2.56,5,0
2052-03-13,6,0,1,2.65,3,0
2052-03-14,5,4,4,2.72,8,1
2052-03-15,3,1,2,2.76,6,0
2052-03-16,2,1,2,3.33,4,0
2052-03-17,2,0,2,4.62,6,0
2052-03-18,3,2,1,2.06,4,0
2052-03-19,3,2,0,2.83,6,1
2052-03-20,2,1,0,2.98,3,0
2052-03-21,3,3,4,4.36,10,1
2052-03-22,3,3,5,1.74,11,1
2052-03-23,5,0,1,2.1,4,0
2052-03-24,5,1,0,4.85,5,0
2052-03-25,7,0,0,2.59,2,0
2052-03-26,6,0,0,1.62,3,0
2052-03-27,4,3,4,3.61,10,1
2052-03-28,6,0,2,2.87,4,0
2052-03-29,4,1,0,1.76,2,0
2052-03-30,2,2,1,3.81,2,0
2052-03-31,1,5,5,2.59,10,1
2052-04-01,3,2,1,3.09,3,0
2052-04-02,3,0,1,3.32,3,0
2052-04-03,5,2,1,2.56,3,0
2052-04-04,4,0,0,1.81,2,0
2052-04-05,2,1,1,3.38,5,0
2052-04-06,3,2,0,1.98,4,0
2052-04-07,3,1,2,3.86,2,0
2052-04-08,3,2,2,2.16,6,0
2052-04-09,6,3,5,4.57,8,1
2052-04-10,1,5,3,2.74,11,1
2052-04-11,5,2,2,3.61,6,1
2052-04-12,2,4,4,3.37,9,1
2052-04-13,3,1,0,3.5,6,0
2052-04-14,8,3,5,3.18,11,1
2052-04-15,3,1,0,1.79,5,0
2052-04-16,4,0,2,1.51,3,0
2052-04-17,4,5,5,4.55,11,1
2052-04-18,5,1,0,4.24,6,0
2052-04-19,2,3,3,4.9,10,1
2052-04-20,4,0,0,1.53,3,0
2052-04-21,5,1,1,2.66,2,1
2052-04-22,2,1,2,2.01,5,0
2052-04-23,3,4,5,4.77,10,1
2052-04-24,5,1,2,1.75,4,0
2052-04-25,8,2,2,4.96,6,0
2052-04-26,4,4,4,3.35,9,1
2052-04-27,3,2,0,4.11,5,0
2052-04-28,6,4,5,2.77,10,1
2052-04-29,0,0,2,3.07,4,0
2052-04-30,7,5,5,2.62,9,1
2052-05-01,5,3,4,3.54,9,1
2052-05-02,5,1,2,4.94,3,1
2052-05-03,5,0,2,3.27,4,0
2052-05-04,2,2,1,1.68,5,0
2052-05-05,1,0,1,3.1,6,0
2052-05-06,0,0,2,3.56,6,0
2052-05-07,8,4,4,2.6,10,1
2052-05-08,3,5,4,3.44,9,1
2052-05-09,4,0,1,4.74,6,0
2052-05-10,2,4,5,2.08,9,1
2052-05-11,7,1,2,3.85,3,1
2052-05-12,0,3,5,4.42,11,1
2052-05-13,2,5,3,1.52,9,1
2052-05-14,6,0,0,3.25,5,0
2052-05-15,4,3,4,2.72,10,1
2052-05-16,4,4,5,1.74,10,1
2052-05-17,3,1,1,2.49,2,0
2052-05-18,4,4,5,4.48,9,1
2052-05-19,3,2,2,1.88,2,0
2052-05-20,4,1,0,1.68,6,0
2052-05-21,2,4,3,2.65,10,1
2052-05-22,4,2,0,3.3,3,0
2052-05-23,4,2,1,2.36,5,0
2052-05-24,2,1,1,3.69,3,0
2052-05-25,5,0,2,2.16,2,0
2052-05-26,3,2,0,3.46,5,0
2052-05-27,1,4,5,1.69,8,1
2052-05-28,4,1,0,2.42,6,0
2052-05-29,3,0,2,1.71,4,0
2052-05-30,4,2,0,2.41,6,0
2052-05-31,1,4,5,3.73,8,1
2052-06-01,4,0,0,4.2,4,0
2052-06-02,7,1,2,1.87,2,0
2052-06-03,6,1,1,2.01,4,1
2052-06-04,6,1,2,3.77,3,0
2052-06-05,3,4,4,4.87,8,1
2052-06-06,5,0,0,3.99,6,0
2052-06-07,6,1,2,3.15,4,1
2052-06-08,6,0,0,3.16,2,0
2052-06-09,4,5,5,3.65,11,1
2052-06-10,5,4,3,3.47,11,1
2052-06-11,3,2,1,2.06,3,0
2052-06-12,5,1,0,4.17,5,0
2052-06-13,5,4,3,3.65,11,1
2052-06-14,4,1,2,2.51,3,0
2052-06-15,5,1,2,4.38,6,1
2052-06-16,8,1,0,4.02,2,0
2052-06-17,4,3,4,4.12,10,1
2052-06-18,5,0,2,2.23,4,0
2052-06-19,4,0,2,4.57,3,1
2052-06-20,3,3,5,2.97,11,1
2052-06-21,3,4,5,4.04,10,1
2052-06-22,4,1,0,4.63,6,0
2052-06-23,8,1,0,3.97,6,0
2052-06-24,1,0,1,4.54,3,0
2052-06-25,6,2,1,2.17,3,0
2052-06-26,2,0,0,2.78,5,0
2052-06-27,2,3,4,4.4,10,1
2052-06-28,2,1,2,3.32,4,0
2052-06-29,6,1,0,4.48,2,0
2052-06-30,2,2,2,3.4,6,0
2052-07-01,8,0,1,1.56,4,0
2052-07-02,3,1,1,2.68,2,0
2052-07-03,3,1,1,4.51,2,0
2052-07-04,4,3,4,3.97,10,1
2052-07-05,5,3,4,3.97,10,1
2052-07-06,5,5,5,2.6,8,1
2052-07-07,3,0,0,2.4,3,0
2052-07-08,8,0,2,4.9,3,0
2052-07-09,3,0,1,4.5,5,0
2052-07-10,2,2,0,1.88,4,0
2052-07-11,6,1,1,2.17,3,0
2052-07-12,3,2,1,3.34,6,0
2052-07-13,3,2,2,2.84,4,0
2052-07-14,3,1,0,3.41,5,0
2052-07-15,3,1,2,4.46,6,0
2052-07-16,4,4,4,3.88,10,1
2052-07-17,7,0,0,3.83,5,0
2052-07-18,6,2,0,3.25,2,0
2052-07-19,7,3,4,1.84,9,1
2052-07-20,5,0,2,2.88,6,0
2052-07-21,4,4,5,3.28,8,1
2052-07-22,2,1,1,1.73,3,0
2052-07-23,7,1,2,3.55,3,0
2052-07-24,4,5,5,3.53,9,1
2052-07-25,0,1,1,3.83,6,0
2052-07-26,7,3,3,3.07,11,1
2052-07-27,1,1,0,3.39,2,1
2052-07-28,1,1,2,1.51,5,0
2052-07-29,6,3,3,4.79,9,1
2052-07-30,7,0,2,3.74,6,0
2052-07-31,6,0,1,2.93,6,0
2052-08-01,4,2,2,2.07,5,1
2052-08-02,7,1,2,1.92,6,0
2052-08-03,2,5,5,1.85,10,1
2052-08-04,5,0,1,4.91,3,0
2052-08-05,4,0,2,4.43,6,0
2052-08-06,12,1,2,3.1,5,0
2052-08-07,5,0,1,4.14,6,0
2052-08-08,2,1,2,1.98,3,0
2052-08-09,2,0,0,2.22,3,0
2052-08-10,3,0,1,4.27,6,1
2052-08-11,4,4,4,3.53,9,1
2052-08-12,7,3,3,3.08,10,1
2052-08-13,5,3,3,2.39,9,1
2052-08-14,4,2,2,4.75,3,0
2052-08-15,2,0,0,3.22,3,0
2052-08-16,5,2,1,1.69,5,0
2052-08-17,5,1,1,4.35,5,0
2052-08-18,3,2,0,1.55,6,0
2052-08-19,2,4,3,4.52,11,1
2052-08-20,2,2,1,2.17,3,0
2052-08-21,2,1,0,4.6,6,0
2052-08-22,4,2,1,4.7,4,0
2052-08-23,3,1,1,4.29,2,0
2052-08-24,3,0,2,2.26,3,0
2052-08-25,4,3,3,3.03,9,1
2052-08-26,9,4,5,3.79,9,1
2052-08-27,4,1,2,3.6,5,0
2052-08-28,2,0,2,4.76,2,0
2052-08-29,4,2,0,1.59,4,0
2052-08-30,3,0,2,4.82,4,0
2052-08-31,4,0,2,3.33,3,0
2052-09-01,3,2,0,4.47,6,0
2052-09-02,5,1,1,3.74,3,0
2052-09-03,1,0,2,2.63,5,0
2052-09-04,5,0,1,4.88,6,0
2052-09-05,6,2,1,3.6,6,0
2052-09-06,4,5,3,2.15,10,1
2052-09-07,7,3,5,3.72,8,1
2052-09-08,5,1,2,1.98,3,0
2052-09-09,6,4,5,4.77,11,1
2052-09-10,2,1,2,3.75,6,0
2052-09-11,2,0,1,1.57,4,0
2052-09-12,4,2,2,4.73,3,0
2052-09-13,3,2,2,4.59,4,0
2052-09-14,4,2,1,3.91,3,0
2052-09-15,1,2,2,2.07,6,0
